{
  "type": "FeatureCollection",
  "features": [
    {
      "type": "Feature",
      "geometry": {
        "type": "Polygon",
        "coordinates": [
          [
            [
              24.6608443,
              59.397505
            ],
            [
              24.6608372,
              59.3966819
            ],
            [
              24.6611692,
              59.3966811
            ],
            [
              24.6611704,
              59.3968169
            ],
            [
              24.6611706,
              59.396841
            ],
            [
              24.6611748,
              59.3973204
            ],
            [
              24.6611761,
              59.3974669
            ],
            [
              24.6611764,
              59.3975042
            ],
            [
              24.6608443,
              59.397505
            ]
          ]
        ]
      },
      "properties": {
        "addr:city": "Tallinn",
        "addr:country": "EE",
        "addr:housenumber": "15b",
        "addr:postcode": "12618",
        "addr:street": "Akadeemia tee",
        "building": "commercial",
        "height": "25",
        "maaamet:ETAK": "6096567",
        "name": "Microsoft Office",
        "office": "it",
        "source:addr": "Maa- ja Ruumiamet 2025",
        "website": "https://www.microsoft.com/et-ee/contact.aspx"
      }
    },
    {
      "type": "Feature",
      "geometry": {
        "type": "Polygon",
        "coordinates": [
          [
            [
              24.659527,
              59.3967305
            ],
            [
              24.6595264,
              59.3967654
            ],
            [
              24.659522,
              59.3970392
            ],
            [
              24.6595218,
              59.3970532
            ],
            [
              24.6597436,
              59.3970542
            ],
            [
              24.6597488,
              59.3967315
            ],
            [
              24.659527,
              59.3967305
            ]
          ]
        ]
      },
      "properties": {
        "addr:city": "Tallinn",
        "addr:country": "EE",
        "addr:housenumber": "3/2",
        "addr:postcode": "12618",
        "addr:street": "Teaduspargi",
        "building": "commercial",
        "building:colour": "white",
        "building:levels": "1",
        "building:material": "brick",
        "height": "5",
        "maaamet:ETAK": "596489",
        "roof:levels": "0",
        "roof:shape": "flat",
        "source:addr": "Maa- ja Ruumiamet 2025"
      }
    },
    {
      "type": "Feature",
      "geometry": {
        "type": "Polygon",
        "coordinates": [
          [
            [
              24.6613901,
              59.3924255
            ],
            [
              24.661424,
              59.3923684
            ],
            [
              24.6614034,
              59.3923653
            ],
            [
              24.6614183,
              59.39234
            ],
            [
              24.6614351,
              59.3923426
            ],
            [
              24.6614682,
              59.3922866
            ],
            [
              24.6612705,
              59.392256
            ],
            [
              24.6612393,
              59.3923088
            ],
            [
              24.6611902,
              59.392301
            ],
            [
              24.6611938,
              59.3922953
            ],
            [
              24.6609786,
              59.392261
            ],
            [
              24.6609639,
              59.3922851
            ],
            [
              24.660912,
              59.3922767
            ],
            [
              24.6609526,
              59.3922104
            ],
            [
              24.6609065,
              59.3922031
            ],
            [
              24.6609185,
              59.3921837
            ],
            [
              24.6608726,
              59.3921764
            ],
            [
              24.6608606,
              59.3921961
            ],
            [
              24.660816,
              59.3921891
            ],
            [
              24.6608283,
              59.3921691
            ],
            [
              24.6607757,
              59.3921607
            ],
            [
              24.6607825,
              59.3921497
            ],
            [
              24.6607443,
              59.3921436
            ],
            [
              24.6607384,
              59.3921533
            ],
            [
              24.6606863,
              59.392145
            ],
            [
              24.6606904,
              59.3921385
            ],
            [
              24.6606507,
              59.3921322
            ],
            [
              24.6606471,
              59.392138
            ],
            [
              24.6605934,
              59.3921295
            ],
            [
              24.6605247,
              59.3922419
            ],
            [
              24.6605552,
              59.3922468
            ],
            [
              24.6605584,
              59.3922749
            ],
            [
              24.6607058,
              59.3922983
            ],
            [
              24.6606906,
              59.3923227
            ],
            [
              24.6606707,
              59.3923195
            ],
            [
              24.6606351,
              59.3923765
            ],
            [
              24.6608306,
              59.3924081
            ],
            [
              24.6608646,
              59.3923535
            ],
            [
              24.6609152,
              59.3923617
            ],
            [
              24.6609115,
              59.3923678
            ],
            [
              24.6610225,
              59.3923855
            ],
            [
              24.6610334,
              59.392368
            ],
            [
              24.6610726,
              59.3923742
            ],
            [
              24.6610622,
              59.392391
            ],
            [
              24.6611298,
              59.3924018
            ],
            [
              24.6611452,
              59.3923769
            ],
            [
              24.6611943,
              59.3923848
            ],
            [
              24.6611885,
              59.3923944
            ],
            [
              24.6613901,
              59.3924255
            ]
          ]
        ]
      },
      "properties": {
        "addr:city": "Tallinn",
        "addr:country": "EE",
        "addr:housenumber": "6",
        "addr:postcode": "12616",
        "addr:street": "Trummi",
        "building": "yes",
        "height": "18",
        "maaamet:ETAK": "570964",
        "source": "Maaamet ADS 12.2010",
        "source:addr": "Maa- ja Ruumiamet 2025"
      }
    },
    {
      "type": "Feature",
      "geometry": {
        "type": "Polygon",
        "coordinates": [
          [
            [
              24.6591387,
              59.3927438
            ],
            [
              24.6590609,
              59.3928077
            ],
            [
              24.6590754,
              59.3928122
            ],
            [
              24.6590577,
              59.3928268
            ],
            [
              24.6591278,
              59.3928489
            ],
            [
              24.6591453,
              59.3928345
            ],
            [
              24.6591731,
              59.3928433
            ],
            [
              24.6590983,
              59.3929044
            ],
            [
              24.659247,
              59.3929515
            ],
            [
              24.6594069,
              59.3928203
            ],
            [
              24.6593244,
              59.3927942
            ],
            [
              24.6593168,
              59.3928004
            ],
            [
              24.6591387,
              59.3927438
            ]
          ]
        ]
      },
      "properties": {
        "addr:city": "Tallinn",
        "addr:country": "EE",
        "addr:housenumber": "16",
        "addr:postcode": "12616",
        "addr:street": "Lossi",
        "building": "yes",
        "height": "6",
        "maaamet:ETAK": "585952",
        "source:addr": "Maa- ja Ruumiamet 2025"
      }
    },
    {
      "type": "Feature",
      "geometry": {
        "type": "Polygon",
        "coordinates": [
          [
            [
              24.6678616,
              59.3964508
            ],
            [
              24.6678744,
              59.3964524
            ],
            [
              24.6679365,
              59.3964599
            ],
            [
              24.6680081,
              59.3964685
            ],
            [
              24.6680314,
              59.3964184
            ],
            [
              24.6678849,
              59.3964008
            ],
            [
              24.6678616,
              59.3964508
            ]
          ]
        ]
      },
      "properties": {
        "addr:city": "Tallinn",
        "addr:country": "EE",
        "addr:housenumber": "7e",
        "addr:postcode": "12611",
        "addr:street": "Akadeemia tee",
        "building": "service",
        "building:levels": "1",
        "building:material": "brick",
        "height": "4",
        "maaamet:ETAK": "591727",
        "power": "substation",
        "ref": "568",
        "roof:levels": "1",
        "roof:shape": "flat",
        "source:addr": "Maa- ja Ruumiamet 2025",
        "substation": "minor_distribution"
      }
    },
    {
      "type": "Feature",
      "geometry": {
        "type": "Polygon",
        "coordinates": [
          [
            [
              24.6634663,
              59.3917969
            ],
            [
              24.663373,
              59.3917816
            ],
            [
              24.6633598,
              59.3918009
            ],
            [
              24.6631332,
              59.3917577
            ],
            [
              24.6632002,
              59.3916624
            ],
            [
              24.6633733,
              59.3916924
            ],
            [
              24.6633835,
              59.3916795
            ],
            [
              24.6634516,
              59.3916918
            ],
            [
              24.6634339,
              59.3917148
            ],
            [
              24.6635112,
              59.3917276
            ],
            [
              24.6634965,
              59.3917516
            ],
            [
              24.6635289,
              59.3917566
            ],
            [
              24.6635127,
              59.3917811
            ],
            [
              24.6634803,
              59.3917767
            ],
            [
              24.6634663,
              59.3917969
            ]
          ]
        ]
      },
      "properties": {
        "addr:city": "Tallinn",
        "addr:country": "EE",
        "addr:housenumber": "1",
        "addr:postcode": "12616",
        "addr:street": "Trummi",
        "building": "detached",
        "building:levels": "2",
        "height": "7",
        "maaamet:ETAK": "582694",
        "roof:levels": "1",
        "roof:shape": "gabled",
        "source:addr": "Maa- ja Ruumiamet 2025"
      }
    },
    {
      "type": "Feature",
      "geometry": {
        "type": "Polygon",
        "coordinates": [
          [
            [
              24.6626668,
              59.3921903
            ],
            [
              24.662739,
              59.3920574
            ],
            [
              24.6628148,
              59.3920674
            ],
            [
              24.6627417,
              59.3922009
            ],
            [
              24.6626668,
              59.3921903
            ]
          ]
        ]
      },
      "properties": {
        "addr:city": "Tallinn",
        "addr:country": "EE",
        "addr:housenumber": "2",
        "addr:postcode": "12616",
        "addr:street": "Trummi",
        "building": "yes",
        "height": "6",
        "maaamet:ETAK": "491737",
        "source:addr": "Maa- ja Ruumiamet 2025"
      }
    },
    {
      "type": "Feature",
      "geometry": {
        "type": "Polygon",
        "coordinates": [
          [
            [
              24.6632116,
              59.3922022
            ],
            [
              24.6631643,
              59.3921953
            ],
            [
              24.6631861,
              59.39216
            ],
            [
              24.6630456,
              59.3921375
            ],
            [
              24.6630232,
              59.3921737
            ],
            [
              24.6630001,
              59.3921696
            ],
            [
              24.662987,
              59.3921905
            ],
            [
              24.6629578,
              59.3921861
            ],
            [
              24.6629157,
              59.3922556
            ],
            [
              24.6631569,
              59.3922951
            ],
            [
              24.6632116,
              59.3922022
            ]
          ]
        ]
      },
      "properties": {
        "addr:city": "Tallinn",
        "addr:country": "EE",
        "addr:housenumber": "2",
        "addr:postcode": "12616",
        "addr:street": "Trummi",
        "building": "detached",
        "building:levels": "1",
        "height": "7",
        "maaamet:ETAK": "584557",
        "roof:levels": "1",
        "roof:shape": "gabled",
        "source:addr": "Maa- ja Ruumiamet 2025"
      }
    },
    {
      "type": "Feature",
      "geometry": {
        "type": "Polygon",
        "coordinates": [
          [
            [
              24.6629567,
              59.3988886
            ],
            [
              24.6629552,
              59.399004
            ],
            [
              24.662676,
              59.399003
            ],
            [
              24.6626779,
              59.398858
            ],
            [
              24.6627844,
              59.3988584
            ],
            [
              24.6629571,
              59.398859
            ],
            [
              24.6629567,
              59.3988886
            ]
          ]
        ]
      },
      "properties": {
        "addr:city": "Tallinn",
        "addr:country": "EE",
        "addr:housenumber": "40",
        "addr:postcode": "12611",
        "addr:street": "Akadeemia tee",
        "building": "retail",
        "building:levels": "1",
        "building:material": "plaster",
        "height": "5",
        "maaamet:ETAK": "581647",
        "roof:shape": "flat",
        "source": "ADS 2011-04",
        "source:addr": "Maa- ja Ruumiamet 2025"
      }
    },
    {
      "type": "Feature",
      "geometry": {
        "type": "Polygon",
        "coordinates": [
          [
            [
              24.655611,
              59.391742
            ],
            [
              24.655733,
              59.391746
            ],
            [
              24.655714,
              59.391815
            ],
            [
              24.655605,
              59.391811
            ],
            [
              24.655611,
              59.391742
            ]
          ]
        ]
      },
      "properties": {
        "addr:city": "Tallinn",
        "addr:country": "EE",
        "addr:housenumber": "14a",
        "addr:street": "Trummi",
        "building": "yes",
        "source:addr": "Maa-amet 2012"
      }
    },
    {
      "type": "Feature",
      "geometry": {
        "type": "Polygon",
        "coordinates": [
          [
            [
              24.656438,
              59.395092
            ],
            [
              24.655694,
              59.395244
            ],
            [
              24.655655,
              59.3951906
            ],
            [
              24.65562,
              59.395198
            ],
            [
              24.655502,
              59.395042
            ],
            [
              24.6555364,
              59.3950325
            ],
            [
              24.6556419,
              59.3949387
            ],
            [
              24.655555,
              59.394916
            ],
            [
              24.655662,
              59.394817
            ],
            [
              24.6560767,
              59.3949289
            ],
            [
              24.6560995,
              59.3949075
            ],
            [
              24.6562861,
              59.3949583
            ],
            [
              24.6562658,
              59.3949801
            ],
            [
              24.6563108,
              59.3949945
            ],
            [
              24.656356,
              59.394985
            ],
            [
              24.656438,
              59.395092
            ]
          ]
        ]
      },
      "properties": {
        "addr:city": "Tallinn",
        "addr:country": "EE",
        "addr:housenumber": "2",
        "addr:postcode": "12618",
        "addr:street": "Mäepealse",
        "building": "commercial",
        "building:levels": "5",
        "height": "17",
        "maaamet:ETAK": "583741",
        "source": "ADS 2011-04",
        "source:addr": "Maa- ja Ruumiamet 2025"
      }
    },
    {
      "type": "Feature",
      "geometry": {
        "type": "Polygon",
        "coordinates": [
          [
            [
              24.671222,
              59.396335
            ],
            [
              24.6712992,
              59.3963441
            ],
            [
              24.671484,
              59.396366
            ],
            [
              24.6715319,
              59.396245
            ],
            [
              24.671558,
              59.396179
            ],
            [
              24.671672,
              59.396068
            ],
            [
              24.6716057,
              59.3960507
            ],
            [
              24.6716082,
              59.3960371
            ],
            [
              24.671461,
              59.3960147
            ],
            [
              24.671472,
              59.395977
            ],
            [
              24.6714244,
              59.3959746
            ],
            [
              24.6714094,
              59.3959733
            ],
            [
              24.6713774,
              59.3959715
            ],
            [
              24.6713925,
              59.395933
            ],
            [
              24.671205,
              59.395916
            ],
            [
              24.671175,
              59.395988
            ],
            [
              24.671047,
              59.395973
            ],
            [
              24.6710165,
              59.3960502
            ],
            [
              24.6709917,
              59.3961131
            ],
            [
              24.6709535,
              59.3962098
            ],
            [
              24.67094,
              59.396244
            ],
            [
              24.670911,
              59.39624
            ],
            [
              24.6709006,
              59.3962651
            ],
            [
              24.67089,
              59.3962906
            ],
            [
              24.670875,
              59.396327
            ],
            [
              24.6710144,
              59.3963424
            ],
            [
              24.67102,
              59.396343
            ],
            [
              24.671028,
              59.396312
            ],
            [
              24.6710655,
              59.3963164
            ],
            [
              24.671222,
              59.396335
            ]
          ]
        ]
      },
      "properties": {
        "addr:city": "Tallinn",
        "addr:country": "EE",
        "addr:housenumber": "5/10",
        "addr:postcode": "19086",
        "addr:street": "Ehitajate tee",
        "alt_name": "NRG",
        "building": "university",
        "building:levels": "7",
        "height": "27",
        "maaamet:ETAK": "5698870",
        "name": "TTÜ energeetikamaja (NRG)",
        "name:en": "Energy Educational Building (NRG)",
        "roof:levels": "2",
        "roof:shape": "many",
        "source": "Maa-amet WMS 2010",
        "source:addr": "Maa- ja Ruumiamet 2025",
        "start_date": "2004"
      }
    },
    {
      "type": "Feature",
      "geometry": {
        "type": "Polygon",
        "coordinates": [
          [
            [
              24.6687407,
              59.3958267
            ],
            [
              24.6690053,
              59.3958551
            ],
            [
              24.6688044,
              59.3963412
            ],
            [
              24.6689477,
              59.3963566
            ],
            [
              24.6690368,
              59.3963661
            ],
            [
              24.6690139,
              59.3964213
            ],
            [
              24.6689238,
              59.3964118
            ],
            [
              24.6687844,
              59.3967541
            ],
            [
              24.6686749,
              59.3967426
            ],
            [
              24.6686309,
              59.3967379
            ],
            [
              24.6685325,
              59.3967273
            ],
            [
              24.6686861,
              59.3963562
            ],
            [
              24.6685288,
              59.3963393
            ],
            [
              24.6687407,
              59.3958267
            ]
          ]
        ]
      },
      "properties": {
        "addr:city": "Tallinn",
        "addr:country": "EE",
        "addr:housenumber": "5",
        "addr:postcode": "12616",
        "addr:street": "Akadeemia tee",
        "building": "dormitory",
        "building:levels": "5",
        "height": "16",
        "layer": "1",
        "maaamet:ETAK": "575336",
        "name": "Ühiselamu 1 (DO1)",
        "name:en": "Dormitory 1 (DO1)",
        "roof:shape": "flat",
        "source:addr": "Maa- ja Ruumiamet 2025"
      }
    },
    {
      "type": "Feature",
      "geometry": {
        "type": "Polygon",
        "coordinates": [
          [
            [
              24.6629571,
              59.398859
            ],
            [
              24.6629574,
              59.3988344
            ],
            [
              24.6629602,
              59.3986301
            ],
            [
              24.6628812,
              59.3986299
            ],
            [
              24.6628856,
              59.3983
            ],
            [
              24.6628859,
              59.3982758
            ],
            [
              24.6628863,
              59.3982476
            ],
            [
              24.6631296,
              59.3982484
            ],
            [
              24.6631249,
              59.3986007
            ],
            [
              24.6631243,
              59.3986485
            ],
            [
              24.6632025,
              59.3986487
            ],
            [
              24.6631993,
              59.3988894
            ],
            [
              24.6629567,
              59.3988886
            ],
            [
              24.6629571,
              59.398859
            ]
          ]
        ]
      },
      "properties": {
        "addr:city": "Tallinn",
        "addr:country": "EE",
        "addr:housenumber": "38",
        "addr:postcode": "12611",
        "addr:street": "Akadeemia tee",
        "building": "apartments",
        "building:levels": "5",
        "height": "15",
        "maaamet:ETAK": "578133",
        "roof:shape": "flat",
        "source:addr": "Maa- ja Ruumiamet 2025"
      }
    },
    {
      "type": "Feature",
      "geometry": {
        "type": "Polygon",
        "coordinates": [
          [
            [
              24.6676429,
              59.3986748
            ],
            [
              24.6678467,
              59.3986755
            ],
            [
              24.667853,
              59.3980221
            ],
            [
              24.6676489,
              59.3980216
            ],
            [
              24.6676485,
              59.3980675
            ],
            [
              24.6676484,
              59.3980781
            ],
            [
              24.6676482,
              59.3980989
            ],
            [
              24.6676469,
              59.3982436
            ],
            [
              24.6676468,
              59.3982527
            ],
            [
              24.6676466,
              59.3982716
            ],
            [
              24.6676452,
              59.3984177
            ],
            [
              24.6676451,
              59.3984332
            ],
            [
              24.667645,
              59.3984452
            ],
            [
              24.6676436,
              59.3985935
            ],
            [
              24.6676435,
              59.3986066
            ],
            [
              24.6676429,
              59.3986748
            ]
          ]
        ]
      },
      "properties": {
        "addr:city": "Tallinn",
        "addr:country": "EE",
        "addr:housenumber": "16",
        "addr:postcode": "12611",
        "addr:street": "Akadeemia tee",
        "building": "apartments",
        "building:colour": "gold",
        "building:levels": "5",
        "building:material": "plaster",
        "height": "15",
        "maaamet:ETAK": "578328",
        "roof:colour": "dimgray",
        "roof:levels": "0",
        "roof:material": "tar_paper",
        "roof:shape": "flat",
        "source": "ADS 2011-04",
        "source:addr": "Maa- ja Ruumiamet 2025"
      }
    },
    {
      "type": "Feature",
      "geometry": {
        "type": "Polygon",
        "coordinates": [
          [
            [
              24.6561017,
              59.3987238
            ],
            [
              24.6562673,
              59.3987248
            ],
            [
              24.6562744,
              59.3983972
            ],
            [
              24.6561088,
              59.3983963
            ],
            [
              24.6561017,
              59.3987238
            ]
          ]
        ]
      },
      "properties": {
        "addr:city": "Tallinn",
        "addr:country": "EE",
        "addr:housenumber": "6",
        "addr:postcode": "12618",
        "addr:street": "Teaduspargi",
        "building": "industrial",
        "height": "5",
        "maaamet:ETAK": "577034",
        "source:addr": "Maa- ja Ruumiamet 2025"
      }
    },
    {
      "type": "Feature",
      "geometry": {
        "type": "Polygon",
        "coordinates": [
          [
            [
              24.6546524,
              59.3985293
            ],
            [
              24.6545727,
              59.3986354
            ],
            [
              24.6551768,
              59.3987535
            ],
            [
              24.6552566,
              59.3986474
            ],
            [
              24.6546524,
              59.3985293
            ]
          ]
        ]
      },
      "properties": {
        "addr:city": "Tallinn",
        "addr:country": "EE",
        "addr:housenumber": "11",
        "addr:postcode": "12618",
        "addr:street": "Teaduspargi",
        "building": "yes",
        "height": "9",
        "maaamet:ETAK": "596672",
        "source": "ADS 2011-04",
        "source:addr": "Maa- ja Ruumiamet 2025"
      }
    },
    {
      "type": "Feature",
      "geometry": {
        "type": "Polygon",
        "coordinates": [
          [
            [
              24.6545165,
              59.3987087
            ],
            [
              24.6544144,
              59.3986886
            ],
            [
              24.6543428,
              59.3987839
            ],
            [
              24.654445,
              59.398804
            ],
            [
              24.6545165,
              59.3987087
            ]
          ]
        ]
      },
      "properties": {
        "addr:city": "Tallinn",
        "addr:country": "EE",
        "addr:housenumber": "13",
        "addr:postcode": "12618",
        "addr:street": "Teaduspargi",
        "building": "yes",
        "height": "4",
        "maaamet:ETAK": "596674",
        "source:addr": "Maa- ja Ruumiamet 2025"
      }
    },
    {
      "type": "Feature",
      "geometry": {
        "type": "Polygon",
        "coordinates": [
          [
            [
              24.6576146,
              59.3987802
            ],
            [
              24.6576193,
              59.3985092
            ],
            [
              24.6578723,
              59.3985103
            ],
            [
              24.6578676,
              59.3987813
            ],
            [
              24.6576146,
              59.3987802
            ]
          ]
        ]
      },
      "properties": {
        "addr:city": "Tallinn",
        "addr:country": "EE",
        "addr:housenumber": "23/1",
        "addr:postcode": "12618",
        "addr:street": "Akadeemia tee",
        "building": "shed",
        "height": "8",
        "maaamet:ETAK": "538378",
        "roof:height": "8",
        "roof:orientation": "along",
        "roof:shape": "round",
        "source:addr": "Maa- ja Ruumiamet 2025"
      }
    },
    {
      "type": "Feature",
      "geometry": {
        "type": "Polygon",
        "coordinates": [
          [
            [
              24.666454,
              59.398506
            ],
            [
              24.6665465,
              59.3984787
            ],
            [
              24.666767,
              59.398681
            ],
            [
              24.666667,
              59.398708
            ],
            [
              24.6666539,
              59.3986956
            ],
            [
              24.666454,
              59.398506
            ]
          ]
        ]
      },
      "properties": {
        "addr:city": "Tallinn",
        "addr:country": "EE",
        "addr:housenumber": "28",
        "addr:postcode": "12618",
        "addr:street": "Akadeemia tee",
        "building": "garage",
        "building:levels": "1",
        "building:material": "metal",
        "height": "4",
        "maaamet:ETAK": "459982",
        "roof:shape": "flat",
        "source:addr": "Maa- ja Ruumiamet 2025"
      }
    },
    {
      "type": "Feature",
      "geometry": {
        "type": "Polygon",
        "coordinates": [
          [
            [
              24.6637433,
              59.39874
            ],
            [
              24.6635988,
              59.3987402
            ],
            [
              24.663598,
              59.3985929
            ],
            [
              24.6637425,
              59.3985927
            ],
            [
              24.6637426,
              59.3986097
            ],
            [
              24.6637427,
              59.398625
            ],
            [
              24.6637433,
              59.39874
            ]
          ]
        ]
      },
      "properties": {
        "addr:city": "Tallinn",
        "addr:country": "EE",
        "addr:housenumber": "38a",
        "addr:postcode": "12611",
        "addr:street": "Akadeemia tee",
        "building": "garage",
        "building:levels": "1",
        "building:material": "brick",
        "height": "3",
        "maaamet:ETAK": "481745",
        "roof:shape": "flat",
        "source:addr": "Maa- ja Ruumiamet 2025"
      }
    },
    {
      "type": "Feature",
      "geometry": {
        "type": "Polygon",
        "coordinates": [
          [
            [
              24.6689442,
              59.3988039
            ],
            [
              24.6689549,
              59.3981483
            ],
            [
              24.6687465,
              59.3981474
            ],
            [
              24.6687457,
              59.398198
            ],
            [
              24.6687454,
              59.3982147
            ],
            [
              24.6687452,
              59.3982251
            ],
            [
              24.6687427,
              59.3983722
            ],
            [
              24.6687425,
              59.3983845
            ],
            [
              24.6687422,
              59.3984005
            ],
            [
              24.6687397,
              59.3985479
            ],
            [
              24.6687396,
              59.3985555
            ],
            [
              24.6687393,
              59.3985739
            ],
            [
              24.6687368,
              59.3987207
            ],
            [
              24.6687366,
              59.3987313
            ],
            [
              24.6687363,
              59.3987479
            ],
            [
              24.6687354,
              59.3988029
            ],
            [
              24.6689442,
              59.3988039
            ]
          ]
        ]
      },
      "properties": {
        "addr:city": "Tallinn",
        "addr:country": "EE",
        "addr:housenumber": "10",
        "addr:postcode": "12611",
        "addr:street": "Akadeemia tee",
        "building": "apartments",
        "building:levels": "5",
        "building:material": "concrete",
        "building:material:concrete": "panels",
        "height": "16",
        "maaamet:ETAK": "583216",
        "roof:shape": "flat",
        "source": "ADS 2011-04",
        "source:addr": "Maa- ja Ruumiamet 2025"
      }
    },
    {
      "type": "Feature",
      "geometry": {
        "type": "Polygon",
        "coordinates": [
          [
            [
              24.6660042,
              59.3985833
            ],
            [
              24.6662138,
              59.3985269
            ],
            [
              24.6662387,
              59.3985509
            ],
            [
              24.6663124,
              59.3985311
            ],
            [
              24.6663217,
              59.3985402
            ],
            [
              24.6663605,
              59.3985774
            ],
            [
              24.6665098,
              59.3987214
            ],
            [
              24.6665205,
              59.3987318
            ],
            [
              24.6665348,
              59.3987455
            ],
            [
              24.6662694,
              59.3988168
            ],
            [
              24.6662486,
              59.3987968
            ],
            [
              24.6662014,
              59.3988095
            ],
            [
              24.6661562,
              59.3987652
            ],
            [
              24.6662029,
              59.3987527
            ],
            [
              24.6660801,
              59.3986343
            ],
            [
              24.6660607,
              59.3986394
            ],
            [
              24.6660503,
              59.3986297
            ],
            [
              24.6660042,
              59.3985833
            ]
          ]
        ]
      },
      "properties": {
        "addr:city": "Tallinn",
        "addr:country": "EE",
        "addr:housenumber": "28",
        "addr:postcode": "12618",
        "addr:street": "Akadeemia tee",
        "building": "commercial",
        "building:levels": "3",
        "building:material": "metal",
        "colour": "cyan",
        "height": "5",
        "layer": "1",
        "maaamet:ETAK": "579641",
        "roof:levels": "0",
        "roof:shape": "flat",
        "source": "ADS 2011-04",
        "source:addr": "Maa- ja Ruumiamet 2025"
      }
    },
    {
      "type": "Feature",
      "geometry": {
        "type": "Polygon",
        "coordinates": [
          [
            [
              24.6647491,
              59.3982525
            ],
            [
              24.6649871,
              59.3982516
            ],
            [
              24.6649892,
              59.3983983
            ],
            [
              24.6649908,
              59.3985091
            ],
            [
              24.6650612,
              59.3985089
            ],
            [
              24.6650668,
              59.3988925
            ],
            [
              24.6649724,
              59.3988929
            ],
            [
              24.6648284,
              59.3988934
            ],
            [
              24.6648235,
              59.3985519
            ],
            [
              24.6647387,
              59.3985522
            ],
            [
              24.6647378,
              59.398491
            ],
            [
              24.6647526,
              59.3984909
            ],
            [
              24.6647524,
              59.3984777
            ],
            [
              24.6647491,
              59.3982525
            ]
          ]
        ]
      },
      "properties": {
        "addr:city": "Tallinn",
        "addr:country": "EE",
        "addr:housenumber": "32",
        "addr:postcode": "12611",
        "addr:street": "Akadeemia tee",
        "building": "apartments",
        "building:levels": "5",
        "height": "15",
        "maaamet:ETAK": "578131",
        "roof:levels": "0",
        "roof:shape": "gabled",
        "source:addr": "Maa- ja Ruumiamet 2025"
      }
    },
    {
      "type": "Feature",
      "geometry": {
        "type": "Polygon",
        "coordinates": [
          [
            [
              24.6651021,
              59.3989235
            ],
            [
              24.6651007,
              59.3989901
            ],
            [
              24.6652467,
              59.3989909
            ],
            [
              24.665248,
              59.3989242
            ],
            [
              24.6651769,
              59.3989239
            ],
            [
              24.6651021,
              59.3989235
            ]
          ]
        ]
      },
      "properties": {
        "addr:city": "Tallinn",
        "addr:country": "EE",
        "addr:housenumber": "32a",
        "addr:postcode": "12611",
        "addr:street": "Akadeemia tee",
        "building": "service",
        "building:levels": "1",
        "building:material": "brick",
        "height": "4",
        "maaamet:ETAK": "587842",
        "name": "AJ-436",
        "power": "substation",
        "ref": "436",
        "roof:shape": "skillion",
        "source": "ADS 2011-04",
        "source:addr": "Maa- ja Ruumiamet 2025",
        "substation": "minor_distribution",
        "voltage": "6000;400"
      }
    },
    {
      "type": "Feature",
      "geometry": {
        "type": "Polygon",
        "coordinates": [
          [
            [
              24.6555429,
              59.3990381
            ],
            [
              24.6553208,
              59.3990081
            ],
            [
              24.6553807,
              59.3989014
            ],
            [
              24.6556026,
              59.3989337
            ],
            [
              24.6555429,
              59.3990381
            ]
          ]
        ]
      },
      "properties": {
        "addr:city": "Tallinn",
        "addr:country": "EE",
        "addr:housenumber": "11",
        "addr:postcode": "12618",
        "addr:street": "Teaduspargi",
        "building": "yes",
        "height": "8",
        "maaamet:ETAK": "455471",
        "source:addr": "Maa- ja Ruumiamet 2025"
      }
    },
    {
      "type": "Feature",
      "geometry": {
        "type": "Polygon",
        "coordinates": [
          [
            [
              24.6706926,
              59.3987242
            ],
            [
              24.6708332,
              59.3987258
            ],
            [
              24.6708309,
              59.3987794
            ],
            [
              24.6709339,
              59.3987806
            ],
            [
              24.6709358,
              59.3987352
            ],
            [
              24.6709434,
              59.3987353
            ],
            [
              24.6711696,
              59.3987378
            ],
            [
              24.6711667,
              59.3988072
            ],
            [
              24.6711384,
              59.3988069
            ],
            [
              24.6711345,
              59.3988988
            ],
            [
              24.6711653,
              59.3988992
            ],
            [
              24.6711626,
              59.3989634
            ],
            [
              24.6711089,
              59.3989628
            ],
            [
              24.6710214,
              59.3989625
            ],
            [
              24.6710235,
              59.3989106
            ],
            [
              24.6709202,
              59.3989094
            ],
            [
              24.6709179,
              59.3989622
            ],
            [
              24.6707927,
              59.3989608
            ],
            [
              24.6707932,
              59.3989485
            ],
            [
              24.6706833,
              59.3989474
            ],
            [
              24.6706926,
              59.3987242
            ]
          ]
        ]
      },
      "properties": {
        "addr:city": "Tallinn",
        "addr:country": "EE",
        "addr:housenumber": "11",
        "addr:postcode": "12612",
        "addr:street": "Ehitajate tee",
        "building": "apartments",
        "building:levels": "14",
        "building:material": "plaster",
        "colour": "white",
        "height": "42",
        "maaamet:ETAK": "577563",
        "roof:colour": "gray",
        "roof:shape": "flat",
        "source": "ADS 2011-04",
        "source:addr": "Maa- ja Ruumiamet 2025"
      }
    },
    {
      "type": "Feature",
      "geometry": {
        "type": "Polygon",
        "coordinates": [
          [
            [
              24.6700067,
              59.3979862
            ],
            [
              24.6700075,
              59.3980591
            ],
            [
              24.6699536,
              59.3980593
            ],
            [
              24.6699544,
              59.3981356
            ],
            [
              24.6700631,
              59.3981352
            ],
            [
              24.6700623,
              59.398062
            ],
            [
              24.6701308,
              59.3980618
            ],
            [
              24.67013,
              59.3979859
            ],
            [
              24.6700067,
              59.3979862
            ]
          ]
        ]
      },
      "properties": {
        "addr:city": "Tallinn",
        "addr:country": "EE",
        "addr:housenumber": "4a",
        "addr:postcode": "12612",
        "addr:street": "Akadeemia tee",
        "building": "service",
        "building:colour": "#F8F8FF",
        "building:levels": "2",
        "building:material": "brick",
        "height": "4",
        "maaamet:ETAK": "587845",
        "roof:levels": "1",
        "roof:shape": "flat",
        "source": "ADS 2011-04",
        "source:addr": "Maa- ja Ruumiamet 2025"
      }
    },
    {
      "type": "Feature",
      "geometry": {
        "type": "Polygon",
        "coordinates": [
          [
            [
              24.6569767,
              59.3978371
            ],
            [
              24.6570444,
              59.3978736
            ],
            [
              24.6570467,
              59.3980108
            ],
            [
              24.6570424,
              59.3980289
            ],
            [
              24.6570365,
              59.3980542
            ],
            [
              24.6569892,
              59.3980545
            ],
            [
              24.656987,
              59.3981877
            ],
            [
              24.6567785,
              59.3981886
            ],
            [
              24.6567789,
              59.3982152
            ],
            [
              24.6565461,
              59.3982162
            ],
            [
              24.6565462,
              59.398222
            ],
            [
              24.6564889,
              59.3982223
            ],
            [
              24.656488,
              59.3981664
            ],
            [
              24.6564991,
              59.3981663
            ],
            [
              24.6564988,
              59.3981483
            ],
            [
              24.6564268,
              59.3981114
            ],
            [
              24.656394,
              59.3981115
            ],
            [
              24.6563941,
              59.3981175
            ],
            [
              24.6562871,
              59.398118
            ],
            [
              24.6562866,
              59.3980869
            ],
            [
              24.6563042,
              59.3980869
            ],
            [
              24.6563023,
              59.397971
            ],
            [
              24.6563559,
              59.3979708
            ],
            [
              24.6563542,
              59.397865
            ],
            [
              24.6567021,
              59.3978635
            ],
            [
              24.6567017,
              59.3978383
            ],
            [
              24.6569767,
              59.3978371
            ]
          ]
        ]
      },
      "properties": {
        "addr:city": "Tallinn",
        "addr:country": "EE",
        "addr:housenumber": "6/1",
        "addr:postcode": "12618",
        "addr:street": "Teaduspargi",
        "building": "retail",
        "building:levels": "2",
        "height": "10",
        "maaamet:ETAK": "577033",
        "old_addr:housenumber": "6",
        "roof:levels": "0",
        "roof:shape": "flat",
        "source:addr": "Maa- ja Ruumiamet 2025"
      }
    },
    {
      "type": "Feature",
      "geometry": {
        "type": "Polygon",
        "coordinates": [
          [
            [
              24.6704896,
              59.3981688
            ],
            [
              24.6704898,
              59.3981207
            ],
            [
              24.6704899,
              59.3981031
            ],
            [
              24.67049,
              59.3980806
            ],
            [
              24.6704906,
              59.3979358
            ],
            [
              24.6704906,
              59.3979285
            ],
            [
              24.6704906,
              59.3979211
            ],
            [
              24.6704913,
              59.3977634
            ],
            [
              24.6704913,
              59.3977563
            ],
            [
              24.6704913,
              59.3977477
            ],
            [
              24.670492,
              59.3975899
            ],
            [
              24.670492,
              59.3975841
            ],
            [
              24.6704921,
              59.3975572
            ],
            [
              24.6704923,
              59.3975171
            ],
            [
              24.6702765,
              59.397517
            ],
            [
              24.6702738,
              59.3981686
            ],
            [
              24.6704896,
              59.3981688
            ]
          ]
        ]
      },
      "properties": {
        "addr:city": "Tallinn",
        "addr:country": "EE",
        "addr:housenumber": "4",
        "addr:postcode": "12612",
        "addr:street": "Akadeemia tee",
        "building": "apartments",
        "building:levels": "5",
        "building:material": "concrete",
        "building:material:concrete": "panels",
        "height": "16",
        "maaamet:ETAK": "578134",
        "roof:shape": "flat",
        "source": "ADS 2011-04",
        "source:addr": "Maa- ja Ruumiamet 2025"
      }
    },
    {
      "type": "Feature",
      "geometry": {
        "type": "Polygon",
        "coordinates": [
          [
            [
              24.6674424,
              59.3979919
            ],
            [
              24.6674465,
              59.3981748
            ],
            [
              24.6671399,
              59.3981763
            ],
            [
              24.6669689,
              59.3980094
            ],
            [
              24.6669962,
              59.3979909
            ],
            [
              24.6671646,
              59.3979913
            ],
            [
              24.6673318,
              59.3979917
            ],
            [
              24.6674424,
              59.3979919
            ]
          ]
        ]
      },
      "properties": {
        "addr:city": "Tallinn",
        "addr:country": "EE",
        "addr:housenumber": "20",
        "addr:postcode": "12611",
        "addr:street": "Akadeemia tee",
        "building": "commercial",
        "building:levels": "3",
        "building:material": "plaster",
        "height": "11",
        "maaamet:ETAK": "592486",
        "roof:levels": "1",
        "roof:shape": "flat",
        "source": "ADS 2011-04",
        "source:addr": "Maa- ja Ruumiamet 2025"
      }
    },
    {
      "type": "Feature",
      "geometry": {
        "type": "Polygon",
        "coordinates": [
          [
            [
              24.6714761,
              59.3982791
            ],
            [
              24.6713596,
              59.3982788
            ],
            [
              24.6713597,
              59.3982654
            ],
            [
              24.6713601,
              59.3982252
            ],
            [
              24.6712557,
              59.3982249
            ],
            [
              24.6712553,
              59.3982658
            ],
            [
              24.6710246,
              59.3982652
            ],
            [
              24.6710252,
              59.398201
            ],
            [
              24.6710546,
              59.398201
            ],
            [
              24.6710555,
              59.398109
            ],
            [
              24.6710268,
              59.398109
            ],
            [
              24.6710275,
              59.3980439
            ],
            [
              24.6711702,
              59.3980443
            ],
            [
              24.6711697,
              59.3980959
            ],
            [
              24.6712719,
              59.3980962
            ],
            [
              24.6712724,
              59.3980458
            ],
            [
              24.6713982,
              59.3980462
            ],
            [
              24.671398,
              59.3980588
            ],
            [
              24.6715013,
              59.3980591
            ],
            [
              24.6715007,
              59.39812
            ],
            [
              24.6714777,
              59.3981199
            ],
            [
              24.6714761,
              59.3982791
            ]
          ]
        ]
      },
      "properties": {
        "addr:city": "Tallinn",
        "addr:country": "EE",
        "addr:housenumber": "2",
        "addr:postcode": "12612",
        "addr:street": "Akadeemia tee",
        "building": "apartments",
        "building:levels": "14",
        "building:material": "plaster",
        "colour": "white",
        "height": "42",
        "maaamet:ETAK": "578329",
        "roof:colour": "gray",
        "roof:shape": "flat",
        "source": "ADS 2011-04",
        "source:addr": "Maa- ja Ruumiamet 2025"
      }
    },
    {
      "type": "Feature",
      "geometry": {
        "type": "Polygon",
        "coordinates": [
          [
            [
              24.6668712,
              59.3983267
            ],
            [
              24.6664095,
              59.3979144
            ],
            [
              24.6665098,
              59.3978853
            ],
            [
              24.6669715,
              59.3982976
            ],
            [
              24.6668712,
              59.3983267
            ]
          ]
        ]
      },
      "properties": {
        "addr:city": "Tallinn",
        "addr:country": "EE",
        "addr:housenumber": "26b",
        "addr:postcode": "12611",
        "addr:street": "Akadeemia tee",
        "building": "garages",
        "building:colour": "#F8F8FF",
        "building:levels": "1",
        "building:material": "brick",
        "height": "3",
        "maaamet:ETAK": "481744",
        "roof:shape": "flat",
        "source:addr": "Maa- ja Ruumiamet 2025"
      }
    },
    {
      "type": "Feature",
      "geometry": {
        "type": "Polygon",
        "coordinates": [
          [
            [
              24.6556398,
              59.39812
            ],
            [
              24.6542551,
              59.3978504
            ],
            [
              24.6539794,
              59.3982185
            ],
            [
              24.6548712,
              59.3983915
            ],
            [
              24.6553643,
              59.3984883
            ],
            [
              24.6554459,
              59.3983803
            ],
            [
              24.6556398,
              59.39812
            ]
          ]
        ]
      },
      "properties": {
        "addr:city": "Tallinn",
        "addr:country": "EE",
        "addr:housenumber": "9",
        "addr:postcode": "12618",
        "addr:street": "Teaduspargi",
        "building": "yes",
        "height": "11",
        "maaamet:ETAK": "596671",
        "source": "ADS 2011-04",
        "source:addr": "Maa- ja Ruumiamet 2025"
      }
    },
    {
      "type": "Feature",
      "geometry": {
        "type": "Polygon",
        "coordinates": [
          [
            [
              24.6662785,
              59.3983911
            ],
            [
              24.6663078,
              59.3984182
            ],
            [
              24.6662145,
              59.3984444
            ],
            [
              24.6661852,
              59.3984174
            ],
            [
              24.6662785,
              59.3983911
            ]
          ]
        ]
      },
      "properties": {
        "addr:city": "Tallinn",
        "addr:country": "EE",
        "addr:housenumber": "26c/1",
        "addr:postcode": "12611",
        "addr:street": "Akadeemia tee",
        "building": "garage",
        "building:colour": "#F8F8FF",
        "building:levels": "1",
        "building:material": "brick",
        "maaamet:ETAK": "478361",
        "roof:shape": "flat",
        "source:addr": "Maa-amet 2019"
      }
    },
    {
      "type": "Feature",
      "geometry": {
        "type": "Polygon",
        "coordinates": [
          [
            [
              24.6696265,
              59.3984215
            ],
            [
              24.669661,
              59.3984215
            ],
            [
              24.6696622,
              59.3982936
            ],
            [
              24.6692381,
              59.3982926
            ],
            [
              24.6692085,
              59.3982925
            ],
            [
              24.6692057,
              59.3984427
            ],
            [
              24.6692404,
              59.3984428
            ],
            [
              24.6693217,
              59.398443
            ],
            [
              24.6693215,
              59.3984703
            ],
            [
              24.669626,
              59.3984711
            ],
            [
              24.6696265,
              59.3984215
            ]
          ]
        ]
      },
      "properties": {
        "addr:city": "Tallinn",
        "addr:country": "EE",
        "addr:housenumber": "8",
        "addr:postcode": "12611",
        "addr:street": "Akadeemia tee",
        "building": "retail",
        "building:levels": "2",
        "building:material": "concrete",
        "building:material:concrete": "panels",
        "check_date": "2024-10-04",
        "height": "5",
        "internet_access": "no",
        "maaamet:ETAK": "592488",
        "name": "Tipi Pood",
        "opening_hours": "09:00-22:00",
        "payment:credit_cards": "yes",
        "payment:debit_cards": "yes",
        "roof:levels": "1",
        "roof:shape": "flat",
        "shop": "convenience",
        "source:addr": "Maa- ja Ruumiamet 2025",
        "wheelchair": "yes"
      }
    },
    {
      "type": "Feature",
      "geometry": {
        "type": "Polygon",
        "coordinates": [
          [
            [
              24.6580504,
              59.3985801
            ],
            [
              24.6579114,
              59.3985787
            ],
            [
              24.6579146,
              59.3984928
            ],
            [
              24.6580537,
              59.3984941
            ],
            [
              24.6580504,
              59.3985801
            ]
          ]
        ]
      },
      "properties": {
        "building": "service"
      }
    },
    {
      "type": "Feature",
      "geometry": {
        "type": "Polygon",
        "coordinates": [
          [
            [
              24.6693825,
              59.3985889
            ],
            [
              24.6693823,
              59.398526
            ],
            [
              24.669433,
              59.3985259
            ],
            [
              24.6694332,
              59.3985765
            ],
            [
              24.6694328,
              59.3985822
            ],
            [
              24.6694333,
              59.3985889
            ],
            [
              24.6693825,
              59.3985889
            ]
          ]
        ]
      },
      "properties": {
        "addr:city": "Tallinn",
        "addr:country": "EE",
        "addr:housenumber": "8",
        "addr:postcode": "12611",
        "addr:street": "Akadeemia tee",
        "building": "retail",
        "building:levels": "1",
        "building:material": "plaster",
        "maaamet:ETAK": "9107141",
        "name": "Taarapunkt",
        "old_addr:housenumber": "8/1",
        "roof:levels": "1",
        "roof:shape": "flat",
        "source:addr": "Maa- ja Ruumiamet 2025"
      }
    },
    {
      "type": "Feature",
      "geometry": {
        "type": "Polygon",
        "coordinates": [
          [
            [
              24.6669512,
              59.3986036
            ],
            [
              24.6669499,
              59.398484
            ],
            [
              24.6670722,
              59.3984836
            ],
            [
              24.6672518,
              59.3984831
            ],
            [
              24.6673101,
              59.3984829
            ],
            [
              24.6674476,
              59.3984825
            ],
            [
              24.667448,
              59.3985155
            ],
            [
              24.6674493,
              59.3986225
            ],
            [
              24.6674387,
              59.3986225
            ],
            [
              24.6673254,
              59.3986229
            ],
            [
              24.6673252,
              59.3986025
            ],
            [
              24.6671736,
              59.3986029
            ],
            [
              24.6671138,
              59.3986031
            ],
            [
              24.6670789,
              59.3986032
            ],
            [
              24.6669512,
              59.3986036
            ]
          ]
        ]
      },
      "properties": {
        "addr:city": "Tallinn",
        "addr:country": "EE",
        "addr:housenumber": "18",
        "addr:postcode": "12611",
        "addr:street": "Akadeemia tee",
        "building": "commercial",
        "building:levels": "2",
        "building:material": "plaster",
        "height": "8",
        "maaamet:ETAK": "592485",
        "roof:shape": "flat",
        "source:addr": "Maa- ja Ruumiamet 2025"
      }
    },
    {
      "type": "Feature",
      "geometry": {
        "type": "Polygon",
        "coordinates": [
          [
            [
              24.656712,
              59.3987241
            ],
            [
              24.6568386,
              59.3987249
            ],
            [
              24.6568394,
              59.3986949
            ],
            [
              24.6570132,
              59.398696
            ],
            [
              24.657018,
              59.3985022
            ],
            [
              24.6570183,
              59.3984879
            ],
            [
              24.6570198,
              59.3984297
            ],
            [
              24.6570205,
              59.3984018
            ],
            [
              24.6566443,
              59.3983994
            ],
            [
              24.6566369,
              59.3986932
            ],
            [
              24.6567128,
              59.3986936
            ],
            [
              24.656712,
              59.3987241
            ]
          ]
        ]
      },
      "properties": {
        "addr:city": "Tallinn",
        "addr:country": "EE",
        "addr:housenumber": "6/2",
        "addr:postcode": "12618",
        "addr:street": "Teaduspargi",
        "building": "industrial",
        "height": "16",
        "maaamet:ETAK": "592494",
        "source:addr": "Maa- ja Ruumiamet 2025"
      }
    },
    {
      "type": "Feature",
      "geometry": {
        "type": "Polygon",
        "coordinates": [
          [
            [
              24.6634967,
              59.3990998
            ],
            [
              24.6634953,
              59.3991678
            ],
            [
              24.6629717,
              59.3991649
            ],
            [
              24.6629718,
              59.3991623
            ],
            [
              24.6629732,
              59.3990969
            ],
            [
              24.6634967,
              59.3990998
            ]
          ]
        ]
      },
      "properties": {
        "addr:city": "Tallinn",
        "addr:country": "EE",
        "addr:housenumber": "40a",
        "addr:postcode": "12611",
        "addr:street": "Akadeemia tee",
        "building": "garages",
        "building:colour": "white",
        "building:height": "3",
        "building:levels": "1",
        "building:material": "brick",
        "height": "3",
        "maaamet:ETAK": "481746",
        "roof:levels": "0",
        "roof:shape": "flat",
        "source:addr": "Maa- ja Ruumiamet 2025"
      }
    },
    {
      "type": "Feature",
      "geometry": {
        "type": "Polygon",
        "coordinates": [
          [
            [
              24.6621581,
              59.3988845
            ],
            [
              24.6624025,
              59.3988855
            ],
            [
              24.6623969,
              59.3992287
            ],
            [
              24.662396,
              59.3992785
            ],
            [
              24.6624759,
              59.3992789
            ],
            [
              24.662472,
              59.3995225
            ],
            [
              24.6622299,
              59.3995215
            ],
            [
              24.6622308,
              59.3994687
            ],
            [
              24.6622341,
              59.3992632
            ],
            [
              24.6621519,
              59.3992628
            ],
            [
              24.6621561,
              59.3988922
            ],
            [
              24.6621581,
              59.3988845
            ]
          ]
        ]
      },
      "properties": {
        "addr:city": "Tallinn",
        "addr:country": "EE",
        "addr:housenumber": "42",
        "addr:postcode": "12611",
        "addr:street": "Akadeemia tee",
        "building": "apartments",
        "building:levels": "5",
        "building:material": "plaster",
        "height": "15",
        "maaamet:ETAK": "578135",
        "roof:shape": "flat",
        "source": "ADS 2011-04",
        "source:addr": "Maa- ja Ruumiamet 2025"
      }
    },
    {
      "type": "Feature",
      "geometry": {
        "type": "Polygon",
        "coordinates": [
          [
            [
              24.6667708,
              59.3995874
            ],
            [
              24.6667754,
              59.399078
            ],
            [
              24.6665571,
              59.3990775
            ],
            [
              24.6665568,
              59.3991177
            ],
            [
              24.6665567,
              59.399126
            ],
            [
              24.6665566,
              59.3991409
            ],
            [
              24.6665565,
              59.3991498
            ],
            [
              24.6665565,
              59.3991513
            ],
            [
              24.6665564,
              59.3991577
            ],
            [
              24.6665557,
              59.399236
            ],
            [
              24.6665556,
              59.3992534
            ],
            [
              24.6665555,
              59.3992632
            ],
            [
              24.6665553,
              59.399279
            ],
            [
              24.6665553,
              59.3992884
            ],
            [
              24.6665545,
              59.3993725
            ],
            [
              24.6665545,
              59.39938
            ],
            [
              24.6665544,
              59.3993915
            ],
            [
              24.6665542,
              59.3994073
            ],
            [
              24.6665542,
              59.3994153
            ],
            [
              24.6665534,
              59.3994983
            ],
            [
              24.6665533,
              59.3995089
            ],
            [
              24.6665533,
              59.3995173
            ],
            [
              24.6665531,
              59.3995331
            ],
            [
              24.6665531,
              59.399534
            ],
            [
              24.6665529,
              59.3995579
            ],
            [
              24.6665526,
              59.3995869
            ],
            [
              24.6667708,
              59.3995874
            ]
          ]
        ]
      },
      "properties": {
        "addr:city": "Tallinn",
        "addr:country": "EE",
        "addr:housenumber": "23a",
        "addr:postcode": "12613",
        "addr:street": "Ehitajate tee",
        "building": "apartments",
        "building:colour": "#AFEEEE",
        "building:levels": "5",
        "height": "16",
        "maaamet:ETAK": "583514",
        "roof:shape": "flat",
        "source": "ADS 2011-04",
        "source:addr": "Maa- ja Ruumiamet 2025"
      }
    },
    {
      "type": "Feature",
      "geometry": {
        "type": "Polygon",
        "coordinates": [
          [
            [
              24.6740297,
              59.3924577
            ],
            [
              24.6739874,
              59.392515
            ],
            [
              24.6740065,
              59.3925176
            ],
            [
              24.673933,
              59.392597
            ],
            [
              24.673666,
              59.392562
            ],
            [
              24.6737101,
              59.3924687
            ],
            [
              24.6738464,
              59.3924863
            ],
            [
              24.6738763,
              59.3924366
            ],
            [
              24.6740297,
              59.3924577
            ]
          ]
        ]
      },
      "properties": {
        "addr:city": "Tallinn",
        "addr:country": "EE",
        "addr:housenumber": "1",
        "addr:postcode": "12616",
        "addr:street": "Üliõpilaste tee",
        "amenity": "restaurant",
        "building": "retail",
        "height": "7",
        "maaamet:ETAK": "452749",
        "name": "Pirosmani",
        "opening_hours": "Mo-Su 10:00-24:00",
        "source:addr": "Maa- ja Ruumiamet 2025"
      }
    },
    {
      "type": "Feature",
      "geometry": {
        "type": "Polygon",
        "coordinates": [
          [
            [
              24.6629279,
              59.3925841
            ],
            [
              24.6629602,
              59.3925269
            ],
            [
              24.6629376,
              59.3925236
            ],
            [
              24.6629528,
              59.3924967
            ],
            [
              24.6629725,
              59.3924997
            ],
            [
              24.663005,
              59.3924418
            ],
            [
              24.6628084,
              59.3924131
            ],
            [
              24.6627778,
              59.3924675
            ],
            [
              24.6627266,
              59.3924595
            ],
            [
              24.6627295,
              59.3924545
            ],
            [
              24.6625139,
              59.3924208
            ],
            [
              24.6624981,
              59.3924471
            ],
            [
              24.6624478,
              59.3924391
            ],
            [
              24.6624525,
              59.3924309
            ],
            [
              24.6622502,
              59.3924006
            ],
            [
              24.6622174,
              59.3924576
            ],
            [
              24.6622419,
              59.3924614
            ],
            [
              24.6622273,
              59.392487
            ],
            [
              24.6622061,
              59.3924839
            ],
            [
              24.6621732,
              59.3925409
            ],
            [
              24.6623722,
              59.3925708
            ],
            [
              24.6624037,
              59.3925159
            ],
            [
              24.6624517,
              59.3925236
            ],
            [
              24.6624484,
              59.3925289
            ],
            [
              24.6625593,
              59.3925465
            ],
            [
              24.6625702,
              59.3925285
            ],
            [
              24.6626117,
              59.3925351
            ],
            [
              24.662601,
              59.3925525
            ],
            [
              24.6626672,
              59.3925631
            ],
            [
              24.6626827,
              59.3925376
            ],
            [
              24.6627337,
              59.3925457
            ],
            [
              24.6627284,
              59.392555
            ],
            [
              24.6629279,
              59.3925841
            ]
          ]
        ]
      },
      "properties": {
        "addr:city": "Tallinn",
        "addr:country": "EE",
        "addr:housenumber": "7a",
        "addr:postcode": "12616",
        "addr:street": "Raja",
        "building": "apartments",
        "building:levels": "6",
        "height": "18",
        "maaamet:ETAK": "569052",
        "roof:levels": "0",
        "roof:shape": "flat",
        "source": "Maaamet ADS 12.2010",
        "source:addr": "Maa- ja Ruumiamet 2025"
      }
    },
    {
      "type": "Feature",
      "geometry": {
        "type": "Polygon",
        "coordinates": [
          [
            [
              24.6600153,
              59.3922099
            ],
            [
              24.6598334,
              59.39222
            ],
            [
              24.6598257,
              59.3921841
            ],
            [
              24.6600076,
              59.3921739
            ],
            [
              24.6600153,
              59.3922099
            ]
          ]
        ]
      },
      "properties": {
        "addr:city": "Tallinn",
        "addr:country": "EE",
        "addr:housenumber": "3",
        "addr:postcode": "12616",
        "addr:street": "Pikakase",
        "building": "yes",
        "height": "4",
        "maaamet:ETAK": "492470",
        "source:addr": "Maa- ja Ruumiamet 2025"
      }
    },
    {
      "type": "Feature",
      "geometry": {
        "type": "Polygon",
        "coordinates": [
          [
            [
              24.662453,
              59.3922295
            ],
            [
              24.6624868,
              59.3921721
            ],
            [
              24.6624642,
              59.3921687
            ],
            [
              24.6624792,
              59.3921432
            ],
            [
              24.6624973,
              59.392146
            ],
            [
              24.6625304,
              59.3920898
            ],
            [
              24.6623332,
              59.3920596
            ],
            [
              24.6623027,
              59.3921117
            ],
            [
              24.6622529,
              59.3921038
            ],
            [
              24.6622555,
              59.3920994
            ],
            [
              24.662038,
              59.3920647
            ],
            [
              24.6620225,
              59.39209
            ],
            [
              24.6619755,
              59.3920825
            ],
            [
              24.6619799,
              59.3920752
            ],
            [
              24.6619032,
              59.3920631
            ],
            [
              24.6617771,
              59.3920434
            ],
            [
              24.6617432,
              59.3920998
            ],
            [
              24.6617679,
              59.3921037
            ],
            [
              24.6617529,
              59.3921286
            ],
            [
              24.6617347,
              59.3921258
            ],
            [
              24.6617001,
              59.3921832
            ],
            [
              24.6618962,
              59.392214
            ],
            [
              24.6619303,
              59.3921575
            ],
            [
              24.6619752,
              59.3921648
            ],
            [
              24.6619709,
              59.3921719
            ],
            [
              24.6620844,
              59.3921901
            ],
            [
              24.6620953,
              59.3921721
            ],
            [
              24.6621375,
              59.3921788
            ],
            [
              24.6621264,
              59.392197
            ],
            [
              24.6621925,
              59.3922076
            ],
            [
              24.6622083,
              59.3921816
            ],
            [
              24.6622571,
              59.3921895
            ],
            [
              24.6622516,
              59.3921988
            ],
            [
              24.6623312,
              59.3922109
            ],
            [
              24.662453,
              59.3922295
            ]
          ]
        ]
      },
      "properties": {
        "addr:city": "Tallinn",
        "addr:country": "EE",
        "addr:housenumber": "4",
        "addr:postcode": "12616",
        "addr:street": "Trummi",
        "building": "apartments",
        "height": "17",
        "maaamet:ETAK": "570962",
        "source": "Maaamet ADS 12.2010",
        "source:addr": "Maa- ja Ruumiamet 2025"
      }
    },
    {
      "type": "Feature",
      "geometry": {
        "type": "Polygon",
        "coordinates": [
          [
            [
              24.657063,
              59.3920817
            ],
            [
              24.6566854,
              59.3920755
            ],
            [
              24.6566778,
              59.3921874
            ],
            [
              24.6571286,
              59.3921955
            ],
            [
              24.6571401,
              59.392083
            ],
            [
              24.657063,
              59.3920817
            ]
          ]
        ]
      },
      "properties": {
        "addr:city": "Tallinn",
        "addr:country": "EE",
        "addr:housenumber": "14",
        "addr:postcode": "12617",
        "addr:street": "Trummi",
        "building": "yes",
        "height": "8",
        "maaamet:ETAK": "577811",
        "source:addr": "Maa- ja Ruumiamet 2025"
      }
    },
    {
      "type": "Feature",
      "geometry": {
        "type": "Polygon",
        "coordinates": [
          [
            [
              24.656377,
              59.391986
            ],
            [
              24.656408,
              59.392189
            ],
            [
              24.656305,
              59.392192
            ],
            [
              24.656316,
              59.392219
            ],
            [
              24.656147,
              59.392227
            ],
            [
              24.656131,
              59.392131
            ],
            [
              24.656244,
              59.392131
            ],
            [
              24.65623,
              59.392066
            ],
            [
              24.6562,
              59.392074
            ],
            [
              24.656187,
              59.391998
            ],
            [
              24.656377,
              59.391986
            ]
          ]
        ]
      },
      "properties": {
        "addr:city": "Tallinn",
        "addr:country": "EE",
        "addr:housenumber": "14c",
        "addr:postcode": "12617",
        "addr:street": "Trummi",
        "building": "yes",
        "maaamet:ETAK": "577814",
        "source": "Maaamet ADS 12.2010",
        "source:addr": "Maa- ja Ruumiamet 2026"
      }
    },
    {
      "type": "Feature",
      "geometry": {
        "type": "Polygon",
        "coordinates": [
          [
            [
              24.6603402,
              59.3923704
            ],
            [
              24.6603685,
              59.3924413
            ],
            [
              24.6602291,
              59.3924559
            ],
            [
              24.6602008,
              59.3923849
            ],
            [
              24.6603402,
              59.3923704
            ]
          ]
        ]
      },
      "properties": {
        "addr:city": "Tallinn",
        "addr:country": "EE",
        "addr:housenumber": "5",
        "addr:postcode": "12616",
        "addr:street": "Pikakase",
        "building": "yes",
        "height": "3",
        "maaamet:ETAK": "492471",
        "source": "Maa- ja Ruumiamet 2025",
        "source:addr": "Maa- ja Ruumiamet 2025"
      }
    },
    {
      "type": "Feature",
      "geometry": {
        "type": "Polygon",
        "coordinates": [
          [
            [
              24.659823,
              59.392243
            ],
            [
              24.6598427,
              59.3923176
            ],
            [
              24.6595131,
              59.3923401
            ],
            [
              24.6594936,
              59.3922656
            ],
            [
              24.659823,
              59.392243
            ]
          ]
        ]
      },
      "properties": {
        "addr:city": "Tallinn",
        "addr:country": "EE",
        "addr:housenumber": "5",
        "addr:postcode": "12616",
        "addr:street": "Pikakase",
        "building": "yes",
        "height": "6",
        "maaamet:ETAK": "740097",
        "source": "Maa- ja Ruumiamet 2025",
        "source:addr": "Maa- ja Ruumiamet 2025"
      }
    },
    {
      "type": "Feature",
      "geometry": {
        "type": "Polygon",
        "coordinates": [
          [
            [
              24.6600316,
              59.3923825
            ],
            [
              24.6600764,
              59.3923789
            ],
            [
              24.6600812,
              59.3923921
            ],
            [
              24.6601236,
              59.3923881
            ],
            [
              24.6601189,
              59.3923744
            ],
            [
              24.6601231,
              59.3923738
            ],
            [
              24.6601131,
              59.3923481
            ],
            [
              24.6601426,
              59.3923453
            ],
            [
              24.660148,
              59.3923604
            ],
            [
              24.6602325,
              59.3923526
            ],
            [
              24.6602057,
              59.392277
            ],
            [
              24.6601969,
              59.3922778
            ],
            [
              24.6601921,
              59.3922647
            ],
            [
              24.6601601,
              59.3922676
            ],
            [
              24.660157,
              59.3922592
            ],
            [
              24.6599934,
              59.3922744
            ],
            [
              24.6600316,
              59.3923825
            ]
          ]
        ]
      },
      "properties": {
        "addr:city": "Tallinn",
        "addr:country": "EE",
        "addr:housenumber": "5",
        "addr:postcode": "12616",
        "addr:street": "Pikakase",
        "building": "yes",
        "height": "7",
        "maaamet:ETAK": "582715",
        "source:addr": "Maa- ja Ruumiamet 2025"
      }
    },
    {
      "type": "Feature",
      "geometry": {
        "type": "Polygon",
        "coordinates": [
          [
            [
              24.6607761,
              59.392067
            ],
            [
              24.660598,
              59.3920454
            ],
            [
              24.6605777,
              59.3920886
            ],
            [
              24.6607558,
              59.3921103
            ],
            [
              24.6607761,
              59.392067
            ]
          ]
        ]
      },
      "properties": {
        "addr:city": "Tallinn",
        "addr:country": "EE",
        "addr:housenumber": "6a",
        "addr:postcode": "12616",
        "addr:street": "Trummi",
        "building": "yes",
        "height": "2",
        "maaamet:ETAK": "5709532",
        "source:addr": "Maa- ja Ruumiamet 2025"
      }
    },
    {
      "type": "Feature",
      "geometry": {
        "type": "Polygon",
        "coordinates": [
          [
            [
              24.6548832,
              59.3919206
            ],
            [
              24.6548936,
              59.3918241
            ],
            [
              24.655181,
              59.3918325
            ],
            [
              24.6552012,
              59.3916524
            ],
            [
              24.6551304,
              59.3916504
            ],
            [
              24.6551337,
              59.3916214
            ],
            [
              24.6551099,
              59.3916207
            ],
            [
              24.6550826,
              59.3916198
            ],
            [
              24.6550793,
              59.3916496
            ],
            [
              24.6548737,
              59.3916437
            ],
            [
              24.6548769,
              59.3916124
            ],
            [
              24.6548535,
              59.3916117
            ],
            [
              24.6548273,
              59.3916109
            ],
            [
              24.6548231,
              59.3916425
            ],
            [
              24.6547536,
              59.3916406
            ],
            [
              24.6547336,
              59.3918195
            ],
            [
              24.6547317,
              59.3918324
            ],
            [
              24.6546217,
              59.3918299
            ],
            [
              24.6546206,
              59.3918422
            ],
            [
              24.6545023,
              59.3918395
            ],
            [
              24.654478,
              59.3920859
            ],
            [
              24.6547062,
              59.3920923
            ],
            [
              24.6552208,
              59.3921066
            ],
            [
              24.6552369,
              59.3919667
            ],
            [
              24.6549286,
              59.3919584
            ],
            [
              24.6549312,
              59.3919221
            ],
            [
              24.6548832,
              59.3919206
            ]
          ]
        ]
      },
      "properties": {
        "addr:city": "Tallinn",
        "addr:country": "EE",
        "addr:housenumber": "16b",
        "addr:postcode": "12617",
        "addr:street": "Trummi",
        "building": "commercial",
        "height": "9",
        "maaamet:ETAK": "491736",
        "source": "Maaamet ADS 12.2010",
        "source:addr": "Maa- ja Ruumiamet 2025"
      }
    },
    {
      "type": "Feature",
      "geometry": {
        "type": "Polygon",
        "coordinates": [
          [
            [
              24.659565,
              59.392177
            ],
            [
              24.659486,
              59.392162
            ],
            [
              24.659523,
              59.392101
            ],
            [
              24.659605,
              59.392112
            ],
            [
              24.659565,
              59.392177
            ]
          ]
        ]
      },
      "properties": {
        "building": "yes"
      }
    },
    {
      "type": "Feature",
      "geometry": {
        "type": "Polygon",
        "coordinates": [
          [
            [
              24.6601316,
              59.3921495
            ],
            [
              24.6599458,
              59.3921648
            ],
            [
              24.6599176,
              59.392076
            ],
            [
              24.6600739,
              59.3920631
            ],
            [
              24.6600805,
              59.3920837
            ],
            [
              24.6601099,
              59.3920812
            ],
            [
              24.6601316,
              59.3921495
            ]
          ]
        ]
      },
      "properties": {
        "addr:city": "Tallinn",
        "addr:country": "EE",
        "addr:housenumber": "3",
        "addr:postcode": "12616",
        "addr:street": "Pikakase",
        "building": "yes",
        "height": "8",
        "maaamet:ETAK": "582714",
        "source:addr": "Maa- ja Ruumiamet 2025"
      }
    },
    {
      "type": "Feature",
      "geometry": {
        "type": "Polygon",
        "coordinates": [
          [
            [
              24.6594674,
              59.3921312
            ],
            [
              24.6595047,
              59.3920741
            ],
            [
              24.6595534,
              59.391992
            ],
            [
              24.6595465,
              59.391991
            ],
            [
              24.6594553,
              59.3919779
            ],
            [
              24.6593659,
              59.3921156
            ],
            [
              24.6594674,
              59.3921312
            ]
          ]
        ]
      },
      "properties": {
        "addr:city": "Tallinn",
        "addr:country": "EE",
        "addr:housenumber": "12",
        "addr:postcode": "12616",
        "addr:street": "Lossi",
        "building": "yes",
        "height": "3",
        "maaamet:ETAK": "486360",
        "source:addr": "Maa- ja Ruumiamet 2025"
      }
    },
    {
      "type": "Feature",
      "geometry": {
        "type": "Polygon",
        "coordinates": [
          [
            [
              24.6567106,
              59.3919395
            ],
            [
              24.6565662,
              59.3919369
            ],
            [
              24.6565603,
              59.392023
            ],
            [
              24.6567047,
              59.3920255
            ],
            [
              24.6567106,
              59.3919395
            ]
          ]
        ]
      },
      "properties": {
        "addr:city": "Tallinn",
        "addr:country": "EE",
        "addr:housenumber": "14",
        "addr:postcode": "12617",
        "addr:street": "Trummi",
        "building": "yes",
        "height": "4",
        "maaamet:ETAK": "491731",
        "source:addr": "Maa- ja Ruumiamet 2025"
      }
    },
    {
      "type": "Feature",
      "geometry": {
        "type": "Polygon",
        "coordinates": [
          [
            [
              24.660487,
              59.3918798
            ],
            [
              24.660455,
              59.3919628
            ],
            [
              24.6605961,
              59.3919767
            ],
            [
              24.6606279,
              59.3918938
            ],
            [
              24.660487,
              59.3918798
            ]
          ]
        ]
      },
      "properties": {
        "addr:city": "Tallinn",
        "addr:country": "EE",
        "addr:housenumber": "6a",
        "addr:postcode": "12616",
        "addr:street": "Trummi",
        "building": "yes",
        "height": "9",
        "maaamet:ETAK": "583142",
        "source": "Maaamet ADS 12.2010",
        "source:addr": "Maa- ja Ruumiamet 2025"
      }
    },
    {
      "type": "Feature",
      "geometry": {
        "type": "Polygon",
        "coordinates": [
          [
            [
              24.6628047,
              59.391833
            ],
            [
              24.6627657,
              59.3919082
            ],
            [
              24.6629164,
              59.3919286
            ],
            [
              24.6629558,
              59.3918534
            ],
            [
              24.6628047,
              59.391833
            ]
          ]
        ]
      },
      "properties": {
        "addr:city": "Tallinn",
        "addr:country": "EE",
        "addr:housenumber": "1a",
        "addr:postcode": "12616",
        "addr:street": "Trummi",
        "building": "yes",
        "height": "11",
        "maaamet:ETAK": "582691",
        "source:addr": "Maa- ja Ruumiamet 2025"
      }
    },
    {
      "type": "Feature",
      "geometry": {
        "type": "Polygon",
        "coordinates": [
          [
            [
              24.6602195,
              59.3918472
            ],
            [
              24.6600498,
              59.3918288
            ],
            [
              24.6600091,
              59.3919266
            ],
            [
              24.6601789,
              59.391945
            ],
            [
              24.6602195,
              59.3918472
            ]
          ]
        ]
      },
      "properties": {
        "addr:city": "Tallinn",
        "addr:country": "EE",
        "addr:housenumber": "8",
        "addr:postcode": "12616",
        "addr:street": "Trummi",
        "building": "yes",
        "height": "9",
        "maaamet:ETAK": "591480",
        "source:addr": "Maa- ja Ruumiamet 2025"
      }
    },
    {
      "type": "Feature",
      "geometry": {
        "type": "Polygon",
        "coordinates": [
          [
            [
              24.6592141,
              59.3919001
            ],
            [
              24.6591926,
              59.3919089
            ],
            [
              24.6591832,
              59.3919028
            ],
            [
              24.659032,
              59.3919654
            ],
            [
              24.6591162,
              59.3920184
            ],
            [
              24.6591667,
              59.3919976
            ],
            [
              24.6591836,
              59.3920083
            ],
            [
              24.6592187,
              59.3919938
            ],
            [
              24.6592032,
              59.391984
            ],
            [
              24.6592722,
              59.3919554
            ],
            [
              24.6592624,
              59.3919493
            ],
            [
              24.6592795,
              59.3919422
            ],
            [
              24.6592894,
              59.3919252
            ],
            [
              24.6592493,
              59.3919
            ],
            [
              24.6592141,
              59.3919001
            ]
          ]
        ]
      },
      "properties": {
        "addr:city": "Tallinn",
        "addr:country": "EE",
        "addr:housenumber": "12",
        "addr:postcode": "12616",
        "addr:street": "Lossi",
        "building": "yes",
        "height": "9",
        "maaamet:ETAK": "572855",
        "source": "Maaamet ADS 12.2010",
        "source:addr": "Maa- ja Ruumiamet 2025"
      }
    },
    {
      "type": "Feature",
      "geometry": {
        "type": "Polygon",
        "coordinates": [
          [
            [
              24.6630636,
              59.3919033
            ],
            [
              24.6630261,
              59.3919737
            ],
            [
              24.6631417,
              59.39199
            ],
            [
              24.6631836,
              59.3919202
            ],
            [
              24.6630636,
              59.3919033
            ]
          ]
        ]
      },
      "properties": {
        "addr:city": "Tallinn",
        "addr:country": "EE",
        "addr:housenumber": "1",
        "addr:postcode": "12616",
        "addr:street": "Trummi",
        "building": "detached",
        "building:levels": "1",
        "height": "3",
        "maaamet:ETAK": "488670",
        "roof:levels": "1",
        "roof:shape": "gabled",
        "source:addr": "Maa- ja Ruumiamet 2025"
      }
    },
    {
      "type": "Feature",
      "geometry": {
        "type": "Polygon",
        "coordinates": [
          [
            [
              24.6608276,
              59.3919207
            ],
            [
              24.6607177,
              59.3919089
            ],
            [
              24.6606835,
              59.3919916
            ],
            [
              24.6607934,
              59.3920034
            ],
            [
              24.6608276,
              59.3919207
            ]
          ]
        ]
      },
      "properties": {
        "addr:city": "Tallinn",
        "addr:country": "EE",
        "addr:housenumber": "6a",
        "addr:postcode": "12616",
        "addr:street": "Trummi",
        "building": "yes",
        "height": "5",
        "maaamet:ETAK": "476661",
        "source:addr": "Maa- ja Ruumiamet 2025"
      }
    },
    {
      "type": "Feature",
      "geometry": {
        "type": "Polygon",
        "coordinates": [
          [
            [
              24.6591113,
              59.3937723
            ],
            [
              24.6592422,
              59.3937599
            ],
            [
              24.6592472,
              59.3937735
            ],
            [
              24.6594159,
              59.3937574
            ],
            [
              24.659373,
              59.3936399
            ],
            [
              24.6593244,
              59.3935065
            ],
            [
              24.6591551,
              59.3935226
            ],
            [
              24.6591612,
              59.3935393
            ],
            [
              24.6590308,
              59.3935517
            ],
            [
              24.659072,
              59.3936646
            ],
            [
              24.6591113,
              59.3937723
            ]
          ]
        ]
      },
      "properties": {
        "addr:city": "Tallinn",
        "addr:country": "EE",
        "addr:housenumber": "18",
        "addr:postcode": "12616",
        "addr:street": "Lossi",
        "building": "apartments",
        "building:levels": "3",
        "height": "16",
        "maaamet:ETAK": "583723",
        "roof:levels": "1",
        "roof:shape": "gabled",
        "source:addr": "Maa- ja Ruumiamet 2025"
      }
    },
    {
      "type": "Feature",
      "geometry": {
        "type": "Polygon",
        "coordinates": [
          [
            [
              24.6601984,
              59.3937929
            ],
            [
              24.660127,
              59.3939065
            ],
            [
              24.6602703,
              59.393929
            ],
            [
              24.6603412,
              59.3938162
            ],
            [
              24.6601984,
              59.3937929
            ]
          ]
        ]
      },
      "properties": {
        "building": "yes",
        "maaamet:ETAK": "452544"
      }
    },
    {
      "type": "Feature",
      "geometry": {
        "type": "Polygon",
        "coordinates": [
          [
            [
              24.6616595,
              59.393853
            ],
            [
              24.6617192,
              59.3938539
            ],
            [
              24.6617263,
              59.3938031
            ],
            [
              24.6616712,
              59.393802
            ],
            [
              24.6616722,
              59.3937905
            ],
            [
              24.6616168,
              59.3937896
            ],
            [
              24.6616163,
              59.393802
            ],
            [
              24.6615416,
              59.3938005
            ],
            [
              24.661538,
              59.3938512
            ],
            [
              24.6616595,
              59.393853
            ]
          ]
        ]
      },
      "properties": {
        "addr:city": "Tallinn",
        "addr:country": "EE",
        "addr:housenumber": "11",
        "addr:postcode": "12616",
        "addr:street": "Raja",
        "building": "yes",
        "height": "5",
        "maaamet:ETAK": "584821",
        "source:addr": "Maa- ja Ruumiamet 2025"
      }
    },
    {
      "type": "Feature",
      "geometry": {
        "type": "Polygon",
        "coordinates": [
          [
            [
              24.661242,
              59.3938053
            ],
            [
              24.6612225,
              59.3938606
            ],
            [
              24.661297,
              59.3938675
            ],
            [
              24.6613166,
              59.3938122
            ],
            [
              24.661242,
              59.3938053
            ]
          ]
        ]
      },
      "properties": {
        "building": "yes",
        "height": "3",
        "maaamet:ETAK": "5709418"
      }
    },
    {
      "type": "Feature",
      "geometry": {
        "type": "Polygon",
        "coordinates": [
          [
            [
              24.6619204,
              59.3938546
            ],
            [
              24.6621938,
              59.3938952
            ],
            [
              24.6621994,
              59.3938853
            ],
            [
              24.6622383,
              59.393891
            ],
            [
              24.6622332,
              59.3938999
            ],
            [
              24.6623477,
              59.393917
            ],
            [
              24.6626083,
              59.3934605
            ],
            [
              24.6626548,
              59.3933789
            ],
            [
              24.6626792,
              59.3933363
            ],
            [
              24.6624121,
              59.3932965
            ],
            [
              24.6623951,
              59.3933264
            ],
            [
              24.6620378,
              59.3932733
            ],
            [
              24.6619591,
              59.3934107
            ],
            [
              24.6623191,
              59.3934641
            ],
            [
              24.6622013,
              59.3936708
            ],
            [
              24.662039,
              59.3936468
            ],
            [
              24.6619204,
              59.3938546
            ]
          ]
        ]
      },
      "properties": {
        "addr:city": "Tallinn",
        "addr:country": "EE",
        "addr:housenumber": "11a",
        "addr:postcode": "12616",
        "addr:street": "Raja",
        "building": "university",
        "building:levels": "2",
        "height": "10",
        "maaamet:ETAK": "584822",
        "roof:levels": "0",
        "roof:shape": "flat",
        "source:addr": "Maa- ja Ruumiamet 2025"
      }
    },
    {
      "type": "Feature",
      "geometry": {
        "type": "Polygon",
        "coordinates": [
          [
            [
              24.661012,
              59.393383
            ],
            [
              24.660886,
              59.393383
            ],
            [
              24.660886,
              59.39336
            ],
            [
              24.660741,
              59.39336
            ],
            [
              24.660739,
              59.393291
            ],
            [
              24.660844,
              59.393291
            ],
            [
              24.660844,
              59.393268
            ],
            [
              24.660987,
              59.393268
            ],
            [
              24.660997,
              59.393287
            ],
            [
              24.661012,
              59.393383
            ]
          ]
        ]
      },
      "properties": {
        "addr:city": "Tallinn",
        "addr:country": "EE",
        "addr:housenumber": "9",
        "addr:postcode": "12616",
        "addr:street": "Soone",
        "building": "detached",
        "building:levels": "1",
        "height": "9",
        "maaamet:ETAK": "584825",
        "roof:levels": "1",
        "roof:shape": "gambrel",
        "source:addr": "Maa- ja Ruumiamet 2025"
      }
    },
    {
      "type": "Feature",
      "geometry": {
        "type": "Polygon",
        "coordinates": [
          [
            [
              24.6617656,
              59.3932302
            ],
            [
              24.6616921,
              59.3932189
            ],
            [
              24.661581,
              59.3934087
            ],
            [
              24.6616545,
              59.3934199
            ],
            [
              24.6617656,
              59.3932302
            ]
          ]
        ]
      },
      "properties": {
        "addr:city": "Tallinn",
        "addr:country": "EE",
        "addr:housenumber": "11",
        "addr:postcode": "12616",
        "addr:street": "Soone",
        "building": "shed",
        "height": "3",
        "maaamet:ETAK": "588489",
        "source:addr": "Maa-amet 2023"
      }
    },
    {
      "type": "Feature",
      "geometry": {
        "type": "Polygon",
        "coordinates": [
          [
            [
              24.66007,
              59.39326
            ],
            [
              24.660163,
              59.393257
            ],
            [
              24.660167,
              59.393272
            ],
            [
              24.660369,
              59.39326
            ],
            [
              24.660392,
              59.393329
            ],
            [
              24.660184,
              59.393344
            ],
            [
              24.660211,
              59.393421
            ],
            [
              24.660354,
              59.393413
            ],
            [
              24.660369,
              59.393463
            ],
            [
              24.660243,
              59.393473
            ],
            [
              24.660137,
              59.393482
            ],
            [
              24.66007,
              59.39326
            ]
          ]
        ]
      },
      "properties": {
        "addr:housenumber": "7",
        "addr:street": "Soone",
        "building": "detached",
        "building:levels": "1",
        "roof:levels": "1",
        "roof:shape": "gabled"
      }
    },
    {
      "type": "Feature",
      "geometry": {
        "type": "Polygon",
        "coordinates": [
          [
            [
              24.6595073,
              59.3935047
            ],
            [
              24.6599982,
              59.3934601
            ],
            [
              24.6599685,
              59.3933755
            ],
            [
              24.6599357,
              59.3933784
            ],
            [
              24.659913,
              59.3933138
            ],
            [
              24.6594786,
              59.3933534
            ],
            [
              24.6595019,
              59.3934204
            ],
            [
              24.6594782,
              59.3934225
            ],
            [
              24.6595073,
              59.3935047
            ]
          ]
        ]
      },
      "properties": {
        "addr:city": "Tallinn",
        "addr:country": "EE",
        "addr:housenumber": "3",
        "addr:postcode": "12616",
        "addr:street": "Soone",
        "building": "apartments",
        "building:levels": "3",
        "height": "16",
        "maaamet:ETAK": "583722",
        "roof:levels": "1",
        "roof:shape": "gabled",
        "source:addr": "Maa- ja Ruumiamet 2025"
      }
    },
    {
      "type": "Feature",
      "geometry": {
        "type": "Polygon",
        "coordinates": [
          [
            [
              24.6579484,
              59.3935899
            ],
            [
              24.6581529,
              59.3934991
            ],
            [
              24.6580154,
              59.3934141
            ],
            [
              24.6579205,
              59.393454
            ],
            [
              24.6578675,
              59.3934212
            ],
            [
              24.6577153,
              59.3934897
            ],
            [
              24.6576889,
              59.3935017
            ],
            [
              24.6576818,
              59.39351
            ],
            [
              24.65768,
              59.3935213
            ],
            [
              24.6576879,
              59.3935333
            ],
            [
              24.6577053,
              59.3935404
            ],
            [
              24.6577313,
              59.3935429
            ],
            [
              24.6577614,
              59.3935405
            ],
            [
              24.657784,
              59.3935325
            ],
            [
              24.6578717,
              59.3935871
            ],
            [
              24.6579484,
              59.3935899
            ]
          ]
        ]
      },
      "properties": {
        "addr:city": "Tallinn",
        "addr:country": "EE",
        "addr:housenumber": "17",
        "addr:postcode": "12616",
        "addr:street": "Lossi",
        "building": "detached",
        "height": "9",
        "maaamet:ETAK": "585953",
        "source:addr": "Maa- ja Ruumiamet 2025"
      }
    },
    {
      "type": "Feature",
      "geometry": {
        "type": "Polygon",
        "coordinates": [
          [
            [
              24.661062,
              59.3936293
            ],
            [
              24.6610422,
              59.3935928
            ],
            [
              24.6609918,
              59.3935999
            ],
            [
              24.6609633,
              59.3935473
            ],
            [
              24.6609063,
              59.3935553
            ],
            [
              24.6609545,
              59.3936444
            ],
            [
              24.661062,
              59.3936293
            ]
          ]
        ]
      },
      "properties": {
        "addr:city": "Tallinn",
        "addr:country": "EE",
        "addr:housenumber": "9",
        "addr:postcode": "12616",
        "addr:street": "Soone",
        "building": "yes",
        "height": "5",
        "maaamet:ETAK": "458596",
        "source:addr": "Maa- ja Ruumiamet 2025"
      }
    },
    {
      "type": "Feature",
      "geometry": {
        "type": "Polygon",
        "coordinates": [
          [
            [
              24.6569592,
              59.3936038
            ],
            [
              24.6568802,
              59.3936232
            ],
            [
              24.6569273,
              59.3936732
            ],
            [
              24.6570063,
              59.393654
            ],
            [
              24.6569592,
              59.3936038
            ]
          ]
        ]
      },
      "properties": {
        "addr:city": "Tallinn",
        "addr:country": "EE",
        "addr:housenumber": "15b",
        "addr:postcode": "12617",
        "addr:street": "Lossi",
        "building": "yes",
        "height": "9",
        "maaamet:ETAK": "460286",
        "source:addr": "Maa- ja Ruumiamet 2025"
      }
    },
    {
      "type": "Feature",
      "geometry": {
        "type": "Polygon",
        "coordinates": [
          [
            [
              24.6567222,
              59.393754
            ],
            [
              24.6567774,
              59.3937862
            ],
            [
              24.656837,
              59.3937598
            ],
            [
              24.6567819,
              59.3937275
            ],
            [
              24.6567222,
              59.393754
            ]
          ]
        ]
      },
      "properties": {
        "addr:city": "Tallinn",
        "addr:housenumber": "17",
        "addr:postcode": "12616",
        "addr:street": "Lossi",
        "building": "yes",
        "height": "4",
        "maaamet:ETAK": "5709458",
        "source:addr": "Maa-amet 2019"
      }
    },
    {
      "type": "Feature",
      "geometry": {
        "type": "Polygon",
        "coordinates": [
          [
            [
              24.6581771,
              59.3930597
            ],
            [
              24.6578809,
              59.3930617
            ],
            [
              24.6578832,
              59.3931525
            ],
            [
              24.6581795,
              59.3931506
            ],
            [
              24.6581771,
              59.3930597
            ]
          ]
        ]
      },
      "properties": {
        "addr:city": "Tallinn",
        "addr:country": "EE",
        "addr:housenumber": "15c",
        "addr:postcode": "12616",
        "addr:street": "Lossi",
        "building": "yes",
        "height": "8",
        "maaamet:ETAK": "577053",
        "old_addr:housenumber": "15/1",
        "source:addr": "Maa- ja Ruumiamet 2025"
      }
    },
    {
      "type": "Feature",
      "geometry": {
        "type": "Polygon",
        "coordinates": [
          [
            [
              24.661853,
              59.3930758
            ],
            [
              24.6619985,
              59.3930871
            ],
            [
              24.6620195,
              59.3930162
            ],
            [
              24.661874,
              59.3930049
            ],
            [
              24.661853,
              59.3930758
            ]
          ]
        ]
      },
      "properties": {
        "addr:city": "Tallinn",
        "addr:country": "EE",
        "addr:housenumber": "16",
        "addr:postcode": "12616",
        "addr:street": "Soone",
        "building": "detached",
        "building:levels": "1",
        "height": "9",
        "maaamet:ETAK": "572994",
        "roof:levels": "1",
        "roof:shape": "gabled",
        "source:addr": "Maa- ja Ruumiamet 2025"
      }
    },
    {
      "type": "Feature",
      "geometry": {
        "type": "Polygon",
        "coordinates": [
          [
            [
              24.659916,
              59.393159
            ],
            [
              24.6602048,
              59.3931323
            ],
            [
              24.6601752,
              59.3930491
            ],
            [
              24.6598866,
              59.3930756
            ],
            [
              24.659916,
              59.393159
            ]
          ]
        ]
      },
      "properties": {
        "addr:city": "Tallinn",
        "addr:country": "EE",
        "addr:housenumber": "8",
        "addr:postcode": "12616",
        "addr:street": "Soone",
        "building": "semidetached_house",
        "building:levels": "1",
        "height": "10",
        "maaamet:ETAK": "578364",
        "roof:levels": "1",
        "roof:shape": "gabled",
        "source": "Maaamet ADS 12.2010",
        "source:addr": "Maa- ja Ruumiamet 2025"
      }
    },
    {
      "type": "Feature",
      "geometry": {
        "type": "Polygon",
        "coordinates": [
          [
            [
              24.6622727,
              59.3930582
            ],
            [
              24.6622319,
              59.3931278
            ],
            [
              24.662373,
              59.3931491
            ],
            [
              24.6624137,
              59.3930796
            ],
            [
              24.6622727,
              59.3930582
            ]
          ]
        ]
      },
      "properties": {
        "addr:city": "Tallinn",
        "addr:country": "EE",
        "addr:housenumber": "18",
        "addr:postcode": "12616",
        "addr:street": "Soone",
        "building": "shed",
        "height": "4",
        "maaamet:ETAK": "492472",
        "source:addr": "Maa- ja Ruumiamet 2025"
      }
    },
    {
      "type": "Feature",
      "geometry": {
        "type": "Polygon",
        "coordinates": [
          [
            [
              24.658359,
              59.393211
            ],
            [
              24.658355,
              59.393165
            ],
            [
              24.658491,
              59.393165
            ],
            [
              24.658481,
              59.393096
            ],
            [
              24.658657,
              59.393093
            ],
            [
              24.658664,
              59.39318
            ],
            [
              24.658506,
              59.393188
            ],
            [
              24.658508,
              59.393207
            ],
            [
              24.658359,
              59.393211
            ]
          ]
        ]
      },
      "properties": {
        "addr:housenumber": "15a",
        "addr:street": "Lossi",
        "building": "detached",
        "building:levels": "1",
        "roof:levels": "1",
        "source": "Maaamet ADS 12.2010"
      }
    },
    {
      "type": "Feature",
      "geometry": {
        "type": "Polygon",
        "coordinates": [
          [
            [
              24.6625829,
              59.393065
            ],
            [
              24.6625359,
              59.3931462
            ],
            [
              24.6626965,
              59.3931703
            ],
            [
              24.6627432,
              59.393089
            ],
            [
              24.6625829,
              59.393065
            ]
          ]
        ]
      },
      "properties": {
        "addr:city": "Tallinn",
        "addr:country": "EE",
        "addr:housenumber": "20",
        "addr:postcode": "12616",
        "addr:street": "Soone",
        "building": "detached",
        "building:levels": "1",
        "height": "9",
        "maaamet:ETAK": "582698",
        "roof:levels": "1",
        "roof:shape": "gabled",
        "source:addr": "Maa- ja Ruumiamet 2025"
      }
    },
    {
      "type": "Feature",
      "geometry": {
        "type": "Polygon",
        "coordinates": [
          [
            [
              24.6612649,
              59.3932402
            ],
            [
              24.661123,
              59.3932423
            ],
            [
              24.6611242,
              59.3932928
            ],
            [
              24.6612048,
              59.3932917
            ],
            [
              24.6612098,
              59.3933591
            ],
            [
              24.6613162,
              59.3933566
            ],
            [
              24.661312,
              59.3933138
            ],
            [
              24.6612869,
              59.3933139
            ],
            [
              24.6612868,
              59.3932817
            ],
            [
              24.6612637,
              59.3932822
            ],
            [
              24.6612649,
              59.3932402
            ]
          ]
        ]
      },
      "properties": {
        "addr:city": "Tallinn",
        "addr:country": "EE",
        "addr:housenumber": "9",
        "addr:postcode": "12616",
        "addr:street": "Soone",
        "building": "detached",
        "building:levels": "1",
        "height": "3",
        "maaamet:ETAK": "458595",
        "roof:levels": "1",
        "roof:shape": "gabled",
        "source:addr": "Maa- ja Ruumiamet 2025"
      }
    },
    {
      "type": "Feature",
      "geometry": {
        "type": "Polygon",
        "coordinates": [
          [
            [
              24.6581589,
              59.3929653
            ],
            [
              24.6581697,
              59.3929614
            ],
            [
              24.6581774,
              59.3929565
            ],
            [
              24.6581831,
              59.3929501
            ],
            [
              24.6581954,
              59.3929171
            ],
            [
              24.6582312,
              59.392921
            ],
            [
              24.6582395,
              59.3929012
            ],
            [
              24.6582783,
              59.3929053
            ],
            [
              24.6582965,
              59.3928614
            ],
            [
              24.6582577,
              59.3928573
            ],
            [
              24.6582635,
              59.3928432
            ],
            [
              24.6582205,
              59.3928386
            ],
            [
              24.6582229,
              59.3928329
            ],
            [
              24.6582224,
              59.3928282
            ],
            [
              24.6582208,
              59.3928251
            ],
            [
              24.6582181,
              59.3928221
            ],
            [
              24.6582152,
              59.3928201
            ],
            [
              24.6582103,
              59.3928175
            ],
            [
              24.6582056,
              59.3928158
            ],
            [
              24.6582006,
              59.3928145
            ],
            [
              24.6581945,
              59.3928136
            ],
            [
              24.6581889,
              59.3928132
            ],
            [
              24.6581825,
              59.3928134
            ],
            [
              24.6581764,
              59.3928141
            ],
            [
              24.6581725,
              59.3928149
            ],
            [
              24.6581682,
              59.3928161
            ],
            [
              24.6581636,
              59.3928179
            ],
            [
              24.6581603,
              59.3928197
            ],
            [
              24.658157,
              59.3928221
            ],
            [
              24.6581551,
              59.392824
            ],
            [
              24.6581176,
              59.3929131
            ],
            [
              24.6580146,
              59.3929022
            ],
            [
              24.6579992,
              59.3929538
            ],
            [
              24.6581115,
              59.3929644
            ],
            [
              24.6581223,
              59.392967
            ],
            [
              24.6581343,
              59.3929681
            ],
            [
              24.6581466,
              59.3929676
            ],
            [
              24.6581589,
              59.3929653
            ]
          ]
        ]
      },
      "properties": {
        "addr:city": "Tallinn",
        "addr:country": "EE",
        "addr:housenumber": "15",
        "addr:postcode": "12616",
        "addr:street": "Lossi",
        "building": "yes",
        "height": "7",
        "maaamet:ETAK": "572042",
        "source:addr": "Maa- ja Ruumiamet 2025"
      }
    },
    {
      "type": "Feature",
      "geometry": {
        "type": "Polygon",
        "coordinates": [
          [
            [
              24.660154,
              59.39302
            ],
            [
              24.660131,
              59.392951
            ],
            [
              24.660209,
              59.392944
            ],
            [
              24.660232,
              59.393013
            ],
            [
              24.660154,
              59.39302
            ]
          ]
        ]
      },
      "properties": {
        "building": "yes"
      }
    },
    {
      "type": "Feature",
      "geometry": {
        "type": "Polygon",
        "coordinates": [
          [
            [
              24.6624817,
              59.3929358
            ],
            [
              24.6623311,
              59.3929122
            ],
            [
              24.6622856,
              59.3929876
            ],
            [
              24.6624362,
              59.3930112
            ],
            [
              24.6624817,
              59.3929358
            ]
          ]
        ]
      },
      "properties": {
        "addr:city": "Tallinn",
        "addr:country": "EE",
        "addr:housenumber": "18",
        "addr:postcode": "12616",
        "addr:street": "Soone",
        "building": "detached",
        "building:levels": "1",
        "height": "9",
        "maaamet:ETAK": "578363",
        "roof:levels": "2",
        "roof:shape": "gabled",
        "source:addr": "Maa- ja Ruumiamet 2025"
      }
    },
    {
      "type": "Feature",
      "geometry": {
        "type": "Polygon",
        "coordinates": [
          [
            [
              24.6611278,
              59.3929439
            ],
            [
              24.6610734,
              59.3929484
            ],
            [
              24.6610668,
              59.3929535
            ],
            [
              24.661066,
              59.3929589
            ],
            [
              24.6610693,
              59.3929757
            ],
            [
              24.6610022,
              59.3929822
            ],
            [
              24.661031,
              59.3930603
            ],
            [
              24.66121,
              59.3930431
            ],
            [
              24.6611812,
              59.392965
            ],
            [
              24.6611538,
              59.3929676
            ],
            [
              24.6611467,
              59.3929526
            ],
            [
              24.6611393,
              59.3929462
            ],
            [
              24.6611278,
              59.3929439
            ]
          ]
        ]
      },
      "properties": {
        "addr:city": "Tallinn",
        "addr:country": "EE",
        "addr:housenumber": "12",
        "addr:postcode": "12616",
        "addr:street": "Soone",
        "building": "detached",
        "building:levels": "2",
        "height": "8",
        "maaamet:ETAK": "578326",
        "source:addr": "Maa- ja Ruumiamet 2025"
      }
    },
    {
      "type": "Feature",
      "geometry": {
        "type": "Polygon",
        "coordinates": [
          [
            [
              24.6614376,
              59.3929488
            ],
            [
              24.6614165,
              59.3928965
            ],
            [
              24.6613236,
              59.3929059
            ],
            [
              24.6613601,
              59.3929951
            ],
            [
              24.661409,
              59.3929992
            ],
            [
              24.661408,
              59.3930018
            ],
            [
              24.6613972,
              59.3930317
            ],
            [
              24.6616023,
              59.3930533
            ],
            [
              24.6616357,
              59.3929694
            ],
            [
              24.6614376,
              59.3929488
            ]
          ]
        ]
      },
      "properties": {
        "addr:city": "Tallinn",
        "addr:country": "EE",
        "addr:housenumber": "14",
        "addr:postcode": "12616",
        "addr:street": "Soone",
        "building": "detached",
        "building:levels": "2",
        "height": "10",
        "maaamet:ETAK": "461197",
        "roof:levels": "1",
        "roof:shape": "gabled",
        "source:addr": "Maa- ja Ruumiamet 2025"
      }
    },
    {
      "type": "Feature",
      "geometry": {
        "type": "Polygon",
        "coordinates": [
          [
            [
              24.6573077,
              59.3917455
            ],
            [
              24.6572943,
              59.3917976
            ],
            [
              24.6573315,
              59.3918001
            ],
            [
              24.6573226,
              59.3918343
            ],
            [
              24.6574327,
              59.3918417
            ],
            [
              24.6574423,
              59.3918054
            ],
            [
              24.6574793,
              59.3918079
            ],
            [
              24.6574949,
              59.391808
            ],
            [
              24.6575074,
              59.3918059
            ],
            [
              24.6575142,
              59.3918035
            ],
            [
              24.6575189,
              59.3917993
            ],
            [
              24.6575223,
              59.3917925
            ],
            [
              24.6575214,
              59.3917861
            ],
            [
              24.6575148,
              59.3917809
            ],
            [
              24.6574984,
              59.3917765
            ],
            [
              24.6574876,
              59.391776
            ],
            [
              24.6574922,
              59.391758
            ],
            [
              24.6573077,
              59.3917455
            ]
          ]
        ]
      },
      "properties": {
        "addr:city": "Tallinn",
        "addr:country": "EE",
        "addr:housenumber": "12",
        "addr:postcode": "12617",
        "addr:street": "Trummi",
        "building": "yes",
        "height": "6",
        "maaamet:ETAK": "577809",
        "source": "Maaamet ADS 12.2010",
        "source:addr": "Maa- ja Ruumiamet 2025"
      }
    },
    {
      "type": "Feature",
      "geometry": {
        "type": "Polygon",
        "coordinates": [
          [
            [
              24.656246,
              59.3917
            ],
            [
              24.656477,
              59.391708
            ],
            [
              24.656457,
              59.39186
            ],
            [
              24.65624,
              59.391853
            ],
            [
              24.656248,
              59.391807
            ],
            [
              24.656351,
              59.391811
            ],
            [
              24.656354,
              59.391773
            ],
            [
              24.656236,
              59.391769
            ],
            [
              24.656246,
              59.3917
            ]
          ]
        ]
      },
      "properties": {
        "addr:housenumber": "14b",
        "addr:street": "Trummi",
        "building": "yes",
        "source": "Maaamet ADS 12.2010"
      }
    },
    {
      "type": "Feature",
      "geometry": {
        "type": "Polygon",
        "coordinates": [
          [
            [
              24.6566481,
              59.391832
            ],
            [
              24.6566823,
              59.3918326
            ],
            [
              24.6566792,
              59.3918814
            ],
            [
              24.6569575,
              59.3918861
            ],
            [
              24.6569638,
              59.3917922
            ],
            [
              24.6570131,
              59.391793
            ],
            [
              24.6570206,
              59.39169
            ],
            [
              24.6567485,
              59.3916854
            ],
            [
              24.6567481,
              59.3916928
            ],
            [
              24.6567157,
              59.3916923
            ],
            [
              24.6567127,
              59.3917383
            ],
            [
              24.6567335,
              59.3917387
            ],
            [
              24.6567304,
              59.3917826
            ],
            [
              24.6566514,
              59.3917812
            ],
            [
              24.6566481,
              59.391832
            ]
          ]
        ]
      },
      "properties": {
        "addr:city": "Tallinn",
        "addr:country": "EE",
        "addr:housenumber": "14d",
        "addr:postcode": "12617",
        "addr:street": "Trummi",
        "building": "yes",
        "height": "12",
        "maaamet:ETAK": "577815",
        "source": "Maaamet ADS 12.2010",
        "source:addr": "Maa- ja Ruumiamet 2025"
      }
    },
    {
      "type": "Feature",
      "geometry": {
        "type": "Polygon",
        "coordinates": [
          [
            [
              24.659841,
              59.3918923
            ],
            [
              24.6599322,
              59.3919005
            ],
            [
              24.659941,
              59.3918765
            ],
            [
              24.6599268,
              59.3918753
            ],
            [
              24.6599387,
              59.3918427
            ],
            [
              24.6598372,
              59.3918328
            ],
            [
              24.6598269,
              59.3918629
            ],
            [
              24.6598514,
              59.3918653
            ],
            [
              24.659841,
              59.3918923
            ]
          ]
        ]
      },
      "properties": {
        "addr:city": "Tallinn",
        "addr:country": "EE",
        "addr:housenumber": "8",
        "addr:postcode": "12616",
        "addr:street": "Trummi",
        "building": "yes",
        "maaamet:ETAK": "450163",
        "source:addr": "Maa- ja Ruumiamet 2025"
      }
    },
    {
      "type": "Feature",
      "geometry": {
        "type": "Polygon",
        "coordinates": [
          [
            [
              24.6589229,
              59.3974171
            ],
            [
              24.6591349,
              59.3974174
            ],
            [
              24.6591354,
              59.3973514
            ],
            [
              24.6589234,
              59.3973509
            ],
            [
              24.6589229,
              59.3974171
            ]
          ]
        ]
      },
      "properties": {
        "addr:city": "Tallinn",
        "addr:country": "EE",
        "addr:housenumber": "3e",
        "addr:postcode": "12618",
        "addr:street": "Teaduspargi",
        "building": "service",
        "height": "5",
        "maaamet:ETAK": "596490",
        "old_addr:housenumber": "15A/1",
        "old_addr:street": "Akadeemia tee",
        "power": "substation",
        "source:addr": "Maa- ja Ruumiamet 2025",
        "substation": "minor_distribution"
      }
    },
    {
      "type": "Feature",
      "geometry": {
        "type": "Polygon",
        "coordinates": [
          [
            [
              24.6546872,
              59.396853
            ],
            [
              24.6541747,
              59.3969523
            ],
            [
              24.6545149,
              59.397407
            ],
            [
              24.6550273,
              59.3973074
            ],
            [
              24.6546872,
              59.396853
            ]
          ]
        ]
      },
      "properties": {
        "addr:city": "Tallinn",
        "addr:country": "EE",
        "addr:housenumber": "6b",
        "addr:postcode": "12618",
        "addr:street": "Mäealuse",
        "building": "yes",
        "height": "14",
        "maaamet:ETAK": "456971",
        "source": "ADS 2011-04",
        "source:addr": "Maa- ja Ruumiamet 2025"
      }
    },
    {
      "type": "Feature",
      "geometry": {
        "type": "Polygon",
        "coordinates": [
          [
            [
              24.6618958,
              59.3967196
            ],
            [
              24.6618967,
              59.3973138
            ],
            [
              24.6621165,
              59.3973137
            ],
            [
              24.6621996,
              59.3973134
            ],
            [
              24.6621995,
              59.397377
            ],
            [
              24.6621995,
              59.3974293
            ],
            [
              24.6621994,
              59.3975203
            ],
            [
              24.6619912,
              59.3975203
            ],
            [
              24.6618842,
              59.3975202
            ],
            [
              24.6618842,
              59.3974901
            ],
            [
              24.6614039,
              59.3974899
            ],
            [
              24.661404,
              59.3974275
            ],
            [
              24.6613054,
              59.3974276
            ],
            [
              24.6613053,
              59.3973221
            ],
            [
              24.6614626,
              59.3973221
            ],
            [
              24.6614624,
              59.3974223
            ],
            [
              24.6616067,
              59.3974223
            ],
            [
              24.6616057,
              59.3967197
            ],
            [
              24.661696,
              59.3967197
            ],
            [
              24.6617463,
              59.3967197
            ],
            [
              24.6618958,
              59.3967196
            ]
          ]
        ]
      },
      "properties": {
        "addr:city": "Tallinn",
        "addr:country": "EE",
        "addr:housenumber": "15",
        "addr:postcode": "12618",
        "addr:street": "Akadeemia tee",
        "building": "university",
        "building:levels": "1",
        "building:part": "yes",
        "height": "24",
        "maaamet:ETAK": "592322",
        "name": "TTÜ loodusteaduste maja (SCI)",
        "name:en": "Science Building (SCI)",
        "roof:levels": "0",
        "roof:shape": "flat",
        "source:addr": "Maa- ja Ruumiamet 2025"
      }
    },
    {
      "type": "Feature",
      "geometry": {
        "type": "Polygon",
        "coordinates": [
          [
            [
              24.6669612,
              59.3973694
            ],
            [
              24.6668694,
              59.3972813
            ],
            [
              24.6668489,
              59.3972616
            ],
            [
              24.6668282,
              59.3972417
            ],
            [
              24.6667981,
              59.3972498
            ],
            [
              24.6663489,
              59.3973711
            ],
            [
              24.666393,
              59.3974135
            ],
            [
              24.6664819,
              59.3974988
            ],
            [
              24.6669612,
              59.3973694
            ]
          ]
        ]
      },
      "properties": {
        "addr:city": "Tallinn",
        "addr:country": "EE",
        "addr:housenumber": "24",
        "addr:postcode": "12611",
        "addr:street": "Akadeemia tee",
        "building": "commercial",
        "building:levels": "2",
        "building:material": "plaster",
        "colour": "beige",
        "height": "8",
        "maaamet:ETAK": "578331",
        "roof:colour": "gray",
        "roof:height": "0.5",
        "roof:levels": "0",
        "roof:shape": "gabled",
        "source": "ADS 2011-04",
        "source:addr": "Maa- ja Ruumiamet 2025"
      }
    },
    {
      "type": "Feature",
      "geometry": {
        "type": "Polygon",
        "coordinates": [
          [
            [
              24.6646332,
              59.3966171
            ],
            [
              24.6645563,
              59.3968229
            ],
            [
              24.6646254,
              59.3968301
            ],
            [
              24.6646153,
              59.3968564
            ],
            [
              24.6647234,
              59.3968669
            ],
            [
              24.6647724,
              59.3968717
            ],
            [
              24.6647825,
              59.3968448
            ],
            [
              24.664879,
              59.3968542
            ],
            [
              24.6649992,
              59.3965368
            ],
            [
              24.6646756,
              59.3965052
            ],
            [
              24.6646332,
              59.3966171
            ]
          ]
        ]
      },
      "properties": {
        "addr:city": "Tallinn",
        "addr:country": "EE",
        "addr:housenumber": "11/1",
        "addr:postcode": "12616",
        "addr:street": "Akadeemia tee",
        "building": "hostel",
        "building:levels": "5",
        "height": "16",
        "internet_access": "wlan",
        "landuse": "residential",
        "maaamet:ETAK": "454313",
        "name": "Academic Hostel (HOS)",
        "roof:shape": "flat",
        "smoking": "outside",
        "source:addr": "Maa- ja Ruumiamet 2025",
        "tourism": "hostel",
        "website": "https://www.academichostel.com/"
      }
    },
    {
      "type": "Feature",
      "geometry": {
        "type": "Polygon",
        "coordinates": [
          [
            [
              24.6567086,
              59.396961
            ],
            [
              24.6564844,
              59.3970045
            ],
            [
              24.6561606,
              59.3965724
            ],
            [
              24.6563241,
              59.3965406
            ],
            [
              24.6563848,
              59.3965289
            ],
            [
              24.6567086,
              59.396961
            ]
          ]
        ]
      },
      "properties": {
        "addr:city": "Tallinn",
        "addr:country": "EE",
        "addr:housenumber": "4/1",
        "addr:postcode": "12618",
        "addr:street": "Mäealuse",
        "building": "office",
        "building:levels": "3",
        "height": "14",
        "maaamet:ETAK": "593413",
        "roof:levels": "0",
        "roof:shape": "flat",
        "source": "ADS 2011-04",
        "source:addr": "Maa- ja Ruumiamet 2025"
      }
    },
    {
      "type": "Feature",
      "geometry": {
        "type": "Polygon",
        "coordinates": [
          [
            [
              24.6645417,
              59.3969286
            ],
            [
              24.6642558,
              59.3970129
            ],
            [
              24.6641974,
              59.3969591
            ],
            [
              24.6640525,
              59.3968288
            ],
            [
              24.6640478,
              59.3968245
            ],
            [
              24.6641092,
              59.396807
            ],
            [
              24.6640911,
              59.396791
            ],
            [
              24.6640302,
              59.396809
            ],
            [
              24.663856,
              59.3966557
            ],
            [
              24.6641349,
              59.3965735
            ],
            [
              24.6643054,
              59.3967234
            ],
            [
              24.6642427,
              59.3967419
            ],
            [
              24.6642597,
              59.3967569
            ],
            [
              24.6643248,
              59.3967377
            ],
            [
              24.6644433,
              59.396842
            ],
            [
              24.6644591,
              59.3968559
            ],
            [
              24.6644987,
              59.3968908
            ],
            [
              24.6645156,
              59.3969053
            ],
            [
              24.6645417,
              59.3969286
            ]
          ]
        ]
      },
      "properties": {
        "addr:city": "Tallinn",
        "addr:country": "EE",
        "addr:housenumber": "11/2",
        "addr:postcode": "12616",
        "addr:street": "Akadeemia tee",
        "building": "dormitory",
        "building:levels": "4",
        "building:material": "plaster",
        "building:part": "yes",
        "height": "15",
        "maaamet:ETAK": "480992",
        "min_height": "3",
        "name": "Ühiselamu 7 (DO7)",
        "name:en": "Dormitory 7 (DO7)",
        "roof:shape": "flat",
        "smoking": "outside",
        "source:addr": "Maa- ja Ruumiamet 2025"
      }
    },
    {
      "type": "Feature",
      "geometry": {
        "type": "Polygon",
        "coordinates": [
          [
            [
              24.6603885,
              59.396713
            ],
            [
              24.6603872,
              59.3967904
            ],
            [
              24.6603817,
              59.3971055
            ],
            [
              24.6603813,
              59.3971296
            ],
            [
              24.6603808,
              59.3971547
            ],
            [
              24.6603799,
              59.3972092
            ],
            [
              24.660246,
              59.3972086
            ],
            [
              24.6602465,
              59.3971793
            ],
            [
              24.6601722,
              59.397179
            ],
            [
              24.6601717,
              59.3972106
            ],
            [
              24.6600387,
              59.3972101
            ],
            [
              24.6600457,
              59.3968022
            ],
            [
              24.6600458,
              59.3967926
            ],
            [
              24.6600472,
              59.3967124
            ],
            [
              24.6601749,
              59.3967129
            ],
            [
              24.6601745,
              59.3967356
            ],
            [
              24.6602546,
              59.3967359
            ],
            [
              24.660255,
              59.3967124
            ],
            [
              24.6603885,
              59.396713
            ]
          ]
        ]
      },
      "properties": {
        "addr:city": "Tallinn",
        "addr:country": "EE",
        "addr:housenumber": "3/1",
        "addr:postcode": "12618",
        "addr:street": "Teaduspargi",
        "building": "office",
        "building:colour": "white",
        "building:levels": "4",
        "building:material": "plaster",
        "height": "11",
        "maaamet:ETAK": "582985",
        "roof:levels": "0",
        "roof:shape": "flat",
        "source:addr": "Maa- ja Ruumiamet 2025"
      }
    },
    {
      "type": "Feature",
      "geometry": {
        "type": "Polygon",
        "coordinates": [
          [
            [
              24.6674906,
              59.3977895
            ],
            [
              24.6674917,
              59.3977353
            ],
            [
              24.667492,
              59.3977206
            ],
            [
              24.6674915,
              59.3977084
            ],
            [
              24.6674932,
              59.3975636
            ],
            [
              24.6674934,
              59.3975497
            ],
            [
              24.6674942,
              59.397535
            ],
            [
              24.6674952,
              59.3973876
            ],
            [
              24.6674953,
              59.3973766
            ],
            [
              24.6674955,
              59.3973629
            ],
            [
              24.6674972,
              59.3972135
            ],
            [
              24.667498,
              59.3971974
            ],
            [
              24.667498,
              59.3971869
            ],
            [
              24.6674981,
              59.3971376
            ],
            [
              24.6672861,
              59.397137
            ],
            [
              24.6672784,
              59.3977889
            ],
            [
              24.6674906,
              59.3977895
            ]
          ]
        ]
      },
      "properties": {
        "addr:city": "Tallinn",
        "addr:country": "EE",
        "addr:housenumber": "22",
        "addr:postcode": "12611",
        "addr:street": "Akadeemia tee",
        "building": "apartments",
        "building:levels": "5",
        "building:material": "concrete",
        "building:material:concrete": "panels",
        "height": "16",
        "maaamet:ETAK": "578330",
        "roof:shape": "flat",
        "source": "ADS 2011-04",
        "source:addr": "Maa- ja Ruumiamet 2025"
      }
    },
    {
      "type": "Feature",
      "geometry": {
        "type": "Polygon",
        "coordinates": [
          [
            [
              24.6551352,
              59.3977322
            ],
            [
              24.6550334,
              59.3978697
            ],
            [
              24.6546333,
              59.3977925
            ],
            [
              24.6547351,
              59.3976551
            ],
            [
              24.6551352,
              59.3977322
            ]
          ]
        ]
      },
      "properties": {
        "addr:city": "Tallinn",
        "addr:country": "EE",
        "addr:housenumber": "9",
        "addr:postcode": "12618",
        "addr:street": "Teaduspargi",
        "building": "yes",
        "height": "8",
        "maaamet:ETAK": "594789",
        "source:addr": "Maa- ja Ruumiamet 2025"
      }
    },
    {
      "type": "Feature",
      "geometry": {
        "type": "Polygon",
        "coordinates": [
          [
            [
              24.6684885,
              59.3979165
            ],
            [
              24.6684889,
              59.3978612
            ],
            [
              24.6684889,
              59.3978572
            ],
            [
              24.668489,
              59.3978357
            ],
            [
              24.6684901,
              59.3976878
            ],
            [
              24.6684901,
              59.3976827
            ],
            [
              24.6684903,
              59.3976608
            ],
            [
              24.6684913,
              59.3975144
            ],
            [
              24.6684914,
              59.3974998
            ],
            [
              24.6684915,
              59.3974868
            ],
            [
              24.6684926,
              59.3973382
            ],
            [
              24.6684946,
              59.397324
            ],
            [
              24.6684927,
              59.397314
            ],
            [
              24.6684931,
              59.3972602
            ],
            [
              24.6682859,
              59.3972599
            ],
            [
              24.6682811,
              59.3979161
            ],
            [
              24.6683059,
              59.3979161
            ],
            [
              24.6684885,
              59.3979165
            ]
          ]
        ]
      },
      "properties": {
        "addr:city": "Tallinn",
        "addr:country": "EE",
        "addr:housenumber": "14",
        "addr:postcode": "12611",
        "addr:street": "Akadeemia tee",
        "building": "apartments",
        "building:levels": "5",
        "building:material": "concrete",
        "building:material:concrete": "panels",
        "height": "16",
        "maaamet:ETAK": "578327",
        "roof:shape": "flat",
        "source": "ADS 2011-04",
        "source:addr": "Maa- ja Ruumiamet 2025"
      }
    },
    {
      "type": "Feature",
      "geometry": {
        "type": "Polygon",
        "coordinates": [
          [
            [
              24.6557353,
              59.3972943
            ],
            [
              24.6560294,
              59.3976926
            ],
            [
              24.6559357,
              59.3977107
            ],
            [
              24.6560956,
              59.3979268
            ],
            [
              24.6559963,
              59.3979459
            ],
            [
              24.6558839,
              59.3979675
            ],
            [
              24.6554294,
              59.397353
            ],
            [
              24.6557353,
              59.3972943
            ]
          ]
        ]
      },
      "properties": {
        "addr:city": "Tallinn",
        "addr:housenumber": "7",
        "addr:postcode": "12618",
        "addr:street": "Teaduspargi",
        "building": "yes",
        "source:addr": "Maa-amet 2019"
      }
    },
    {
      "type": "Feature",
      "geometry": {
        "type": "Polygon",
        "coordinates": [
          [
            [
              24.6662353,
              59.397685
            ],
            [
              24.6661372,
              59.3975953
            ],
            [
              24.6652575,
              59.3978441
            ],
            [
              24.6653566,
              59.3979351
            ],
            [
              24.6654484,
              59.3979096
            ],
            [
              24.665481,
              59.3979005
            ],
            [
              24.6655018,
              59.3978945
            ],
            [
              24.6656717,
              59.3978454
            ],
            [
              24.6656846,
              59.3978417
            ],
            [
              24.6657101,
              59.3978344
            ],
            [
              24.6658894,
              59.3977834
            ],
            [
              24.6659124,
              59.3977769
            ],
            [
              24.6659389,
              59.3977694
            ],
            [
              24.6661088,
              59.397721
            ],
            [
              24.6661274,
              59.3977157
            ],
            [
              24.6661501,
              59.3977093
            ],
            [
              24.6662353,
              59.397685
            ]
          ]
        ]
      },
      "properties": {
        "addr:city": "Tallinn",
        "addr:country": "EE",
        "addr:housenumber": "26a",
        "addr:postcode": "12611",
        "addr:street": "Akadeemia tee",
        "building": "apartments",
        "building:levels": "5",
        "building:material": "plaster",
        "colour": "yellow",
        "height": "16",
        "maaamet:ETAK": "578333",
        "roof:shape": "flat",
        "source": "ADS 2011-04",
        "source:addr": "Maa- ja Ruumiamet 2025"
      }
    },
    {
      "type": "Feature",
      "geometry": {
        "type": "Polygon",
        "coordinates": [
          [
            [
              24.6694917,
              59.3973886
            ],
            [
              24.6692807,
              59.3973881
            ],
            [
              24.6692741,
              59.3980401
            ],
            [
              24.669485,
              59.3980406
            ],
            [
              24.6694855,
              59.3979885
            ],
            [
              24.6694856,
              59.3979796
            ],
            [
              24.6694858,
              59.3979619
            ],
            [
              24.6694873,
              59.3978151
            ],
            [
              24.6694875,
              59.3978002
            ],
            [
              24.6694876,
              59.3977884
            ],
            [
              24.669489,
              59.3976436
            ],
            [
              24.6694892,
              59.397628
            ],
            [
              24.6694893,
              59.3976157
            ],
            [
              24.6694909,
              59.3974663
            ],
            [
              24.6694911,
              59.3974499
            ],
            [
              24.6694912,
              59.3974426
            ],
            [
              24.6694917,
              59.3973886
            ]
          ]
        ]
      },
      "properties": {
        "addr:city": "Tallinn",
        "addr:country": "EE",
        "addr:housenumber": "6",
        "addr:postcode": "12611",
        "addr:street": "Akadeemia tee",
        "building": "apartments",
        "building:levels": "5",
        "building:material": "concrete",
        "building:material:concrete": "panels",
        "height": "16",
        "maaamet:ETAK": "575342",
        "roof:shape": "flat",
        "source": "ADS 2011-04",
        "source:addr": "Maa- ja Ruumiamet 2025"
      }
    },
    {
      "type": "Feature",
      "geometry": {
        "type": "Polygon",
        "coordinates": [
          [
            [
              24.6657915,
              59.3972805
            ],
            [
              24.6656925,
              59.3971894
            ],
            [
              24.6648148,
              59.3974372
            ],
            [
              24.6649137,
              59.3975283
            ],
            [
              24.6650037,
              59.3975028
            ],
            [
              24.6650305,
              59.3974952
            ],
            [
              24.6650561,
              59.397488
            ],
            [
              24.6652185,
              59.3974422
            ],
            [
              24.6652746,
              59.3974273
            ],
            [
              24.665443,
              59.3973789
            ],
            [
              24.6654689,
              59.3973719
            ],
            [
              24.6654938,
              59.3973652
            ],
            [
              24.6656601,
              59.3973175
            ],
            [
              24.6656815,
              59.3973115
            ],
            [
              24.6657078,
              59.3973041
            ],
            [
              24.6657915,
              59.3972805
            ]
          ]
        ]
      },
      "properties": {
        "addr:city": "Tallinn",
        "addr:country": "EE",
        "addr:housenumber": "26",
        "addr:postcode": "12611",
        "addr:street": "Akadeemia tee",
        "building": "apartments",
        "building:levels": "5",
        "building:material": "plaster",
        "colour": "#AFEEEE",
        "height": "16",
        "maaamet:ETAK": "578332",
        "roof:shape": "flat",
        "source:addr": "Maa- ja Ruumiamet 2025"
      }
    },
    {
      "type": "Feature",
      "geometry": {
        "type": "Polygon",
        "coordinates": [
          [
            [
              24.6617355,
              59.3946324
            ],
            [
              24.6617287,
              59.3946439
            ],
            [
              24.661628,
              59.394813
            ],
            [
              24.661333,
              59.39487
            ],
            [
              24.661308,
              59.394866
            ],
            [
              24.6612947,
              59.3948463
            ],
            [
              24.6611907,
              59.3948644
            ],
            [
              24.661218,
              59.394905
            ],
            [
              24.661199,
              59.394924
            ],
            [
              24.66019,
              59.395118
            ],
            [
              24.660156,
              59.395111
            ],
            [
              24.660095,
              59.39503
            ],
            [
              24.660114,
              59.395011
            ],
            [
              24.6602498,
              59.394984
            ],
            [
              24.6602722,
              59.3950132
            ],
            [
              24.6603699,
              59.3949938
            ],
            [
              24.6603288,
              59.3949401
            ],
            [
              24.660196,
              59.394767
            ],
            [
              24.660217,
              59.394744
            ],
            [
              24.660398,
              59.394709
            ],
            [
              24.660652,
              59.39466
            ],
            [
              24.660703,
              59.394676
            ],
            [
              24.6608273,
              59.3948431
            ],
            [
              24.6610333,
              59.3948034
            ],
            [
              24.6613234,
              59.3947475
            ],
            [
              24.661378,
              59.394737
            ],
            [
              24.6614651,
              59.3945907
            ],
            [
              24.6616309,
              59.3946163
            ],
            [
              24.6616593,
              59.3946206
            ],
            [
              24.6616899,
              59.3946254
            ],
            [
              24.6617355,
              59.3946324
            ]
          ]
        ]
      },
      "properties": {
        "addr:housenumber": "15",
        "addr:postcode": "12616",
        "addr:street": "Raja",
        "building": "university",
        "building:levels": "2",
        "building:material": "brick",
        "name": "Mektory",
        "roof:shape": "flat",
        "website": "https://www.ttu.ee/mektory-eng"
      }
    },
    {
      "type": "Feature",
      "geometry": {
        "type": "Polygon",
        "coordinates": [
          [
            [
              24.664831,
              59.395309
            ],
            [
              24.66506,
              59.395336
            ],
            [
              24.6650495,
              59.3953624
            ],
            [
              24.665033,
              59.395404
            ],
            [
              24.6649128,
              59.3953904
            ],
            [
              24.664804,
              59.395378
            ],
            [
              24.664831,
              59.395309
            ]
          ]
        ]
      },
      "properties": {
        "addr:city": "Tallinn",
        "addr:country": "EE",
        "addr:housenumber": "4b",
        "addr:postcode": "12616",
        "addr:street": "Raja",
        "building": "service",
        "building:levels": "2",
        "building:material": "metal",
        "height": "5",
        "maaamet:ETAK": "587847",
        "roof:colour": "#cc3333",
        "roof:orientation": "along",
        "roof:shape": "gabled",
        "source": "ADS 2011-04",
        "source:addr": "Maa- ja Ruumiamet 2025"
      }
    },
    {
      "type": "Feature",
      "geometry": {
        "type": "Polygon",
        "coordinates": [
          [
            [
              24.6644424,
              59.3952376
            ],
            [
              24.6644628,
              59.3952641
            ],
            [
              24.6644815,
              59.3952883
            ],
            [
              24.6645163,
              59.3953362
            ],
            [
              24.6645619,
              59.3953417
            ],
            [
              24.6645536,
              59.3953692
            ],
            [
              24.6645812,
              59.3953724
            ],
            [
              24.6645715,
              59.3953955
            ],
            [
              24.6645579,
              59.3954278
            ],
            [
              24.6645551,
              59.3954343
            ],
            [
              24.6645516,
              59.3954425
            ],
            [
              24.6645409,
              59.395468
            ],
            [
              24.6645148,
              59.3954738
            ],
            [
              24.6644845,
              59.3954805
            ],
            [
              24.6644886,
              59.3954863
            ],
            [
              24.6644916,
              59.3954923
            ],
            [
              24.6644936,
              59.395499
            ],
            [
              24.6644942,
              59.3955055
            ],
            [
              24.6644927,
              59.395515
            ],
            [
              24.6644897,
              59.395522
            ],
            [
              24.6644866,
              59.395527
            ],
            [
              24.6644813,
              59.3955334
            ],
            [
              24.6644755,
              59.3955387
            ],
            [
              24.6644713,
              59.395542
            ],
            [
              24.6644684,
              59.395544
            ],
            [
              24.6644634,
              59.3955472
            ],
            [
              24.6644572,
              59.3955505
            ],
            [
              24.6644521,
              59.395553
            ],
            [
              24.6644938,
              59.3955741
            ],
            [
              24.664492,
              59.3955781
            ],
            [
              24.6644794,
              59.3956056
            ],
            [
              24.664468,
              59.3956333
            ],
            [
              24.6644595,
              59.3956534
            ],
            [
              24.6644142,
              59.395648
            ],
            [
              24.6644049,
              59.3956694
            ],
            [
              24.6643957,
              59.3956908
            ],
            [
              24.6644412,
              59.3956956
            ],
            [
              24.6644228,
              59.3957401
            ],
            [
              24.6643756,
              59.3957351
            ],
            [
              24.6643548,
              59.3957394
            ],
            [
              24.6643484,
              59.3957315
            ],
            [
              24.6643135,
              59.3957375
            ],
            [
              24.664277,
              59.3957444
            ],
            [
              24.664246,
              59.3957021
            ],
            [
              24.6642263,
              59.3956768
            ],
            [
              24.6642215,
              59.3956705
            ],
            [
              24.6641975,
              59.3956399
            ],
            [
              24.664175,
              59.3956444
            ],
            [
              24.6641173,
              59.3955695
            ],
            [
              24.6640946,
              59.3955465
            ],
            [
              24.6640889,
              59.3955389
            ],
            [
              24.6640392,
              59.3954691
            ],
            [
              24.6640185,
              59.3954719
            ],
            [
              24.6640207,
              59.3954747
            ],
            [
              24.6639192,
              59.395495
            ],
            [
              24.6638949,
              59.3954635
            ],
            [
              24.6639964,
              59.3954432
            ],
            [
              24.6640103,
              59.3954403
            ],
            [
              24.6640172,
              59.3954389
            ],
            [
              24.6639585,
              59.3953609
            ],
            [
              24.6639646,
              59.3953597
            ],
            [
              24.66399,
              59.3953547
            ],
            [
              24.6641116,
              59.3953309
            ],
            [
              24.6641276,
              59.3953277
            ],
            [
              24.6641475,
              59.3953238
            ],
            [
              24.6642065,
              59.3953117
            ],
            [
              24.6642105,
              59.3953109
            ],
            [
              24.6641926,
              59.3952878
            ],
            [
              24.664307,
              59.3952648
            ],
            [
              24.6644424,
              59.3952376
            ]
          ]
        ]
      },
      "properties": {
        "addr:city": "Tallinn",
        "addr:country": "EE",
        "addr:housenumber": "4c",
        "addr:postcode": "12616",
        "addr:street": "Raja",
        "alt_name": "IT-kolledž",
        "amenity": "university",
        "building": "university",
        "building:levels": "5",
        "building:material": "concrete",
        "check_date": "2023-03-21",
        "height": "22",
        "internet_access": "wlan",
        "layer": "1",
        "maaamet:ETAK": "6098666",
        "name": "IT kolledži õppehoone (ICO)",
        "name:en": "IT College (ICO)",
        "name:et": "IT kolledži õppehoone (ICO)",
        "operator:website": "https://itcollege.ee/",
        "operator:wikidata": "Q5401562",
        "operator:wikipedia": "et:Tallinna Tehnikaülikooli IT Kolledž",
        "roof:shape": "flat",
        "short_name": "ICO",
        "source:addr": "Maa- ja Ruumiamet 2025",
        "toilets:wheelchair": "yes",
        "wheelchair": "yes"
      }
    },
    {
      "type": "Feature",
      "geometry": {
        "type": "Polygon",
        "coordinates": [
          [
            [
              24.6596034,
              59.3948386
            ],
            [
              24.6593193,
              59.3951059
            ],
            [
              24.6591891,
              59.3952352
            ],
            [
              24.6591171,
              59.3952149
            ],
            [
              24.6585237,
              59.395048
            ],
            [
              24.6587234,
              59.3948654
            ],
            [
              24.6590671,
              59.3949617
            ],
            [
              24.6593045,
              59.394738
            ],
            [
              24.6596034,
              59.3948386
            ]
          ]
        ]
      },
      "properties": {
        "addr:city": "Tallinn",
        "addr:country": "EE",
        "addr:housenumber": "3",
        "addr:postcode": "12618",
        "addr:street": "Mäepealse",
        "alt_name": "Taltech - Ehituse ja arhitektuuri instituut",
        "building": "school",
        "building:levels": "3",
        "height": "11",
        "maaamet:ETAK": "584820",
        "name": "Ehituse Mäemaja",
        "roof:levels": "0",
        "roof:shape": "flat",
        "source": "ADS 2011-04",
        "source:addr": "Maa- ja Ruumiamet 2025",
        "website": "https://taltech.ee/ehituse-ja-arhitektuuri-instituut"
      }
    },
    {
      "type": "Feature",
      "geometry": {
        "type": "Polygon",
        "coordinates": [
          [
            [
              24.6570244,
              59.3942429
            ],
            [
              24.6568657,
              59.3941863
            ],
            [
              24.6568243,
              59.3942164
            ],
            [
              24.656983,
              59.394273
            ],
            [
              24.6570244,
              59.3942429
            ]
          ]
        ]
      },
      "properties": {
        "addr:city": "Tallinn",
        "addr:country": "EE",
        "addr:housenumber": "23",
        "addr:postcode": "12616",
        "addr:street": "Lossi",
        "building": "yes",
        "height": "3",
        "maaamet:ETAK": "5709457",
        "source:addr": "Maa- ja Ruumiamet 2025"
      }
    },
    {
      "type": "Feature",
      "geometry": {
        "type": "Polygon",
        "coordinates": [
          [
            [
              24.6587168,
              59.3939719
            ],
            [
              24.6586348,
              59.3940078
            ],
            [
              24.6586163,
              59.3939978
            ],
            [
              24.6584769,
              59.3940627
            ],
            [
              24.6586102,
              59.3941372
            ],
            [
              24.658673,
              59.3941088
            ],
            [
              24.6587719,
              59.3941627
            ],
            [
              24.6588696,
              59.3941188
            ],
            [
              24.6588509,
              59.3940673
            ],
            [
              24.6587916,
              59.3940356
            ],
            [
              24.6588152,
              59.394026
            ],
            [
              24.6587168,
              59.3939719
            ]
          ]
        ]
      },
      "properties": {
        "addr:city": "Tallinn",
        "addr:country": "EE",
        "addr:housenumber": "19a",
        "addr:postcode": "12616",
        "addr:street": "Lossi",
        "building": "yes",
        "height": "10",
        "maaamet:ETAK": "460710",
        "source": "Maaamet ADS 12.2010",
        "source:addr": "Maa- ja Ruumiamet 2025"
      }
    },
    {
      "type": "Feature",
      "geometry": {
        "type": "Polygon",
        "coordinates": [
          [
            [
              24.6597109,
              59.3940264
            ],
            [
              24.659695,
              59.3940514
            ],
            [
              24.6594861,
              59.3940148
            ],
            [
              24.6595034,
              59.3939914
            ],
            [
              24.6594323,
              59.3939786
            ],
            [
              24.6594139,
              59.3940022
            ],
            [
              24.6592675,
              59.3939766
            ],
            [
              24.6591997,
              59.3940772
            ],
            [
              24.6598366,
              59.3941886
            ],
            [
              24.6599043,
              59.394088
            ],
            [
              24.6597586,
              59.3940626
            ],
            [
              24.6597763,
              59.3940376
            ],
            [
              24.6597109,
              59.3940264
            ]
          ]
        ]
      },
      "properties": {
        "addr:city": "Tallinn",
        "addr:country": "EE",
        "addr:housenumber": "20",
        "addr:postcode": "12616",
        "addr:street": "Lossi",
        "building": "apartments",
        "height": "13",
        "maaamet:ETAK": "583724",
        "source": "ADS 2011-04",
        "source:addr": "Maa- ja Ruumiamet 2025"
      }
    },
    {
      "type": "Feature",
      "geometry": {
        "type": "Polygon",
        "coordinates": [
          [
            [
              24.6557128,
              59.393986
            ],
            [
              24.6556579,
              59.3940411
            ],
            [
              24.6560071,
              59.3941317
            ],
            [
              24.656062,
              59.3940767
            ],
            [
              24.6557128,
              59.393986
            ]
          ]
        ]
      },
      "properties": {
        "building": "ruins",
        "maaamet:ETAK": "5715502"
      }
    },
    {
      "type": "Feature",
      "geometry": {
        "type": "Polygon",
        "coordinates": [
          [
            [
              24.658039,
              59.393997
            ],
            [
              24.658149,
              59.393947
            ],
            [
              24.658277,
              59.393905
            ],
            [
              24.658351,
              59.393951
            ],
            [
              24.65817,
              59.394023
            ],
            [
              24.658039,
              59.393997
            ]
          ]
        ]
      },
      "properties": {
        "addr:city": "Tallinn",
        "addr:housenumber": "19",
        "addr:postcode": "12616",
        "addr:street": "Lossi",
        "building": "yes"
      }
    },
    {
      "type": "Feature",
      "geometry": {
        "type": "Polygon",
        "coordinates": [
          [
            [
              24.6575551,
              59.3941743
            ],
            [
              24.6574503,
              59.3941269
            ],
            [
              24.6572316,
              59.3942526
            ],
            [
              24.6573363,
              59.3943
            ],
            [
              24.6575551,
              59.3941743
            ]
          ]
        ]
      },
      "properties": {
        "addr:city": "Tallinn",
        "addr:country": "EE",
        "addr:housenumber": "23",
        "addr:postcode": "12616",
        "addr:street": "Lossi",
        "building": "yes",
        "height": "6",
        "maaamet:ETAK": "8482846",
        "source:addr": "Maa- ja Ruumiamet 2025"
      }
    },
    {
      "type": "Feature",
      "geometry": {
        "type": "Polygon",
        "coordinates": [
          [
            [
              24.6670303,
              59.3956954
            ],
            [
              24.6670777,
              59.3957004
            ],
            [
              24.6671005,
              59.3956451
            ],
            [
              24.667377,
              59.3956745
            ],
            [
              24.667291,
              59.3958838
            ],
            [
              24.6672759,
              59.3959206
            ],
            [
              24.6673111,
              59.3959244
            ],
            [
              24.6673002,
              59.3959509
            ],
            [
              24.6673974,
              59.3959613
            ],
            [
              24.6673102,
              59.3961734
            ],
            [
              24.6672586,
              59.3961679
            ],
            [
              24.6672495,
              59.39619
            ],
            [
              24.6672383,
              59.3962171
            ],
            [
              24.6669835,
              59.3961899
            ],
            [
              24.6670921,
              59.3959261
            ],
            [
              24.666942,
              59.3959101
            ],
            [
              24.6670303,
              59.3956954
            ]
          ]
        ]
      },
      "properties": {
        "addr:city": "Tallinn",
        "addr:country": "EE",
        "addr:housenumber": "7/1",
        "addr:postcode": "12611",
        "addr:street": "Akadeemia tee",
        "building": "dormitory",
        "building:levels": "5",
        "height": "16",
        "maaamet:ETAK": "575347",
        "name": "Ühiselamu 2 (DO2)",
        "name:en": "Dormitory 2 (DO2)",
        "roof:shape": "flat",
        "source:addr": "Maa- ja Ruumiamet 2025"
      }
    },
    {
      "type": "Feature",
      "geometry": {
        "type": "Polygon",
        "coordinates": [
          [
            [
              24.6656252,
              59.3955513
            ],
            [
              24.6656715,
              59.3955562
            ],
            [
              24.6656924,
              59.3955045
            ],
            [
              24.6659439,
              59.3955309
            ],
            [
              24.6658456,
              59.3957742
            ],
            [
              24.6659049,
              59.3957805
            ],
            [
              24.6658939,
              59.3958077
            ],
            [
              24.6659944,
              59.3958182
            ],
            [
              24.6659094,
              59.3960284
            ],
            [
              24.6658625,
              59.3960235
            ],
            [
              24.6658407,
              59.3960775
            ],
            [
              24.6655658,
              59.3960487
            ],
            [
              24.6656748,
              59.3957791
            ],
            [
              24.6655388,
              59.3957649
            ],
            [
              24.6655889,
              59.3956409
            ],
            [
              24.6656252,
              59.3955513
            ]
          ]
        ]
      },
      "properties": {
        "addr:city": "Tallinn",
        "addr:country": "EE",
        "addr:housenumber": "7/2",
        "addr:postcode": "12611",
        "addr:street": "Akadeemia tee",
        "building": "dormitory",
        "building:levels": "5",
        "building:material": "brick",
        "height": "16",
        "maaamet:ETAK": "577562",
        "name": "Ühiselamu 3 (DO3)",
        "name:en": "Dormitory 3 (DO3)",
        "roof:shape": "flat",
        "source:addr": "Maa- ja Ruumiamet 2025"
      }
    },
    {
      "type": "Feature",
      "geometry": {
        "type": "Polygon",
        "coordinates": [
          [
            [
              24.6551618,
              59.3959759
            ],
            [
              24.655203,
              59.3960259
            ],
            [
              24.6541097,
              59.3962604
            ],
            [
              24.6540684,
              59.3962104
            ],
            [
              24.6551618,
              59.3959759
            ]
          ]
        ]
      },
      "properties": {
        "addr:city": "Tallinn",
        "addr:country": "EE",
        "addr:housenumber": "3",
        "addr:postcode": "12618",
        "addr:street": "Mäealuse",
        "building": "garages",
        "building:levels": "1",
        "height": "3",
        "maaamet:ETAK": "484522",
        "source:addr": "Maa- ja Ruumiamet 2025"
      }
    },
    {
      "type": "Feature",
      "geometry": {
        "type": "Polygon",
        "coordinates": [
          [
            [
              24.6672941,
              59.3966062
            ],
            [
              24.6673489,
              59.3964769
            ],
            [
              24.6683251,
              59.396584
            ],
            [
              24.6682708,
              59.3967124
            ],
            [
              24.6681957,
              59.3967042
            ],
            [
              24.6681987,
              59.3966972
            ],
            [
              24.6681116,
              59.3966876
            ],
            [
              24.6681086,
              59.3966947
            ],
            [
              24.6680431,
              59.3966875
            ],
            [
              24.6680441,
              59.3966852
            ],
            [
              24.6680236,
              59.396683
            ],
            [
              24.6679929,
              59.3966796
            ],
            [
              24.6679919,
              59.396682
            ],
            [
              24.6679341,
              59.3966757
            ],
            [
              24.6679371,
              59.3966685
            ],
            [
              24.6678478,
              59.3966589
            ],
            [
              24.6678448,
              59.396666
            ],
            [
              24.6677123,
              59.3966517
            ],
            [
              24.6677153,
              59.3966444
            ],
            [
              24.6676246,
              59.3966346
            ],
            [
              24.6676216,
              59.3966419
            ],
            [
              24.6675611,
              59.3966353
            ],
            [
              24.6675621,
              59.3966328
            ],
            [
              24.6675351,
              59.3966299
            ],
            [
              24.6675311,
              59.3966295
            ],
            [
              24.6675053,
              59.3966266
            ],
            [
              24.6675042,
              59.3966292
            ],
            [
              24.6674517,
              59.3966234
            ],
            [
              24.6674548,
              59.3966161
            ],
            [
              24.6673589,
              59.3966056
            ],
            [
              24.6673558,
              59.396613
            ],
            [
              24.6672941,
              59.3966062
            ]
          ]
        ]
      },
      "properties": {
        "addr:city": "Tallinn",
        "addr:country": "EE",
        "addr:housenumber": "5a",
        "addr:postcode": "12611",
        "addr:street": "Akadeemia tee",
        "building": "dormitory",
        "building:levels": "5",
        "building:material": "plaster",
        "height": "20",
        "maaamet:ETAK": "575341",
        "name": "Ühiselamu 4 (DO4)",
        "name:en": "Dormitory 4 (DO4)",
        "roof:shape": "flat",
        "source:addr": "Maa- ja Ruumiamet 2025"
      }
    },
    {
      "type": "Feature",
      "geometry": {
        "type": "Polygon",
        "coordinates": [
          [
            [
              24.6645551,
              59.3962599
            ],
            [
              24.6637129,
              59.3964252
            ],
            [
              24.6637969,
              59.3965367
            ],
            [
              24.6646393,
              59.3963715
            ],
            [
              24.6645551,
              59.3962599
            ]
          ]
        ]
      },
      "properties": {
        "addr:city": "Tallinn",
        "addr:country": "EE",
        "addr:housenumber": "6",
        "addr:postcode": "12616",
        "addr:street": "Raja",
        "building": "industrial",
        "building:levels": "3",
        "building:material": "brick",
        "colour": "maroon",
        "height": "11",
        "maaamet:ETAK": "588164",
        "roof:shape": "flat",
        "source": "ADS 2011-04",
        "source:addr": "Maa- ja Ruumiamet 2025"
      }
    },
    {
      "type": "Feature",
      "geometry": {
        "type": "Polygon",
        "coordinates": [
          [
            [
              24.6669765,
              59.3966411
            ],
            [
              24.6668453,
              59.3966273
            ],
            [
              24.6665662,
              59.3965979
            ],
            [
              24.6663095,
              59.3965708
            ],
            [
              24.6661766,
              59.3965568
            ],
            [
              24.6662224,
              59.3964442
            ],
            [
              24.6670223,
              59.3965286
            ],
            [
              24.6669765,
              59.3966411
            ]
          ]
        ]
      },
      "properties": {
        "addr:city": "Tallinn",
        "addr:country": "EE",
        "addr:housenumber": "7a",
        "addr:postcode": "12611",
        "addr:street": "Akadeemia tee",
        "building": "dormitory",
        "building:levels": "5",
        "building:material": "concrete",
        "building:material:concrete": "panels",
        "height": "16",
        "maaamet:ETAK": "576524",
        "name": "Ühiselamu 5 (DO5)",
        "name:en": "Dormitory 5 (DO5)",
        "roof:shape": "flat",
        "source:addr": "Maa- ja Ruumiamet 2025"
      }
    },
    {
      "type": "Feature",
      "geometry": {
        "type": "Polygon",
        "coordinates": [
          [
            [
              24.6565268,
              59.3954753
            ],
            [
              24.6567532,
              59.3957863
            ],
            [
              24.6564952,
              59.3958352
            ],
            [
              24.6562688,
              59.3955242
            ],
            [
              24.6565268,
              59.3954753
            ]
          ]
        ]
      },
      "properties": {
        "addr:city": "Tallinn",
        "addr:country": "EE",
        "addr:housenumber": "1",
        "addr:postcode": "12618",
        "addr:street": "Mäealuse",
        "building": "industrial",
        "building:levels": "2",
        "height": "8",
        "maaamet:ETAK": "450697",
        "name": "Reval Group",
        "opening_hours": "Mo-Fr 09:00-18:00",
        "shop": "car_repair",
        "source": "ADS 2011-04",
        "source:addr": "Maa- ja Ruumiamet 2025"
      }
    },
    {
      "type": "Feature",
      "geometry": {
        "type": "Polygon",
        "coordinates": [
          [
            [
              24.6551219,
              59.3957784
            ],
            [
              24.6551229,
              59.3957903
            ],
            [
              24.6551115,
              59.395801
            ],
            [
              24.6550375,
              59.3958186
            ],
            [
              24.6551089,
              59.3959065
            ],
            [
              24.6540093,
              59.3961422
            ],
            [
              24.6539264,
              59.3960477
            ],
            [
              24.6538467,
              59.3960562
            ],
            [
              24.6538285,
              59.3960543
            ],
            [
              24.653808,
              59.396041
            ],
            [
              24.6537592,
              59.395987
            ],
            [
              24.6537567,
              59.3959663
            ],
            [
              24.6537724,
              59.3959569
            ],
            [
              24.6537939,
              59.395952
            ],
            [
              24.6538166,
              59.3959509
            ],
            [
              24.6538483,
              59.3959635
            ],
            [
              24.6538819,
              59.3959556
            ],
            [
              24.6539109,
              59.3959488
            ],
            [
              24.6538704,
              59.3958913
            ],
            [
              24.6538346,
              59.3958969
            ],
            [
              24.6537607,
              59.3957951
            ],
            [
              24.6548164,
              59.3955742
            ],
            [
              24.6548729,
              59.3956472
            ],
            [
              24.6548833,
              59.3956621
            ],
            [
              24.6549078,
              59.3956943
            ],
            [
              24.6549765,
              59.3956825
            ],
            [
              24.6550166,
              59.3956851
            ],
            [
              24.6550512,
              59.3956928
            ],
            [
              24.6551219,
              59.3957784
            ]
          ]
        ]
      },
      "properties": {
        "addr:city": "Tallinn",
        "addr:country": "EE",
        "addr:housenumber": "3",
        "addr:postcode": "12618",
        "addr:street": "Mäealuse",
        "building": "garages",
        "building:levels": "3",
        "height": "2",
        "maaamet:ETAK": "484521",
        "source": "ADS 2011-04",
        "source:addr": "Maa- ja Ruumiamet 2025"
      }
    },
    {
      "type": "Feature",
      "geometry": {
        "type": "Polygon",
        "coordinates": [
          [
            [
              24.6553022,
              59.3957534
            ],
            [
              24.6553551,
              59.3958273
            ],
            [
              24.6552703,
              59.3958431
            ],
            [
              24.6552174,
              59.3957692
            ],
            [
              24.6553022,
              59.3957534
            ]
          ]
        ]
      },
      "properties": {
        "addr:city": "Tallinn",
        "addr:country": "EE",
        "addr:housenumber": "1a",
        "addr:street": "Mäealuse",
        "building": "service",
        "source:addr": "Maa-amet 2012"
      }
    },
    {
      "type": "Feature",
      "geometry": {
        "type": "Polygon",
        "coordinates": [
          [
            [
              24.6554656,
              59.395677
            ],
            [
              24.6559731,
              59.3955819
            ],
            [
              24.65616,
              59.3958411
            ],
            [
              24.6555173,
              59.3959616
            ],
            [
              24.6554371,
              59.3958503
            ],
            [
              24.6555723,
              59.395825
            ],
            [
              24.6554656,
              59.395677
            ]
          ]
        ]
      },
      "properties": {
        "addr:city": "Tallinn",
        "addr:country": "EE",
        "addr:housenumber": "1a",
        "addr:postcode": "12618",
        "addr:street": "Mäealuse",
        "building": "industrial",
        "source": "ADS 2011-04"
      }
    },
    {
      "type": "Feature",
      "geometry": {
        "type": "Polygon",
        "coordinates": [
          [
            [
              24.664906,
              59.3959896
            ],
            [
              24.66483,
              59.3960041
            ],
            [
              24.6648104,
              59.3959774
            ],
            [
              24.6648864,
              59.3959629
            ],
            [
              24.664906,
              59.3959896
            ]
          ]
        ]
      },
      "properties": {
        "addr:city": "Tallinn",
        "addr:country": "EE",
        "addr:housenumber": "6e",
        "addr:postcode": "12616",
        "addr:street": "Raja",
        "building": "service",
        "building:levels": "1",
        "building:material": "metal",
        "height": "3",
        "maaamet:ETAK": "5704283",
        "roof:shape": "flat",
        "source": "ADS 2011-04",
        "source:addr": "Maa- ja Ruumiamet 2025"
      }
    },
    {
      "type": "Feature",
      "geometry": {
        "type": "Polygon",
        "coordinates": [
          [
            [
              24.6582788,
              59.3917263
            ],
            [
              24.6582776,
              59.3917457
            ],
            [
              24.6582329,
              59.3917448
            ],
            [
              24.6582284,
              59.3917682
            ],
            [
              24.6582015,
              59.3917665
            ],
            [
              24.6581836,
              59.3918335
            ],
            [
              24.6582132,
              59.3918356
            ],
            [
              24.6582044,
              59.3918653
            ],
            [
              24.6582185,
              59.3918672
            ],
            [
              24.6582101,
              59.391895
            ],
            [
              24.6583319,
              59.3919021
            ],
            [
              24.6583387,
              59.3918717
            ],
            [
              24.6583515,
              59.3918716
            ],
            [
              24.6583649,
              59.3918175
            ],
            [
              24.658382,
              59.3918189
            ],
            [
              24.6583898,
              59.3917768
            ],
            [
              24.6583541,
              59.3917296
            ],
            [
              24.6582788,
              59.3917263
            ]
          ]
        ]
      },
      "properties": {
        "addr:city": "Tallinn",
        "addr:country": "EE",
        "addr:housenumber": "11",
        "addr:postcode": "12616",
        "addr:street": "Lossi",
        "building": "detached",
        "height": "9",
        "maaamet:ETAK": "581270",
        "source:addr": "Maa- ja Ruumiamet 2025"
      }
    },
    {
      "type": "Feature",
      "geometry": {
        "type": "Polygon",
        "coordinates": [
          [
            [
              24.6609546,
              59.3981538
            ],
            [
              24.6606712,
              59.3981536
            ],
            [
              24.6606726,
              59.3981335
            ],
            [
              24.6606728,
              59.3978929
            ],
            [
              24.6606721,
              59.3977755
            ],
            [
              24.6606713,
              59.3976696
            ],
            [
              24.6609579,
              59.3976698
            ],
            [
              24.6609539,
              59.3978315
            ],
            [
              24.6609864,
              59.3978487
            ],
            [
              24.6609829,
              59.3978766
            ],
            [
              24.6609474,
              59.3978922
            ],
            [
              24.6609478,
              59.3979079
            ],
            [
              24.6609482,
              59.3979208
            ],
            [
              24.6609546,
              59.3981538
            ]
          ]
        ]
      },
      "properties": {
        "addr:city": "Tallinn",
        "addr:country": "EE",
        "addr:housenumber": "21b",
        "addr:postcode": "12618",
        "addr:street": "Akadeemia tee",
        "building": "university",
        "building:levels": "5",
        "height": "18",
        "maaamet:ETAK": "6130455",
        "name": "TTÜ küberneetika maja (CYB)",
        "name:en": "Department of Cybernetics (CYB)",
        "roof:shape": "flat",
        "source": "ADS 2011-04",
        "source:addr": "Maa- ja Ruumiamet 2025"
      }
    },
    {
      "type": "Feature",
      "geometry": {
        "type": "Polygon",
        "coordinates": [
          [
            [
              24.6664667,
              59.3983715
            ],
            [
              24.666561,
              59.398345
            ],
            [
              24.6666636,
              59.3983161
            ],
            [
              24.6662671,
              59.3979511
            ],
            [
              24.6660702,
              59.3980066
            ],
            [
              24.6664667,
              59.3983715
            ]
          ]
        ]
      },
      "properties": {
        "addr:city": "Tallinn",
        "addr:country": "EE",
        "addr:housenumber": "26b",
        "addr:postcode": "12611",
        "addr:street": "Akadeemia tee",
        "building": "garages",
        "building:colour": "#F8F8FF",
        "building:levels": "1",
        "building:material": "brick",
        "height": "3",
        "maaamet:ETAK": "478360",
        "roof:shape": "flat",
        "source:addr": "Maa- ja Ruumiamet 2025"
      }
    },
    {
      "type": "Feature",
      "geometry": {
        "type": "Polygon",
        "coordinates": [
          [
            [
              24.6632585,
              59.3961861
            ],
            [
              24.6632441,
              59.3961668
            ],
            [
              24.66323,
              59.3961479
            ],
            [
              24.6632062,
              59.3961159
            ],
            [
              24.6645098,
              59.3958645
            ],
            [
              24.6645621,
              59.3959347
            ],
            [
              24.6632585,
              59.3961861
            ]
          ]
        ]
      },
      "properties": {
        "addr:city": "Tallinn",
        "addr:country": "EE",
        "addr:housenumber": "4d",
        "addr:postcode": "12616",
        "addr:street": "Raja",
        "building": "dormitory",
        "building:levels": "5",
        "colour": "gray",
        "height": "16",
        "maaamet:ETAK": "6097156",
        "name": "Ühiselamu 6 (DO6)",
        "name:en": "Dormitory 6 (DO6)",
        "roof:shape": "flat",
        "source": "Maa-amet WMS 2010-07",
        "source:addr": "Maa- ja Ruumiamet 2025"
      }
    },
    {
      "type": "Feature",
      "geometry": {
        "type": "Polygon",
        "coordinates": [
          [
            [
              24.6706924,
              59.3937959
            ],
            [
              24.670514,
              59.3942294
            ],
            [
              24.6707394,
              59.3942535
            ],
            [
              24.6707854,
              59.3941405
            ],
            [
              24.6708573,
              59.393964
            ],
            [
              24.6708824,
              59.3939079
            ],
            [
              24.6709178,
              59.3938201
            ],
            [
              24.6706924,
              59.3937959
            ]
          ]
        ]
      },
      "properties": {
        "addr:city": "Tallinn",
        "addr:country": "EE",
        "addr:housenumber": "5/9",
        "addr:postcode": "19086",
        "addr:street": "Ehitajate tee",
        "building": "university",
        "building:levels": "1",
        "height": "5",
        "maaamet:ETAK": "6097489",
        "name": "TTÜ geoloogia instituudi hoone (GEO)",
        "name:en": "Department of Geology (GEO)",
        "roof:shape": "flat",
        "source": "Maa-ameti ortofoto seisuga 09.2010",
        "source:addr": "Maa- ja Ruumiamet 2025"
      }
    },
    {
      "type": "Feature",
      "geometry": {
        "type": "Polygon",
        "coordinates": [
          [
            [
              24.6705175,
              59.3965623
            ],
            [
              24.6705617,
              59.3964538
            ],
            [
              24.6695841,
              59.3963465
            ],
            [
              24.6695122,
              59.3967029
            ],
            [
              24.6694871,
              59.3967016
            ],
            [
              24.6693931,
              59.3966966
            ],
            [
              24.6693283,
              59.3968294
            ],
            [
              24.6693234,
              59.3968394
            ],
            [
              24.6695478,
              59.3968706
            ],
            [
              24.670347,
              59.3969817
            ],
            [
              24.6705082,
              59.3965867
            ],
            [
              24.6705175,
              59.3965623
            ]
          ]
        ]
      },
      "properties": {
        "addr:city": "Tallinn",
        "addr:country": "EE",
        "addr:housenumber": "3",
        "addr:postcode": "12616",
        "addr:street": "Akadeemia tee",
        "alt_name": "SOC",
        "building": "university",
        "building:levels": "4",
        "height": "20",
        "layer": "1",
        "maaamet:ETAK": "6466599",
        "name": "TTÜ majandusteaduskonna õppehoone (SOC)",
        "name:en": "School of Business and Governance Educational Building (SOC)",
        "roof:shape": "flat",
        "source": "Maa-amet WMS 2010",
        "source:addr": "Maa- ja Ruumiamet 2025"
      }
    },
    {
      "type": "Feature",
      "geometry": {
        "type": "Polygon",
        "coordinates": [
          [
            [
              24.669138,
              59.3946468
            ],
            [
              24.6690941,
              59.394642
            ],
            [
              24.6690861,
              59.3946608
            ],
            [
              24.6687387,
              59.3946227
            ],
            [
              24.6686924,
              59.3947324
            ],
            [
              24.6683654,
              59.3946966
            ],
            [
              24.6684103,
              59.3945903
            ],
            [
              24.6683991,
              59.3945891
            ],
            [
              24.6683089,
              59.3945792
            ],
            [
              24.6683199,
              59.3945531
            ],
            [
              24.6683274,
              59.3945355
            ],
            [
              24.6681128,
              59.394512
            ],
            [
              24.6681418,
              59.3944435
            ],
            [
              24.6681868,
              59.3943369
            ],
            [
              24.6683996,
              59.3943603
            ],
            [
              24.668416,
              59.3943215
            ],
            [
              24.6683775,
              59.3943173
            ],
            [
              24.6686031,
              59.3937833
            ],
            [
              24.6686934,
              59.3935696
            ],
            [
              24.6688968,
              59.3935919
            ],
            [
              24.6688812,
              59.3936286
            ],
            [
              24.6689261,
              59.3936336
            ],
            [
              24.6689385,
              59.3936042
            ],
            [
              24.6690057,
              59.3936115
            ],
            [
              24.6691008,
              59.393622
            ],
            [
              24.6690512,
              59.3937394
            ],
            [
              24.6690116,
              59.3938332
            ],
            [
              24.6689694,
              59.393933
            ],
            [
              24.6689527,
              59.3939724
            ],
            [
              24.668888,
              59.3941257
            ],
            [
              24.6688718,
              59.394164
            ],
            [
              24.6687902,
              59.3943571
            ],
            [
              24.6686866,
              59.3943458
            ],
            [
              24.6686645,
              59.3943981
            ],
            [
              24.6687769,
              59.3944104
            ],
            [
              24.6688238,
              59.3944155
            ],
            [
              24.6687939,
              59.3944863
            ],
            [
              24.6691872,
              59.3945293
            ],
            [
              24.669138,
              59.3946468
            ]
          ]
        ]
      },
      "properties": {
        "addr:city": "Tallinn",
        "addr:country": "EE",
        "addr:housenumber": "5/6",
        "addr:postcode": "19086",
        "addr:street": "Ehitajate tee",
        "building": "university",
        "building:levels": "4",
        "height": "19",
        "maaamet:ETAK": "5700488",
        "name": "TTÜ U06",
        "roof:shape": "flat",
        "source": "Maa-amet WMS 2010;Maa-amet 2019",
        "source:addr": "Maa- ja Ruumiamet 2025"
      }
    },
    {
      "type": "Feature",
      "geometry": {
        "type": "Polygon",
        "coordinates": [
          [
            [
              24.671669,
              59.3954038
            ],
            [
              24.6714244,
              59.3959746
            ],
            [
              24.6714094,
              59.3959733
            ],
            [
              24.6713774,
              59.3959715
            ],
            [
              24.6713925,
              59.395933
            ],
            [
              24.6716229,
              59.3953993
            ],
            [
              24.671669,
              59.3954038
            ]
          ]
        ]
      },
      "properties": {
        "addr:city": "Tallinn",
        "addr:country": "EE",
        "addr:housenumber": "5",
        "addr:street": "Ehitajate tee",
        "bridge": "yes",
        "building": "bridge",
        "building:part": "yes",
        "height": "7",
        "layer": "1",
        "min_height": "3",
        "roof:shape": "flat",
        "source": "Maa-amet WMS 2010",
        "source:addr": "Maa-amet 2012"
      }
    },
    {
      "type": "Feature",
      "geometry": {
        "type": "Polygon",
        "coordinates": [
          [
            [
              24.671222,
              59.396335
            ],
            [
              24.6710491,
              59.3965123
            ],
            [
              24.6711845,
              59.3965294
            ],
            [
              24.6712992,
              59.3963441
            ],
            [
              24.671222,
              59.396335
            ]
          ]
        ]
      },
      "properties": {
        "addr2:housenumber": "5",
        "addr2:street": "Ehitajate tee",
        "addr:city": "Tallinn",
        "addr:country": "EE",
        "addr:housenumber": "1",
        "addr:postcode": "12616",
        "addr:street": "Akadeemia tee",
        "bridge": "yes",
        "building": "bridge",
        "building:part": "yes",
        "height": "9",
        "layer": "1",
        "maaamet:ETAK": "7029169",
        "min_height": "4",
        "source": "Maa-amet WMS 2010",
        "source:addr": "Maa-amet 2019"
      }
    },
    {
      "type": "Feature",
      "geometry": {
        "type": "Polygon",
        "coordinates": [
          [
            [
              24.6707622,
              59.3965647
            ],
            [
              24.6705175,
              59.3965623
            ],
            [
              24.6705082,
              59.3965867
            ],
            [
              24.6705779,
              59.3965946
            ],
            [
              24.6707398,
              59.3966129
            ],
            [
              24.6707622,
              59.3965647
            ]
          ]
        ]
      },
      "properties": {
        "bridge": "yes",
        "building": "bridge",
        "height": "8",
        "layer": "1",
        "min_height": "4",
        "source": "Maa-amet WMS 2010"
      }
    },
    {
      "type": "Feature",
      "geometry": {
        "type": "Polygon",
        "coordinates": [
          [
            [
              24.6685126,
              59.396932
            ],
            [
              24.6683959,
              59.3969164
            ],
            [
              24.6683751,
              59.3969566
            ],
            [
              24.6684917,
              59.3969722
            ],
            [
              24.6685126,
              59.396932
            ]
          ]
        ]
      },
      "properties": {
        "addr:city": "Tallinn",
        "addr:country": "EE",
        "addr:housenumber": "3a",
        "addr:postcode": "12618",
        "addr:street": "Akadeemia tee",
        "amenity": "fast_food",
        "building": "retail",
        "building:levels": "1",
        "building:material": "limiestone",
        "changing_table": "no",
        "check_date": "2024-09-11",
        "height": "4",
        "internet_access": "no",
        "maaamet:ETAK": "5704284",
        "name": "Thin Bai Kebab Curry",
        "opening_hours": "Mo-Su 12:00-23:00",
        "payment:contactless": "yes",
        "payment:credit_cards": "yes",
        "payment:debit_cards": "yes",
        "roof:shape": "flat",
        "shop": "kiosk",
        "source:addr": "Maa- ja Ruumiamet 2025",
        "wheelchair": "yes"
      }
    },
    {
      "type": "Feature",
      "geometry": {
        "type": "Polygon",
        "coordinates": [
          [
            [
              24.6622768,
              59.3971457
            ],
            [
              24.6622736,
              59.396999
            ],
            [
              24.6622718,
              59.3969165
            ],
            [
              24.6622678,
              59.3967356
            ],
            [
              24.6623334,
              59.3967351
            ],
            [
              24.6626804,
              59.3967282
            ],
            [
              24.662764,
              59.3967269
            ],
            [
              24.6628915,
              59.3967762
            ],
            [
              24.6629351,
              59.3968032
            ],
            [
              24.6629339,
              59.3969955
            ],
            [
              24.6628014,
              59.3970948
            ],
            [
              24.6627581,
              59.3971272
            ],
            [
              24.6626921,
              59.3971477
            ],
            [
              24.6626515,
              59.3971475
            ],
            [
              24.6626149,
              59.3971474
            ],
            [
              24.6625786,
              59.3971473
            ],
            [
              24.6624204,
              59.3971465
            ],
            [
              24.6622768,
              59.3971457
            ]
          ]
        ]
      },
      "properties": {
        "addr:city": "Tallinn",
        "addr:country": "EE",
        "addr:housenumber": "15a",
        "addr:postcode": "12618",
        "addr:street": "Akadeemia tee",
        "building": "university",
        "building:levels": "8",
        "colour": "white",
        "height": "32",
        "maaamet:ETAK": "6109056",
        "name": "TTÜ IT õppehoone (ICT)",
        "name:en": "School of IT Educational Building (ICT)",
        "roof:shape": "flat",
        "source:addr": "Maa- ja Ruumiamet 2025"
      }
    },
    {
      "type": "Feature",
      "geometry": {
        "type": "Polygon",
        "coordinates": [
          [
            [
              24.6606728,
              59.3978929
            ],
            [
              24.6604505,
              59.3978933
            ],
            [
              24.6604508,
              59.3979933
            ],
            [
              24.6596064,
              59.3979939
            ],
            [
              24.6596062,
              59.3976663
            ],
            [
              24.6596054,
              59.3976473
            ],
            [
              24.6597098,
              59.3976473
            ],
            [
              24.6597099,
              59.3976679
            ],
            [
              24.660459,
              59.3976673
            ],
            [
              24.6604593,
              59.3977756
            ],
            [
              24.6604754,
              59.3977759
            ],
            [
              24.6605459,
              59.3977758
            ],
            [
              24.660586,
              59.3977757
            ],
            [
              24.6606721,
              59.3977755
            ],
            [
              24.6606728,
              59.3978929
            ]
          ]
        ]
      },
      "properties": {
        "addr:city": "Tallinn",
        "addr:country": "EE",
        "addr:housenumber": "21/2",
        "addr:postcode": "12618",
        "addr:street": "Akadeemia tee",
        "building": "commercial",
        "building:levels": "1",
        "height": "17",
        "maaamet:ETAK": "486285",
        "roof:shape": "flat",
        "source": "ADS 2011-04",
        "source:addr": "Maa- ja Ruumiamet 2025"
      }
    },
    {
      "type": "Feature",
      "geometry": {
        "type": "Polygon",
        "coordinates": [
          [
            [
              24.662764,
              59.3967269
            ],
            [
              24.6623668,
              59.3966728
            ],
            [
              24.6613424,
              59.3966736
            ],
            [
              24.6611991,
              59.3968173
            ],
            [
              24.6611704,
              59.3968169
            ],
            [
              24.6611706,
              59.396841
            ],
            [
              24.661204,
              59.3968415
            ],
            [
              24.6613593,
              59.3966915
            ],
            [
              24.6616966,
              59.3966888
            ],
            [
              24.661696,
              59.3967197
            ],
            [
              24.6617463,
              59.3967197
            ],
            [
              24.661748,
              59.3966887
            ],
            [
              24.6623536,
              59.3966905
            ],
            [
              24.6626804,
              59.3967282
            ],
            [
              24.662764,
              59.3967269
            ]
          ]
        ]
      },
      "properties": {
        "bridge:structure": "beam",
        "building": "bridge",
        "building:part": "yes",
        "covered": "yes",
        "height": "8",
        "layer": "1",
        "man_made": "bridge",
        "min_height": "5"
      }
    },
    {
      "type": "Feature",
      "geometry": {
        "type": "Polygon",
        "coordinates": [
          [
            [
              24.6591305,
              59.3964643
            ],
            [
              24.6588666,
              59.3961042
            ],
            [
              24.6587061,
              59.3958852
            ],
            [
              24.6592807,
              59.3957741
            ],
            [
              24.6596237,
              59.3962497
            ],
            [
              24.6595164,
              59.3962718
            ],
            [
              24.6594293,
              59.3962898
            ],
            [
              24.6594503,
              59.3963271
            ],
            [
              24.6591499,
              59.396456
            ],
            [
              24.6591305,
              59.3964643
            ]
          ]
        ]
      },
      "properties": {
        "addr:city": "Tallinn",
        "addr:country": "EE",
        "addr:housenumber": "2/1",
        "addr:postcode": "12618",
        "addr:street": "Mäealuse",
        "building": "commercial",
        "building:levels": "6",
        "height": "33",
        "maaamet:ETAK": "591112",
        "roof:shape": "flat",
        "source:addr": "Maa- ja Ruumiamet 2025"
      }
    },
    {
      "type": "Feature",
      "geometry": {
        "type": "Polygon",
        "coordinates": [
          [
            [
              24.6634884,
              59.3917897
            ],
            [
              24.6635884,
              59.3918034
            ],
            [
              24.6635469,
              59.3918764
            ],
            [
              24.663448,
              59.39186
            ],
            [
              24.6634884,
              59.3917897
            ]
          ]
        ]
      },
      "properties": {
        "addr:city": "Tallinn",
        "addr:country": "EE",
        "addr:housenumber": "1",
        "addr:postcode": "12616",
        "addr:street": "Trummi",
        "building": "yes",
        "height": "3",
        "maaamet:ETAK": "488669",
        "source:addr": "Maa- ja Ruumiamet 2025"
      }
    },
    {
      "type": "Feature",
      "geometry": {
        "type": "Polygon",
        "coordinates": [
          [
            [
              24.6627417,
              59.3922009
            ],
            [
              24.6628721,
              59.3922194
            ],
            [
              24.6628236,
              59.3923083
            ],
            [
              24.6627114,
              59.3922924
            ],
            [
              24.6626932,
              59.3923257
            ],
            [
              24.6626001,
              59.3923125
            ],
            [
              24.6626668,
              59.3921903
            ],
            [
              24.6627417,
              59.3922009
            ]
          ]
        ]
      },
      "properties": {
        "addr:city": "Tallinn",
        "addr:country": "EE",
        "addr:housenumber": "2",
        "addr:postcode": "12616",
        "addr:street": "Trummi",
        "building": "yes",
        "height": "7",
        "maaamet:ETAK": "5709511",
        "source:addr": "Maa- ja Ruumiamet 2025"
      }
    },
    {
      "type": "Feature",
      "geometry": {
        "type": "Polygon",
        "coordinates": [
          [
            [
              24.659593,
              59.392639
            ],
            [
              24.659564,
              59.392628
            ],
            [
              24.659532,
              59.392649
            ],
            [
              24.659562,
              59.392661
            ],
            [
              24.659593,
              59.392639
            ]
          ]
        ]
      },
      "properties": {
        "addr:city": "Tallinn",
        "addr:country": "EE",
        "addr:housenumber": "14a",
        "addr:street": "Lossi",
        "building": "yes",
        "source:addr": "Maa-amet 2012"
      }
    },
    {
      "type": "Feature",
      "geometry": {
        "type": "Polygon",
        "coordinates": [
          [
            [
              24.659469,
              59.392885
            ],
            [
              24.659409,
              59.392874
            ],
            [
              24.659368,
              59.392933
            ],
            [
              24.659428,
              59.392944
            ],
            [
              24.659469,
              59.392885
            ]
          ]
        ]
      },
      "properties": {
        "addr:city": "Tallinn",
        "addr:country": "EE",
        "addr:housenumber": "2",
        "addr:street": "Soone",
        "building": "yes",
        "source:addr": "Maa-amet 2012"
      }
    },
    {
      "type": "Feature",
      "geometry": {
        "type": "Polygon",
        "coordinates": [
          [
            [
              24.6699658,
              59.3986026
            ],
            [
              24.6699325,
              59.3986027
            ],
            [
              24.6697564,
              59.3986033
            ],
            [
              24.6697605,
              59.3989052
            ],
            [
              24.6697899,
              59.3989051
            ],
            [
              24.6699698,
              59.3989045
            ],
            [
              24.669969,
              59.3988515
            ],
            [
              24.6699689,
              59.3988417
            ],
            [
              24.6699687,
              59.3988281
            ],
            [
              24.6699712,
              59.3986778
            ],
            [
              24.6699699,
              59.3986624
            ],
            [
              24.6699695,
              59.398656
            ],
            [
              24.6699658,
              59.3986026
            ]
          ]
        ]
      },
      "properties": {
        "addr:city": "Tallinn",
        "addr:country": "EE",
        "addr:housenumber": "17",
        "addr:postcode": "12612",
        "addr:street": "Ehitajate tee",
        "building": "apartments",
        "building:levels": "5",
        "height": "15",
        "maaamet:ETAK": "6132871",
        "roof:shape": "flat",
        "source:addr": "Maa- ja Ruumiamet 2025"
      }
    },
    {
      "type": "Feature",
      "geometry": {
        "type": "Polygon",
        "coordinates": [
          [
            [
              24.656567,
              59.3975838
            ],
            [
              24.6563874,
              59.3973461
            ],
            [
              24.656409,
              59.3973419
            ],
            [
              24.6564083,
              59.3972905
            ],
            [
              24.6563475,
              59.3972907
            ],
            [
              24.6562235,
              59.3971269
            ],
            [
              24.656014,
              59.3971679
            ],
            [
              24.6562072,
              59.3974234
            ],
            [
              24.6563592,
              59.3976245
            ],
            [
              24.656567,
              59.3975838
            ]
          ]
        ]
      },
      "properties": {
        "addr:city": "Tallinn",
        "addr:country": "EE",
        "addr:housenumber": "5",
        "addr:postcode": "12618",
        "addr:street": "Teaduspargi",
        "building": "university",
        "building:levels": "2",
        "height": "8",
        "maaamet:ETAK": "596491",
        "name": "TTÜ puidumaja",
        "source:addr": "Maa- ja Ruumiamet 2025"
      }
    },
    {
      "type": "Feature",
      "geometry": {
        "type": "Polygon",
        "coordinates": [
          [
            [
              24.671388,
              59.396555
            ],
            [
              24.6711845,
              59.3965294
            ],
            [
              24.6710491,
              59.3965123
            ],
            [
              24.6707963,
              59.3964805
            ],
            [
              24.6707622,
              59.3965647
            ],
            [
              24.6707398,
              59.3966129
            ],
            [
              24.670598,
              59.396996
            ],
            [
              24.6706851,
              59.3970062
            ],
            [
              24.670743,
              59.397013
            ],
            [
              24.6709344,
              59.3970354
            ],
            [
              24.6709862,
              59.3970415
            ],
            [
              24.671161,
              59.397062
            ],
            [
              24.6713134,
              59.3967215
            ],
            [
              24.6713479,
              59.3966445
            ],
            [
              24.671388,
              59.396555
            ]
          ]
        ]
      },
      "properties": {
        "addr:city": "Tallinn",
        "addr:country": "EE",
        "addr:housenumber": "1",
        "addr:postcode": "12616",
        "addr:street": "Akadeemia tee",
        "alt_name": "LIB",
        "amenity": "library",
        "building": "yes",
        "building:material": "concrete",
        "building:material:concrete": "panels",
        "check_date": "2025-04-21",
        "colour": "black",
        "height": "23",
        "internet_access": "wlan",
        "internet_access:fee": "no",
        "maaamet:ETAK": "6095679",
        "name": "TTÜ raamatukogu (LIB)",
        "name:en": "Library (LIB)",
        "opening_hours": "Mo-Fr 08:30-20:00; Sa 11:00-18:00",
        "payment:mastercard": "yes",
        "payment:visa": "yes",
        "roof:shape": "flat",
        "source:addr": "Maa- ja Ruumiamet 2025",
        "wheelchair": "yes"
      }
    },
    {
      "type": "Feature",
      "geometry": {
        "type": "Polygon",
        "coordinates": [
          [
            [
              24.6554294,
              59.397353
            ],
            [
              24.6549705,
              59.3967317
            ],
            [
              24.6551797,
              59.3966915
            ],
            [
              24.6553386,
              59.3969062
            ],
            [
              24.6554348,
              59.3968877
            ],
            [
              24.655621,
              59.3971397
            ],
            [
              24.6557353,
              59.3972943
            ],
            [
              24.6554294,
              59.397353
            ]
          ]
        ]
      },
      "properties": {
        "addr:city": "Tallinn",
        "addr:country": "EE",
        "addr:housenumber": "6",
        "addr:postcode": "12618",
        "addr:street": "Mäealuse",
        "building": "yes",
        "height": "7",
        "maaamet:ETAK": "591106",
        "source:addr": "Maa- ja Ruumiamet 2025"
      }
    },
    {
      "type": "Feature",
      "geometry": {
        "type": "Polygon",
        "coordinates": [
          [
            [
              24.6562235,
              59.3971269
            ],
            [
              24.6559091,
              59.3967172
            ],
            [
              24.6558038,
              59.3967378
            ],
            [
              24.6558372,
              59.3967822
            ],
            [
              24.6557428,
              59.3968007
            ],
            [
              24.656014,
              59.3971679
            ],
            [
              24.6562235,
              59.3971269
            ]
          ]
        ]
      },
      "properties": {
        "addr:city": "Tallinn",
        "addr:country": "EE",
        "addr:housenumber": "4/3",
        "addr:postcode": "12618",
        "addr:street": "Mäealuse",
        "building": "yes",
        "height": "6",
        "maaamet:ETAK": "6130554",
        "source:addr": "Maa- ja Ruumiamet 2025"
      }
    },
    {
      "type": "Feature",
      "geometry": {
        "type": "Polygon",
        "coordinates": [
          [
            [
              24.657386,
              59.394389
            ],
            [
              24.657316,
              59.394363
            ],
            [
              24.657253,
              59.394408
            ],
            [
              24.657324,
              59.394433
            ],
            [
              24.657386,
              59.394389
            ]
          ]
        ]
      },
      "properties": {
        "addr:city": "Tallinn",
        "addr:country": "EE",
        "addr:housenumber": "23",
        "addr:postcode": "12616",
        "addr:street": "Lossi",
        "building": "yes",
        "height": "4",
        "maaamet:ETAK": "5704259",
        "source:addr": "Maa- ja Ruumiamet 2025"
      }
    },
    {
      "type": "Feature",
      "geometry": {
        "type": "Polygon",
        "coordinates": [
          [
            [
              24.6632025,
              59.3986487
            ],
            [
              24.6632031,
              59.3986009
            ],
            [
              24.6631249,
              59.3986007
            ],
            [
              24.6631243,
              59.3986485
            ],
            [
              24.6632025,
              59.3986487
            ]
          ]
        ]
      },
      "properties": {
        "addr:city": "Tallinn",
        "addr:country": "EE",
        "addr:housenumber": "38",
        "addr:street": "Akadeemia tee",
        "building": "apartments",
        "building:levels": "1",
        "building:material": "plaster",
        "roof:shape": "flat",
        "source:addr": "Maa-amet 2013"
      }
    },
    {
      "type": "Feature",
      "geometry": {
        "type": "Polygon",
        "coordinates": [
          [
            [
              24.660466,
              59.393773
            ],
            [
              24.66053,
              59.393783
            ],
            [
              24.660548,
              59.393753
            ],
            [
              24.660265,
              59.393708
            ],
            [
              24.660234,
              59.393759
            ],
            [
              24.660452,
              59.393794
            ],
            [
              24.660466,
              59.393773
            ]
          ]
        ]
      },
      "properties": {
        "addr:city": "Tallinn",
        "addr:country": "EE",
        "addr:housenumber": "7",
        "addr:postcode": "12616",
        "addr:street": "Soone",
        "building": "yes",
        "source:addr": "Maa-amet 2019"
      }
    },
    {
      "type": "Feature",
      "geometry": {
        "type": "Polygon",
        "coordinates": [
          [
            [
              24.6673101,
              59.3984829
            ],
            [
              24.6673093,
              59.398419
            ],
            [
              24.6674721,
              59.3984185
            ],
            [
              24.6674729,
              59.3984824
            ],
            [
              24.6674476,
              59.3984825
            ],
            [
              24.6673101,
              59.3984829
            ]
          ]
        ]
      },
      "properties": {
        "addr:city": "Tallinn",
        "addr:country": "EE",
        "addr:housenumber": "18a",
        "addr:postcode": "12611",
        "addr:street": "Akadeemia tee",
        "building": "service",
        "building:levels": "1",
        "height": "7",
        "maaamet:ETAK": "587841",
        "roof:shape": "skillion",
        "source:addr": "Maa- ja Ruumiamet 2025"
      }
    },
    {
      "type": "Feature",
      "geometry": {
        "type": "Polygon",
        "coordinates": [
          [
            [
              24.657258,
              59.391798
            ],
            [
              24.657205,
              59.391798
            ],
            [
              24.657208,
              59.39192
            ],
            [
              24.657261,
              59.39192
            ],
            [
              24.657258,
              59.391798
            ]
          ]
        ]
      },
      "properties": {
        "addr:city": "Tallinn",
        "addr:country": "EE",
        "addr:housenumber": "12",
        "addr:postcode": "12617",
        "addr:street": "Trummi",
        "building": "yes",
        "height": "3",
        "maaamet:ETAK": "461125",
        "source:addr": "Maa- ja Ruumiamet 2025"
      }
    },
    {
      "type": "Feature",
      "geometry": {
        "type": "Polygon",
        "coordinates": [
          [
            [
              24.660293,
              59.393619
            ],
            [
              24.660269,
              59.393556
            ],
            [
              24.660295,
              59.393554
            ],
            [
              24.660283,
              59.39352
            ],
            [
              24.660261,
              59.393522
            ],
            [
              24.660243,
              59.393473
            ],
            [
              24.660137,
              59.393482
            ],
            [
              24.660197,
              59.393628
            ],
            [
              24.660293,
              59.393619
            ]
          ]
        ]
      },
      "properties": {
        "addr:city": "Tallinn",
        "addr:country": "EE",
        "addr:housenumber": "7",
        "addr:street": "Soone",
        "building": "yes",
        "source:addr": "Maa-amet 2013"
      }
    },
    {
      "type": "Feature",
      "geometry": {
        "type": "Polygon",
        "coordinates": [
          [
            [
              24.655431,
              59.3918
            ],
            [
              24.655308,
              59.391796
            ],
            [
              24.655304,
              59.391833
            ],
            [
              24.655428,
              59.391837
            ],
            [
              24.655431,
              59.3918
            ]
          ]
        ]
      },
      "properties": {
        "addr:city": "Tallinn",
        "addr:country": "EE",
        "addr:housenumber": "14a",
        "addr:postcode": "12617",
        "addr:street": "Trummi",
        "building": "yes",
        "height": "4",
        "maaamet:ETAK": "6097366",
        "source:addr": "Maa- ja Ruumiamet 2025"
      }
    },
    {
      "type": "Feature",
      "geometry": {
        "type": "Polygon",
        "coordinates": [
          [
            [
              24.662124,
              59.392965
            ],
            [
              24.662066,
              59.392958
            ],
            [
              24.662047,
              59.392999
            ],
            [
              24.662105,
              59.393006
            ],
            [
              24.662124,
              59.392965
            ]
          ]
        ]
      },
      "properties": {
        "addr:city": "Tallinn",
        "addr:country": "EE",
        "addr:housenumber": "16",
        "addr:street": "Soone",
        "building": "shed",
        "maaamet:ETAK": "5709506",
        "source:addr": "Maa-amet 2013"
      }
    },
    {
      "type": "Feature",
      "geometry": {
        "type": "Polygon",
        "coordinates": [
          [
            [
              24.65757,
              59.393961
            ],
            [
              24.657403,
              59.393906
            ],
            [
              24.657342,
              59.393955
            ],
            [
              24.657509,
              59.394009
            ],
            [
              24.65757,
              59.393961
            ]
          ]
        ]
      },
      "properties": {
        "addr:city": "Tallinn",
        "addr:country": "EE",
        "addr:housenumber": "23/1",
        "addr:postcode": "12616",
        "addr:street": "Lossi",
        "building": "yes",
        "height": "4",
        "maaamet:ETAK": "6098665",
        "source:addr": "Maa- ja Ruumiamet 2025"
      }
    },
    {
      "type": "Feature",
      "geometry": {
        "type": "Polygon",
        "coordinates": [
          [
            [
              24.662474,
              59.392645
            ],
            [
              24.6624,
              59.392633
            ],
            [
              24.662384,
              59.392659
            ],
            [
              24.662457,
              59.392671
            ],
            [
              24.662474,
              59.392645
            ]
          ]
        ]
      },
      "properties": {
        "addr:city": "Tallinn",
        "addr:country": "EE",
        "addr:housenumber": "18",
        "addr:street": "Soone",
        "building": "yes",
        "maaamet:ETAK": "5709509",
        "source:addr": "Maa-amet 2013"
      }
    },
    {
      "type": "Feature",
      "geometry": {
        "type": "Polygon",
        "coordinates": [
          [
            [
              24.662996,
              59.391776
            ],
            [
              24.662906,
              59.391762
            ],
            [
              24.662888,
              59.391794
            ],
            [
              24.662978,
              59.391807
            ],
            [
              24.662996,
              59.391776
            ]
          ]
        ]
      },
      "properties": {
        "addr:city": "Tallinn",
        "addr:country": "EE",
        "addr:housenumber": "1a",
        "addr:street": "Trummi",
        "building": "yes",
        "maaamet:ETAK": "461127",
        "source:addr": "Maa-amet 2013"
      }
    },
    {
      "type": "Feature",
      "geometry": {
        "type": "Polygon",
        "coordinates": [
          [
            [
              24.66068,
              59.393615
            ],
            [
              24.660659,
              59.393542
            ],
            [
              24.660589,
              59.393547
            ],
            [
              24.66061,
              59.39362
            ],
            [
              24.66068,
              59.393615
            ]
          ]
        ]
      },
      "properties": {
        "addr:city": "Tallinn",
        "addr:country": "EE",
        "addr:housenumber": "7",
        "addr:postcode": "12616",
        "addr:street": "Soone",
        "building": "yes",
        "height": "3",
        "maaamet:ETAK": "6475944",
        "source:addr": "Maa- ja Ruumiamet 2025"
      }
    },
    {
      "type": "Feature",
      "geometry": {
        "type": "Polygon",
        "coordinates": [
          [
            [
              24.666561,
              59.398345
            ],
            [
              24.6666636,
              59.3983161
            ],
            [
              24.6667176,
              59.3983657
            ],
            [
              24.6666149,
              59.3983946
            ],
            [
              24.666561,
              59.398345
            ]
          ]
        ]
      },
      "properties": {
        "addr:city": "Tallinn",
        "addr:country": "EE",
        "addr:housenumber": "26d",
        "addr:postcode": "12611",
        "addr:street": "Akadeemia tee",
        "building": "garages",
        "building:colour": "#F8F8FF",
        "building:levels": "1",
        "building:material": "brick",
        "height": "3",
        "maaamet:ETAK": "6130382",
        "roof:shape": "flat",
        "source:addr": "Maa- ja Ruumiamet 2025"
      }
    },
    {
      "type": "Feature",
      "geometry": {
        "type": "Polygon",
        "coordinates": [
          [
            [
              24.6642622,
              59.3980538
            ],
            [
              24.6642624,
              59.3980262
            ],
            [
              24.6642625,
              59.3979982
            ],
            [
              24.6641897,
              59.3979981
            ],
            [
              24.6641911,
              59.3976571
            ],
            [
              24.6640676,
              59.397657
            ],
            [
              24.6639492,
              59.3976569
            ],
            [
              24.663949,
              59.397693
            ],
            [
              24.6639489,
              59.3977216
            ],
            [
              24.6639477,
              59.3980345
            ],
            [
              24.6640277,
              59.3980346
            ],
            [
              24.6640271,
              59.3981868
            ],
            [
              24.6640271,
              59.3982073
            ],
            [
              24.6640267,
              59.3982917
            ],
            [
              24.6641256,
              59.3982918
            ],
            [
              24.6642613,
              59.398292
            ],
            [
              24.6642622,
              59.3980594
            ],
            [
              24.6642622,
              59.3980538
            ]
          ]
        ]
      },
      "properties": {
        "addr:city": "Tallinn",
        "addr:country": "EE",
        "addr:housenumber": "34",
        "addr:postcode": "12611",
        "addr:street": "Akadeemia tee",
        "building": "apartments",
        "building:material": "plaster",
        "height": "16",
        "maaamet:ETAK": "578132",
        "roof:shape": "flat",
        "source:addr": "Maa- ja Ruumiamet 2025"
      }
    },
    {
      "type": "Feature",
      "geometry": {
        "type": "Polygon",
        "coordinates": [
          [
            [
              24.6629732,
              59.3990969
            ],
            [
              24.6629732,
              59.3990924
            ],
            [
              24.6628281,
              59.3990916
            ],
            [
              24.6628266,
              59.3991615
            ],
            [
              24.6629718,
              59.3991623
            ],
            [
              24.6629732,
              59.3990969
            ]
          ]
        ]
      },
      "properties": {
        "addr:city": "Tallinn",
        "addr:country": "EE",
        "addr:housenumber": "40c",
        "addr:postcode": "12611",
        "addr:street": "Akadeemia tee",
        "building": "service",
        "building:colour": "white",
        "building:levels": "1",
        "building:material": "brick",
        "height": "4",
        "maaamet:ETAK": "587844",
        "roof:height": "0.5",
        "roof:levels": "0",
        "roof:shape": "skillion",
        "source:addr": "Maa- ja Ruumiamet 2025"
      }
    },
    {
      "type": "Feature",
      "geometry": {
        "type": "Polygon",
        "coordinates": [
          [
            [
              24.6697899,
              59.3989051
            ],
            [
              24.6697605,
              59.3989052
            ],
            [
              24.669587,
              59.398906
            ],
            [
              24.6695917,
              59.3992074
            ],
            [
              24.6696247,
              59.3992077
            ],
            [
              24.6697938,
              59.3992062
            ],
            [
              24.6697931,
              59.3991548
            ],
            [
              24.6697929,
              59.3991402
            ],
            [
              24.6697929,
              59.3991335
            ],
            [
              24.6697909,
              59.3989825
            ],
            [
              24.6697908,
              59.3989718
            ],
            [
              24.6697906,
              59.3989571
            ],
            [
              24.6697899,
              59.3989051
            ]
          ]
        ]
      },
      "properties": {
        "addr:city": "Tallinn",
        "addr:country": "EE",
        "addr:housenumber": "19",
        "addr:postcode": "12612",
        "addr:street": "Ehitajate tee",
        "building": "apartments",
        "building:levels": "5",
        "height": "15",
        "maaamet:ETAK": "6132870",
        "roof:shape": "flat",
        "source:addr": "Maa- ja Ruumiamet 2025"
      }
    },
    {
      "type": "Feature",
      "geometry": {
        "type": "Polygon",
        "coordinates": [
          [
            [
              24.6701387,
              59.3982924
            ],
            [
              24.6699284,
              59.3982931
            ],
            [
              24.6699325,
              59.3986027
            ],
            [
              24.6699658,
              59.3986026
            ],
            [
              24.6701428,
              59.398602
            ],
            [
              24.670142,
              59.3985427
            ],
            [
              24.6701419,
              59.3985329
            ],
            [
              24.6701418,
              59.3985242
            ],
            [
              24.6701398,
              59.3983719
            ],
            [
              24.6701396,
              59.3983548
            ],
            [
              24.6701395,
              59.398348
            ],
            [
              24.6701387,
              59.3982924
            ]
          ]
        ]
      },
      "properties": {
        "addr:city": "Tallinn",
        "addr:country": "EE",
        "addr:housenumber": "15",
        "addr:postcode": "12612",
        "addr:street": "Ehitajate tee",
        "building": "apartments",
        "building:levels": "5",
        "height": "15",
        "maaamet:ETAK": "583509",
        "roof:shape": "flat",
        "source:addr": "Maa- ja Ruumiamet 2025"
      }
    },
    {
      "type": "Feature",
      "geometry": {
        "type": "Polygon",
        "coordinates": [
          [
            [
              24.6661766,
              59.398463
            ],
            [
              24.6658693,
              59.3981711
            ],
            [
              24.6657182,
              59.3982123
            ],
            [
              24.6655853,
              59.3982486
            ],
            [
              24.6658926,
              59.3985405
            ],
            [
              24.6661766,
              59.398463
            ]
          ]
        ]
      },
      "properties": {
        "addr:city": "Tallinn",
        "addr:country": "EE",
        "addr:housenumber": "28a",
        "addr:street": "Akadeemia tee",
        "building": "garages",
        "building:levels:underground": "1",
        "layer": "-1",
        "location": "underground",
        "source:addr": "Maa-amet 2013"
      }
    },
    {
      "type": "Feature",
      "geometry": {
        "type": "Polygon",
        "coordinates": [
          [
            [
              24.6639149,
              59.3987487
            ],
            [
              24.6639141,
              59.3988153
            ],
            [
              24.6637086,
              59.3988147
            ],
            [
              24.6637094,
              59.398748
            ],
            [
              24.6637449,
              59.3987481
            ],
            [
              24.6638575,
              59.3987485
            ],
            [
              24.6639149,
              59.3987487
            ]
          ]
        ]
      },
      "properties": {
        "addr:city": "Tallinn",
        "addr:country": "EE",
        "addr:housenumber": "36a",
        "addr:postcode": "12611",
        "addr:street": "Akadeemia tee",
        "building": "garage",
        "building:levels": "1",
        "building:material": "brick",
        "height": "3",
        "maaamet:ETAK": "587843",
        "roof:shape": "flat",
        "source:addr": "Maa- ja Ruumiamet 2025"
      }
    },
    {
      "type": "Feature",
      "geometry": {
        "type": "Polygon",
        "coordinates": [
          [
            [
              24.6638599,
              59.3987388
            ],
            [
              24.6638595,
              59.3985976
            ],
            [
              24.6640043,
              59.3985975
            ],
            [
              24.6640047,
              59.3987387
            ],
            [
              24.6638599,
              59.3987388
            ]
          ]
        ]
      },
      "properties": {
        "addr:city": "Tallinn",
        "addr:country": "EE",
        "addr:housenumber": "38a",
        "addr:postcode": "12611",
        "addr:street": "Akadeemia tee",
        "building": "garage",
        "building:levels": "1",
        "building:material": "brick",
        "height": "3",
        "maaamet:ETAK": "452355",
        "roof:shape": "flat",
        "source:addr": "Maa- ja Ruumiamet 2025"
      }
    },
    {
      "type": "Feature",
      "geometry": {
        "type": "Polygon",
        "coordinates": [
          [
            [
              24.661798,
              59.392792
            ],
            [
              24.661755,
              59.392787
            ],
            [
              24.661733,
              59.392836
            ],
            [
              24.661776,
              59.392841
            ],
            [
              24.661798,
              59.392792
            ]
          ]
        ]
      },
      "properties": {
        "addr:city": "Tallinn",
        "addr:country": "EE",
        "addr:postcode": "12618",
        "addr:street": "Soone",
        "building": "yes",
        "source": "Maa-amet 2013"
      }
    },
    {
      "type": "Feature",
      "geometry": {
        "type": "Polygon",
        "coordinates": [
          [
            [
              24.6548426,
              59.3955001
            ],
            [
              24.6551043,
              59.3954097
            ],
            [
              24.6546293,
              59.3950521
            ],
            [
              24.6545409,
              59.3950827
            ],
            [
              24.6544718,
              59.3951066
            ],
            [
              24.6543676,
              59.3951426
            ],
            [
              24.6548426,
              59.3955001
            ]
          ]
        ]
      },
      "properties": {
        "addr:city": "Tallinn",
        "addr:country": "EE",
        "addr:housenumber": "4",
        "addr:postcode": "12619",
        "addr:street": "Mäepealse",
        "building": "apartments",
        "building:levels": "6",
        "height": "20",
        "maaamet:ETAK": "6588777",
        "roof:shape": "flat",
        "source:addr": "Maa- ja Ruumiamet 2025"
      }
    },
    {
      "type": "Feature",
      "geometry": {
        "type": "Polygon",
        "coordinates": [
          [
            [
              24.6584317,
              59.3947709
            ],
            [
              24.6586942,
              59.3947683
            ],
            [
              24.658691,
              59.3946828
            ],
            [
              24.6584285,
              59.3946853
            ],
            [
              24.6584295,
              59.3947125
            ],
            [
              24.6584317,
              59.3947709
            ]
          ]
        ]
      },
      "properties": {
        "addr:city": "Tallinn",
        "addr:country": "EE",
        "addr:housenumber": "26",
        "addr:postcode": "12616",
        "addr:street": "Lossi",
        "building": "yes",
        "height": "6",
        "maaamet:ETAK": "7520585",
        "source:addr": "Maa- ja Ruumiamet 2025"
      }
    },
    {
      "type": "Feature",
      "geometry": {
        "type": "Polygon",
        "coordinates": [
          [
            [
              24.6575921,
              59.3982976
            ],
            [
              24.6578144,
              59.3982979
            ],
            [
              24.6578145,
              59.3982734
            ],
            [
              24.6579215,
              59.3982736
            ],
            [
              24.6579212,
              59.3981887
            ],
            [
              24.6579233,
              59.3978902
            ],
            [
              24.6578183,
              59.3978901
            ],
            [
              24.6578184,
              59.3978759
            ],
            [
              24.6578185,
              59.3978608
            ],
            [
              24.6575946,
              59.3978605
            ],
            [
              24.6575921,
              59.3982976
            ]
          ]
        ]
      },
      "properties": {
        "addr:city": "Tallinn",
        "addr:country": "EE",
        "addr:housenumber": "21/6",
        "addr:postcode": "12618",
        "addr:street": "Akadeemia tee",
        "building": "commercial",
        "building:levels": "5",
        "height": "19",
        "maaamet:ETAK": "6547690",
        "roof:shape": "flat",
        "source:addr": "Maa- ja Ruumiamet 2025"
      }
    },
    {
      "type": "Feature",
      "geometry": {
        "type": "Polygon",
        "coordinates": [
          [
            [
              24.6595925,
              59.3982504
            ],
            [
              24.6595915,
              59.398287
            ],
            [
              24.6596199,
              59.3983048
            ],
            [
              24.6596442,
              59.3983051
            ],
            [
              24.6596689,
              59.3983054
            ],
            [
              24.6596855,
              59.3982976
            ],
            [
              24.6597037,
              59.3982891
            ],
            [
              24.6601224,
              59.3982888
            ],
            [
              24.6601578,
              59.3983083
            ],
            [
              24.6602016,
              59.3983084
            ],
            [
              24.660238,
              59.3982891
            ],
            [
              24.6606603,
              59.3982888
            ],
            [
              24.6606992,
              59.3983101
            ],
            [
              24.6607003,
              59.3983663
            ],
            [
              24.6607462,
              59.3983858
            ],
            [
              24.6607439,
              59.3984438
            ],
            [
              24.6607951,
              59.3984668
            ],
            [
              24.6609072,
              59.3984672
            ],
            [
              24.6609082,
              59.3985091
            ],
            [
              24.6609079,
              59.3985279
            ],
            [
              24.6609968,
              59.3985252
            ],
            [
              24.6610554,
              59.3985169
            ],
            [
              24.661106,
              59.3985064
            ],
            [
              24.6611592,
              59.3984927
            ],
            [
              24.6612131,
              59.398475
            ],
            [
              24.6612626,
              59.3984524
            ],
            [
              24.6613042,
              59.3984272
            ],
            [
              24.6613293,
              59.3984114
            ],
            [
              24.6613508,
              59.3983899
            ],
            [
              24.6613731,
              59.3983647
            ],
            [
              24.6613916,
              59.3983294
            ],
            [
              24.6613924,
              59.398278
            ],
            [
              24.6612838,
              59.3982776
            ],
            [
              24.6612853,
              59.3982434
            ],
            [
              24.6612215,
              59.3982471
            ],
            [
              24.6612216,
              59.3982346
            ],
            [
              24.6612217,
              59.3982218
            ],
            [
              24.6612902,
              59.3981966
            ],
            [
              24.6612853,
              59.3981731
            ],
            [
              24.6612304,
              59.3981457
            ],
            [
              24.6611253,
              59.3981462
            ],
            [
              24.6610838,
              59.3981723
            ],
            [
              24.6609734,
              59.398172
            ],
            [
              24.6609546,
              59.3981538
            ],
            [
              24.6606712,
              59.3981536
            ],
            [
              24.6602666,
              59.3981514
            ],
            [
              24.660266,
              59.3981335
            ],
            [
              24.6601282,
              59.3981333
            ],
            [
              24.6601283,
              59.3981526
            ],
            [
              24.659596,
              59.3981513
            ],
            [
              24.6595949,
              59.3981905
            ],
            [
              24.6595925,
              59.3982504
            ]
          ]
        ]
      },
      "properties": {
        "addr:city": "Tallinn",
        "addr:country": "EE",
        "addr:housenumber": "21/1",
        "addr:postcode": "12618",
        "addr:street": "Akadeemia tee",
        "building": "commercial",
        "building:levels": "5",
        "colour": "maroon",
        "height": "18",
        "maaamet:ETAK": "457054",
        "roof:shape": "flat",
        "source:addr": "Maa- ja Ruumiamet 2025"
      }
    },
    {
      "type": "Feature",
      "geometry": {
        "type": "Polygon",
        "coordinates": [
          [
            [
              24.6586705,
              59.3982487
            ],
            [
              24.6587437,
              59.3982479
            ],
            [
              24.6588181,
              59.3982471
            ],
            [
              24.6588659,
              59.3982764
            ],
            [
              24.6594178,
              59.3982772
            ],
            [
              24.6594681,
              59.3982492
            ],
            [
              24.6594815,
              59.3982493
            ],
            [
              24.6595193,
              59.3982497
            ],
            [
              24.6595536,
              59.39825
            ],
            [
              24.6595925,
              59.3982504
            ],
            [
              24.6595949,
              59.3981905
            ],
            [
              24.6595181,
              59.3981905
            ],
            [
              24.6587393,
              59.3981899
            ],
            [
              24.6586704,
              59.3981898
            ],
            [
              24.6586705,
              59.3982487
            ]
          ]
        ]
      },
      "properties": {
        "addr:city": "Tallinn",
        "addr:country": "EE",
        "addr:housenumber": "21/3",
        "addr:postcode": "12618",
        "addr:street": "Akadeemia tee",
        "building": "commercial",
        "building:levels": "2",
        "height": "19",
        "maaamet:ETAK": "593414",
        "roof:shape": "flat",
        "source:addr": "Maa- ja Ruumiamet 2025"
      }
    },
    {
      "type": "Feature",
      "geometry": {
        "type": "Polygon",
        "coordinates": [
          [
            [
              24.6583401,
              59.3982734
            ],
            [
              24.6584422,
              59.3982733
            ],
            [
              24.6584422,
              59.3983034
            ],
            [
              24.6586705,
              59.3983034
            ],
            [
              24.6586705,
              59.3982487
            ],
            [
              24.6586704,
              59.3981898
            ],
            [
              24.6586703,
              59.3978635
            ],
            [
              24.6585591,
              59.3978635
            ],
            [
              24.6585591,
              59.397845
            ],
            [
              24.6584031,
              59.397845
            ],
            [
              24.6584032,
              59.3978629
            ],
            [
              24.6583399,
              59.3978629
            ],
            [
              24.6583401,
              59.3981883
            ],
            [
              24.6583401,
              59.3982734
            ]
          ]
        ]
      },
      "properties": {
        "addr:city": "Tallinn",
        "addr:country": "EE",
        "addr:housenumber": "21/4",
        "addr:postcode": "12618",
        "addr:street": "Akadeemia tee",
        "building": "commercial",
        "building:levels": "3",
        "height": "19",
        "maaamet:ETAK": "593415",
        "roof:shape": "flat",
        "source:addr": "Maa- ja Ruumiamet 2025"
      }
    },
    {
      "type": "Feature",
      "geometry": {
        "type": "Polygon",
        "coordinates": [
          [
            [
              24.6579215,
              59.3982736
            ],
            [
              24.6583401,
              59.3982734
            ],
            [
              24.6583401,
              59.3981883
            ],
            [
              24.6581253,
              59.3981885
            ],
            [
              24.6579212,
              59.3981887
            ],
            [
              24.6579215,
              59.3982736
            ]
          ]
        ]
      },
      "properties": {
        "addr:city": "Tallinn",
        "addr:country": "EE",
        "addr:housenumber": "21/5",
        "addr:postcode": "12618",
        "addr:street": "Akadeemia tee",
        "building": "commercial",
        "building:levels": "3",
        "height": "13",
        "maaamet:ETAK": "6547691",
        "roof:shape": "flat",
        "source:addr": "Maa- ja Ruumiamet 2025"
      }
    },
    {
      "type": "Feature",
      "geometry": {
        "type": "Polygon",
        "coordinates": [
          [
            [
              24.6583245,
              59.3959621
            ],
            [
              24.657778,
              59.3960705
            ],
            [
              24.6578781,
              59.3962012
            ],
            [
              24.6584246,
              59.3960928
            ],
            [
              24.6583245,
              59.3959621
            ]
          ]
        ]
      },
      "properties": {
        "addr:city": "Tallinn",
        "addr:country": "EE",
        "addr:housenumber": "2/2",
        "addr:postcode": "12618",
        "addr:street": "Mäealuse",
        "building": "commercial",
        "building:levels": "8",
        "height": "29",
        "maaamet:ETAK": "7347586",
        "roof:shape": "flat",
        "source:addr": "Maa- ja Ruumiamet 2025"
      }
    },
    {
      "type": "Feature",
      "geometry": {
        "type": "Polygon",
        "coordinates": [
          [
            [
              24.6581297,
              59.3965442
            ],
            [
              24.658323,
              59.3967952
            ],
            [
              24.6583461,
              59.3967853
            ],
            [
              24.6584387,
              59.3967457
            ],
            [
              24.6587983,
              59.396592
            ],
            [
              24.6586758,
              59.3964337
            ],
            [
              24.6581297,
              59.3965442
            ]
          ]
        ]
      },
      "properties": {
        "addr:city": "Tallinn",
        "addr:country": "EE",
        "addr:housenumber": "2/3",
        "addr:postcode": "12618",
        "addr:street": "Mäealuse",
        "building": "commercial",
        "building:levels": "6",
        "height": "24",
        "layer": "1",
        "maaamet:ETAK": "7209408",
        "roof:shape": "flat",
        "source:addr": "Maa- ja Ruumiamet 2025"
      }
    },
    {
      "type": "Feature",
      "geometry": {
        "type": "Polygon",
        "coordinates": [
          [
            [
              24.6575848,
              59.3974731
            ],
            [
              24.6575833,
              59.3974459
            ],
            [
              24.6576947,
              59.3974443
            ],
            [
              24.6576962,
              59.3974715
            ],
            [
              24.65769,
              59.3974716
            ],
            [
              24.6575848,
              59.3974731
            ]
          ]
        ]
      },
      "properties": {
        "building": "retail",
        "building:levels": "1",
        "building:material": "metal",
        "roof:shape": "flat"
      }
    },
    {
      "type": "Feature",
      "geometry": {
        "type": "Polygon",
        "coordinates": [
          [
            [
              24.6606697,
              59.3935407
            ],
            [
              24.6606532,
              59.3934819
            ],
            [
              24.6605493,
              59.3934894
            ],
            [
              24.6605658,
              59.3935483
            ],
            [
              24.6606697,
              59.3935407
            ]
          ]
        ]
      },
      "properties": {
        "addr:city": "Tallinn",
        "addr:country": "EE",
        "addr:housenumber": "7",
        "addr:postcode": "12616",
        "addr:street": "Soone",
        "building": "yes",
        "height": "3",
        "maaamet:ETAK": "7029728",
        "source": "Maa-amet 2019",
        "source:addr": "Maa- ja Ruumiamet 2025"
      }
    },
    {
      "type": "Feature",
      "geometry": {
        "type": "Polygon",
        "coordinates": [
          [
            [
              24.6612752,
              59.3929535
            ],
            [
              24.6612589,
              59.3929024
            ],
            [
              24.6612136,
              59.3929062
            ],
            [
              24.6611933,
              59.3928424
            ],
            [
              24.6611392,
              59.3928469
            ],
            [
              24.6611582,
              59.3929065
            ],
            [
              24.6611749,
              59.3929051
            ],
            [
              24.6611925,
              59.3929603
            ],
            [
              24.6612752,
              59.3929535
            ]
          ]
        ]
      },
      "properties": {
        "addr:city": "Tallinn",
        "addr:country": "EE",
        "addr:housenumber": "12",
        "addr:postcode": "12616",
        "addr:street": "Soone",
        "building": "yes",
        "height": "3",
        "maaamet:ETAK": "7029733",
        "source": "Maa-amet 2019",
        "source:addr": "Maa- ja Ruumiamet 2025"
      }
    },
    {
      "type": "Feature",
      "geometry": {
        "type": "Polygon",
        "coordinates": [
          [
            [
              24.6690753,
              59.3943245
            ],
            [
              24.6689593,
              59.3943115
            ],
            [
              24.6689316,
              59.3943757
            ],
            [
              24.6690477,
              59.3943887
            ],
            [
              24.6690753,
              59.3943245
            ]
          ]
        ]
      },
      "properties": {
        "addr:city": "Tallinn",
        "addr:country": "EE",
        "addr:housenumber": "5",
        "addr:postcode": "19086",
        "addr:street": "Ehitajate tee",
        "amenity": "bicycle_parking",
        "bicycle_parking": "shed",
        "building": "yes",
        "height": "3",
        "maaamet:ETAK": "7029170",
        "source": "Maa-amet 2019",
        "source:addr": "Maa- ja Ruumiamet 2025"
      }
    },
    {
      "type": "Feature",
      "geometry": {
        "type": "Polygon",
        "coordinates": [
          [
            [
              24.6587652,
              59.393848
            ],
            [
              24.6587008,
              59.3937942
            ],
            [
              24.6586026,
              59.3938247
            ],
            [
              24.658667,
              59.3938786
            ],
            [
              24.6587652,
              59.393848
            ]
          ]
        ]
      },
      "properties": {
        "addr:city": "Tallinn",
        "addr:country": "EE",
        "addr:housenumber": "19",
        "addr:postcode": "12616",
        "addr:street": "Lossi",
        "building": "yes",
        "height": "3",
        "maaamet:ETAK": "7029727",
        "source": "Maa-amet 2019",
        "source:addr": "Maa- ja Ruumiamet 2025"
      }
    },
    {
      "type": "Feature",
      "geometry": {
        "type": "Polygon",
        "coordinates": [
          [
            [
              24.6582799,
              59.3942077
            ],
            [
              24.6580818,
              59.3941605
            ],
            [
              24.6579653,
              59.3942877
            ],
            [
              24.6581634,
              59.3943349
            ],
            [
              24.6582799,
              59.3942077
            ]
          ]
        ]
      },
      "properties": {
        "addr:city": "Tallinn",
        "addr:country": "EE",
        "addr:housenumber": "23a",
        "addr:postcode": "12616",
        "addr:street": "Lossi",
        "building": "detached",
        "height": "9",
        "maaamet:ETAK": "6706662",
        "source": "Maa-amet 2019",
        "source:addr": "Maa- ja Ruumiamet 2025"
      }
    },
    {
      "type": "Feature",
      "geometry": {
        "type": "Polygon",
        "coordinates": [
          [
            [
              24.6564531,
              59.3922136
            ],
            [
              24.6563792,
              59.392214
            ],
            [
              24.6563801,
              59.3922625
            ],
            [
              24.656454,
              59.3922621
            ],
            [
              24.6564531,
              59.3922136
            ]
          ]
        ]
      },
      "properties": {
        "addr:country": "EE",
        "building": "yes",
        "source": "Maa-amet 2019"
      }
    },
    {
      "type": "Feature",
      "geometry": {
        "type": "Polygon",
        "coordinates": [
          [
            [
              24.6613565,
              59.3928632
            ],
            [
              24.6613485,
              59.3928255
            ],
            [
              24.6612619,
              59.3928303
            ],
            [
              24.6612699,
              59.392868
            ],
            [
              24.6613565,
              59.3928632
            ]
          ]
        ]
      },
      "properties": {
        "addr:country": "EE",
        "building": "yes",
        "source": "Maa-amet 2019"
      }
    },
    {
      "type": "Feature",
      "geometry": {
        "type": "Polygon",
        "coordinates": [
          [
            [
              24.6546491,
              59.3991681
            ],
            [
              24.6547973,
              59.3989712
            ],
            [
              24.655103,
              59.3990309
            ],
            [
              24.654957,
              59.3992248
            ],
            [
              24.6546491,
              59.3991681
            ]
          ]
        ]
      },
      "properties": {
        "addr:city": "Tallinn",
        "addr:country": "EE",
        "addr:housenumber": "15",
        "addr:postcode": "12618",
        "addr:street": "Teaduspargi",
        "building": "yes",
        "height": "16",
        "maaamet:ETAK": "6586038",
        "source:addr": "Maa- ja Ruumiamet 2025"
      }
    },
    {
      "type": "Feature",
      "geometry": {
        "type": "Polygon",
        "coordinates": [
          [
            [
              24.6635989,
              59.3993342
            ],
            [
              24.6642484,
              59.399335
            ],
            [
              24.6643092,
              59.3993351
            ],
            [
              24.6643094,
              59.3993027
            ],
            [
              24.6643111,
              59.3989655
            ],
            [
              24.6643112,
              59.3989493
            ],
            [
              24.6641603,
              59.3989491
            ],
            [
              24.6641602,
              59.3989681
            ],
            [
              24.664118,
              59.3989681
            ],
            [
              24.664074,
              59.398968
            ],
            [
              24.6640337,
              59.398968
            ],
            [
              24.6640336,
              59.3989947
            ],
            [
              24.6640326,
              59.3991897
            ],
            [
              24.6639931,
              59.3991897
            ],
            [
              24.6638213,
              59.3991894
            ],
            [
              24.6637251,
              59.3991893
            ],
            [
              24.6636382,
              59.3991892
            ],
            [
              24.6636376,
              59.3992076
            ],
            [
              24.6636383,
              59.3992508
            ],
            [
              24.6635985,
              59.399251
            ],
            [
              24.6635989,
              59.3993284
            ],
            [
              24.6635989,
              59.3993342
            ]
          ]
        ]
      },
      "properties": {
        "addr:city": "Tallinn",
        "addr:country": "EE",
        "addr:housenumber": "32b",
        "addr:postcode": "12611",
        "addr:street": "Akadeemia tee",
        "building": "apartments",
        "building:levels": "5",
        "building:material": "plaster",
        "height": "20",
        "maaamet:ETAK": "8512549",
        "name": "Campus house by Larsen",
        "roof:shape": "flat",
        "source:addr": "Maa- ja Ruumiamet 2025"
      }
    },
    {
      "type": "Feature",
      "geometry": {
        "type": "Polygon",
        "coordinates": [
          [
            [
              24.6666149,
              59.3983946
            ],
            [
              24.6665207,
              59.3984212
            ],
            [
              24.6664667,
              59.3983715
            ],
            [
              24.666561,
              59.398345
            ],
            [
              24.6666149,
              59.3983946
            ]
          ]
        ]
      },
      "properties": {
        "addr:city": "Tallinn",
        "addr:country": "EE",
        "addr:housenumber": "26f",
        "addr:postcode": "12611",
        "addr:street": "Akadeemia tee",
        "building": "garages",
        "building:colour": "#F8F8FF",
        "building:levels": "1",
        "building:material": "brick",
        "height": "3",
        "maaamet:ETAK": "6970403",
        "roof:shape": "flat",
        "source:addr": "Maa- ja Ruumiamet 2025"
      }
    },
    {
      "type": "Feature",
      "geometry": {
        "type": "Polygon",
        "coordinates": [
          [
            [
              24.6661852,
              59.3984174
            ],
            [
              24.6658179,
              59.3980784
            ],
            [
              24.6659112,
              59.3980522
            ],
            [
              24.6662785,
              59.3983911
            ],
            [
              24.6661852,
              59.3984174
            ]
          ]
        ]
      },
      "properties": {
        "addr:city": "Tallinn",
        "addr:country": "EE",
        "addr:housenumber": "26c",
        "addr:postcode": "12611",
        "addr:street": "Akadeemia tee",
        "building": "garages",
        "building:colour": "#F8F8FF",
        "building:levels": "1",
        "building:material": "brick",
        "height": "3",
        "maaamet:ETAK": "478361",
        "roof:shape": "flat",
        "source:addr": "Maa- ja Ruumiamet 2025"
      }
    },
    {
      "type": "Feature",
      "geometry": {
        "type": "Polygon",
        "coordinates": [
          [
            [
              24.6655887,
              59.3974698
            ],
            [
              24.6656092,
              59.3974895
            ],
            [
              24.6656746,
              59.3974718
            ],
            [
              24.6656541,
              59.3974521
            ],
            [
              24.6655887,
              59.3974698
            ]
          ]
        ]
      },
      "properties": {
        "access": "private",
        "amenity": "waste_disposal",
        "building": "shed",
        "building:levels": "1",
        "lockable": "yes",
        "recycling:green_waste": "yes",
        "recycling:paper": "yes",
        "roof:height": "0.5",
        "roof:shape": "skillion",
        "waste": "household;organic;trash;paper"
      }
    },
    {
      "type": "Feature",
      "geometry": {
        "type": "Polygon",
        "coordinates": [
          [
            [
              24.6575054,
              59.3971311
            ],
            [
              24.6580233,
              59.3969201
            ],
            [
              24.6579711,
              59.3968543
            ],
            [
              24.6580436,
              59.3967685
            ],
            [
              24.6576351,
              59.3962156
            ],
            [
              24.6574777,
              59.3961797
            ],
            [
              24.6574449,
              59.3961364
            ],
            [
              24.657362,
              59.3961514
            ],
            [
              24.6568727,
              59.3962433
            ],
            [
              24.6572145,
              59.3967258
            ],
            [
              24.6572316,
              59.3967499
            ],
            [
              24.6572808,
              59.3968184
            ],
            [
              24.6575054,
              59.3971311
            ]
          ]
        ]
      },
      "properties": {
        "addr:city": "Tallinn",
        "addr:country": "EE",
        "addr:housenumber": "2/4",
        "addr:postcode": "12618",
        "addr:street": "Mäealuse",
        "building": "commercial",
        "building:levels": "6",
        "building:min_level": "3",
        "building:outline": "yes",
        "building:part": "yes",
        "maaamet:ETAK": "9106945",
        "min_height": "6",
        "roof:shape": "flat",
        "source:addr": "Maa- ja Ruumiamet 2025"
      }
    },
    {
      "type": "Feature",
      "geometry": {
        "type": "Polygon",
        "coordinates": [
          [
            [
              24.6682986,
              59.3979671
            ],
            [
              24.6683329,
              59.3979676
            ],
            [
              24.6683827,
              59.3979684
            ],
            [
              24.6683845,
              59.397937
            ],
            [
              24.6683004,
              59.3979358
            ],
            [
              24.6682986,
              59.3979671
            ]
          ]
        ]
      },
      "properties": {
        "access": "private",
        "amenity": "waste_disposal",
        "building": "shed",
        "building:levels": "1",
        "building:material": "metal",
        "lockable": "yes",
        "recycling:green_waste": "yes",
        "recycling:paper": "yes",
        "roof:height": "0.5",
        "roof:shape": "skillion",
        "waste": "household;trash;organic;paper"
      }
    },
    {
      "type": "Feature",
      "geometry": {
        "type": "Polygon",
        "coordinates": [
          [
            [
              24.6684292,
              59.3980865
            ],
            [
              24.6684352,
              59.3980927
            ],
            [
              24.6684412,
              59.398099
            ],
            [
              24.6684463,
              59.3981043
            ],
            [
              24.6683822,
              59.3981203
            ],
            [
              24.6683542,
              59.3980912
            ],
            [
              24.6684183,
              59.3980752
            ],
            [
              24.6684292,
              59.3980865
            ]
          ]
        ]
      },
      "properties": {
        "access": "private",
        "amenity": "waste_disposal",
        "building": "shed",
        "building:levels": "1",
        "building:material": "metal",
        "lockable": "yes",
        "recycling:green_waste": "yes",
        "recycling:paper": "yes",
        "roof:height": "0.5",
        "roof:shape": "skillion",
        "waste": "household;trash;organic;paper"
      }
    },
    {
      "type": "Feature",
      "geometry": {
        "type": "Polygon",
        "coordinates": [
          [
            [
              24.6655824,
              59.3980577
            ],
            [
              24.6655485,
              59.3980307
            ],
            [
              24.6655388,
              59.3980213
            ],
            [
              24.6655902,
              59.398007
            ],
            [
              24.6656316,
              59.398045
            ],
            [
              24.6655824,
              59.3980577
            ]
          ]
        ]
      },
      "properties": {
        "access": "private",
        "amenity": "waste_disposal",
        "building": "shed",
        "building:levels": "1",
        "lockable": "yes",
        "recycling:green_waste": "yes",
        "recycling:paper": "yes",
        "roof:height": "0.5",
        "roof:shape": "skillion",
        "waste": "household;trash;organic;paper"
      }
    },
    {
      "type": "Feature",
      "geometry": {
        "type": "Polygon",
        "coordinates": [
          [
            [
              24.6671965,
              59.3982902
            ],
            [
              24.6672447,
              59.3982905
            ],
            [
              24.667245,
              59.3982733
            ],
            [
              24.6672453,
              59.3982585
            ],
            [
              24.6671971,
              59.3982582
            ],
            [
              24.6671965,
              59.3982902
            ]
          ]
        ]
      },
      "properties": {
        "access": "private",
        "amenity": "waste_disposal",
        "building": "shed",
        "building:levels": "1",
        "lockable": "yes",
        "recycling:green_waste": "yes",
        "recycling:paper": "yes",
        "roof:height": "0.5",
        "roof:shape": "skillion",
        "waste": "household;trash;organic;paper"
      }
    },
    {
      "type": "Feature",
      "geometry": {
        "type": "Polygon",
        "coordinates": [
          [
            [
              24.6691872,
              59.3945293
            ],
            [
              24.6692244,
              59.3945334
            ],
            [
              24.66946,
              59.3939758
            ],
            [
              24.6694174,
              59.3939711
            ],
            [
              24.6694327,
              59.3939348
            ],
            [
              24.6694724,
              59.3939391
            ],
            [
              24.6697108,
              59.3939653
            ],
            [
              24.6696297,
              59.3941573
            ],
            [
              24.6696232,
              59.3941725
            ],
            [
              24.6695114,
              59.3944372
            ],
            [
              24.6694429,
              59.3945994
            ],
            [
              24.6694885,
              59.3946044
            ],
            [
              24.6694995,
              59.3945783
            ],
            [
              24.6699668,
              59.3946295
            ],
            [
              24.6699191,
              59.3947424
            ],
            [
              24.6696655,
              59.3947146
            ],
            [
              24.6696191,
              59.3948245
            ],
            [
              24.6694046,
              59.394801
            ],
            [
              24.6694511,
              59.3946909
            ],
            [
              24.669407,
              59.394686
            ],
            [
              24.6694037,
              59.3946937
            ],
            [
              24.6691308,
              59.3946639
            ],
            [
              24.669138,
              59.3946468
            ],
            [
              24.6691872,
              59.3945293
            ]
          ]
        ]
      },
      "properties": {
        "addr:city": "Tallinn",
        "addr:country": "EE",
        "addr:housenumber": "5/5",
        "addr:postcode": "19086",
        "addr:street": "Ehitajate tee",
        "building": "university",
        "building:levels": "4",
        "height": "19",
        "maaamet:ETAK": "5700487",
        "name": "TTÜ U05",
        "name:en": "U05",
        "roof:shape": "flat",
        "source": "Maa-amet WMS 2010;Maa-amet 2019",
        "source:addr": "Maa- ja Ruumiamet 2025"
      }
    },
    {
      "type": "Feature",
      "geometry": {
        "type": "Polygon",
        "coordinates": [
          [
            [
              24.6694724,
              59.3939391
            ],
            [
              24.6694815,
              59.3939176
            ],
            [
              24.669437,
              59.3939127
            ],
            [
              24.669447,
              59.3938891
            ],
            [
              24.6694108,
              59.3938852
            ],
            [
              24.6694842,
              59.3937116
            ],
            [
              24.6695176,
              59.3937153
            ],
            [
              24.6695265,
              59.3936944
            ],
            [
              24.669576,
              59.3936998
            ],
            [
              24.6695903,
              59.3936659
            ],
            [
              24.6699745,
              59.393708
            ],
            [
              24.6698589,
              59.3939815
            ],
            [
              24.6697108,
              59.3939653
            ],
            [
              24.6694724,
              59.3939391
            ]
          ]
        ]
      },
      "properties": {
        "addr:city": "Tallinn",
        "addr:country": "EE",
        "addr:housenumber": "5/7",
        "addr:postcode": "19086",
        "addr:street": "Ehitajate tee",
        "building": "university",
        "building:levels": "4",
        "height": "16",
        "maaamet:ETAK": "5700492",
        "name": "TTÜ U05B",
        "name:en": "U05B",
        "roof:shape": "flat",
        "source": "Maa-amet WMS 2010;Maa-amet 2019",
        "source:addr": "Maa- ja Ruumiamet 2025"
      }
    },
    {
      "type": "Feature",
      "geometry": {
        "type": "Polygon",
        "coordinates": [
          [
            [
              24.6699668,
              59.3946295
            ],
            [
              24.6699985,
              59.394633
            ],
            [
              24.6700247,
              59.394571
            ],
            [
              24.6702399,
              59.3940629
            ],
            [
              24.6701944,
              59.3940579
            ],
            [
              24.670211,
              59.3940188
            ],
            [
              24.6702983,
              59.3940284
            ],
            [
              24.6704143,
              59.3940411
            ],
            [
              24.6704859,
              59.394049
            ],
            [
              24.6702163,
              59.3946856
            ],
            [
              24.6702767,
              59.3946922
            ],
            [
              24.6702892,
              59.3946628
            ],
            [
              24.6705078,
              59.3946868
            ],
            [
              24.6705133,
              59.3946738
            ],
            [
              24.670499,
              59.3946723
            ],
            [
              24.6705021,
              59.394665
            ],
            [
              24.6705994,
              59.3946756
            ],
            [
              24.6705913,
              59.3946949
            ],
            [
              24.6707432,
              59.3947115
            ],
            [
              24.670691,
              59.3948275
            ],
            [
              24.6704495,
              59.394801
            ],
            [
              24.6704041,
              59.3949081
            ],
            [
              24.6701847,
              59.394884
            ],
            [
              24.6702303,
              59.3947764
            ],
            [
              24.6701902,
              59.394772
            ],
            [
              24.6701872,
              59.3947792
            ],
            [
              24.6701747,
              59.3947778
            ],
            [
              24.6699156,
              59.3947494
            ],
            [
              24.6699191,
              59.3947424
            ],
            [
              24.6699668,
              59.3946295
            ]
          ]
        ]
      },
      "properties": {
        "addr:city": "Tallinn",
        "addr:country": "EE",
        "addr:housenumber": "5/4",
        "addr:postcode": "19086",
        "addr:street": "Ehitajate tee",
        "building": "university",
        "building:levels": "4",
        "height": "20",
        "maaamet:ETAK": "5700484",
        "name": "TTÜ U04",
        "name:en": "U04",
        "roof:shape": "flat",
        "source": "Maa-amet WMS 2010;Maa-amet 2019",
        "source:addr": "Maa- ja Ruumiamet 2025"
      }
    },
    {
      "type": "Feature",
      "geometry": {
        "type": "Polygon",
        "coordinates": [
          [
            [
              24.6707432,
              59.3947115
            ],
            [
              24.6707806,
              59.3947156
            ],
            [
              24.6710183,
              59.3941542
            ],
            [
              24.6709763,
              59.3941496
            ],
            [
              24.6709956,
              59.394104
            ],
            [
              24.671038,
              59.3941086
            ],
            [
              24.671041,
              59.3941017
            ],
            [
              24.6709798,
              59.3940949
            ],
            [
              24.6710906,
              59.3938334
            ],
            [
              24.6711792,
              59.3938431
            ],
            [
              24.6711705,
              59.3938635
            ],
            [
              24.6712103,
              59.3938679
            ],
            [
              24.6712202,
              59.3938447
            ],
            [
              24.6713566,
              59.3938596
            ],
            [
              24.6714104,
              59.3938655
            ],
            [
              24.6714653,
              59.3938716
            ],
            [
              24.6713496,
              59.3941447
            ],
            [
              24.6712764,
              59.3941366
            ],
            [
              24.6712531,
              59.3941918
            ],
            [
              24.6710527,
              59.394665
            ],
            [
              24.6710393,
              59.3946967
            ],
            [
              24.6710088,
              59.3947686
            ],
            [
              24.6710442,
              59.3947724
            ],
            [
              24.671057,
              59.3947422
            ],
            [
              24.6715627,
              59.3947977
            ],
            [
              24.6715102,
              59.3949216
            ],
            [
              24.6713974,
              59.3949093
            ],
            [
              24.6712427,
              59.3948923
            ],
            [
              24.6711969,
              59.3950003
            ],
            [
              24.6709528,
              59.3949735
            ],
            [
              24.671001,
              59.3948599
            ],
            [
              24.6709777,
              59.3948573
            ],
            [
              24.6709739,
              59.3948661
            ],
            [
              24.6709571,
              59.3948642
            ],
            [
              24.6706879,
              59.3948347
            ],
            [
              24.670691,
              59.3948275
            ],
            [
              24.6707432,
              59.3947115
            ]
          ]
        ]
      },
      "properties": {
        "addr:city": "Tallinn",
        "addr:country": "EE",
        "addr:housenumber": "5/3",
        "addr:postcode": "19086",
        "addr:street": "Ehitajate tee",
        "building": "university",
        "building:levels": "4",
        "height": "18",
        "maaamet:ETAK": "6109054",
        "name": "TTÜ U03",
        "name:en": "U03",
        "roof:shape": "flat",
        "source": "Maa-amet WMS 2010;Maa-amet 2019",
        "source:addr": "Maa- ja Ruumiamet 2025"
      }
    },
    {
      "type": "Feature",
      "geometry": {
        "type": "Polygon",
        "coordinates": [
          [
            [
              24.6702983,
              59.3940284
            ],
            [
              24.6703078,
              59.3940059
            ],
            [
              24.6702775,
              59.3940026
            ],
            [
              24.670286,
              59.3939826
            ],
            [
              24.6701944,
              59.3939725
            ],
            [
              24.670052,
              59.3939569
            ],
            [
              24.670148,
              59.3937302
            ],
            [
              24.6703098,
              59.3937479
            ],
            [
              24.6703105,
              59.3937461
            ],
            [
              24.6704537,
              59.3937618
            ],
            [
              24.6704533,
              59.3937629
            ],
            [
              24.6705535,
              59.3937739
            ],
            [
              24.67058,
              59.3937768
            ],
            [
              24.6705661,
              59.3938096
            ],
            [
              24.6705147,
              59.393804
            ],
            [
              24.6704143,
              59.3940411
            ],
            [
              24.6702983,
              59.3940284
            ]
          ]
        ]
      },
      "properties": {
        "addr:city": "Tallinn",
        "addr:country": "EE",
        "addr:housenumber": "5/8",
        "addr:postcode": "19086",
        "addr:street": "Ehitajate tee",
        "building": "university",
        "building:levels": "4",
        "height": "18",
        "maaamet:ETAK": "26324",
        "name": "TTÜ U04B",
        "name:en": "U04B",
        "roof:shape": "flat",
        "source": "Maa-amet WMS 2010;Maa-amet 2019",
        "source:addr": "Maa- ja Ruumiamet 2025"
      }
    },
    {
      "type": "Feature",
      "geometry": {
        "type": "Polygon",
        "coordinates": [
          [
            [
              24.6715627,
              59.3947977
            ],
            [
              24.6718004,
              59.3942352
            ],
            [
              24.6717588,
              59.3942307
            ],
            [
              24.671777,
              59.3941875
            ],
            [
              24.6718035,
              59.3941904
            ],
            [
              24.6719103,
              59.3939378
            ],
            [
              24.6721519,
              59.3939643
            ],
            [
              24.672045,
              59.3942172
            ],
            [
              24.672056,
              59.3942184
            ],
            [
              24.6718235,
              59.3947684
            ],
            [
              24.6718152,
              59.3947881
            ],
            [
              24.6719187,
              59.3947994
            ],
            [
              24.6719125,
              59.3948141
            ],
            [
              24.672209,
              59.3948466
            ],
            [
              24.6721627,
              59.394956
            ],
            [
              24.671893,
              59.3949264
            ],
            [
              24.671878,
              59.3949619
            ],
            [
              24.6715102,
              59.3949216
            ],
            [
              24.6715627,
              59.3947977
            ]
          ]
        ]
      },
      "properties": {
        "addr:city": "Tallinn",
        "addr:country": "EE",
        "addr:housenumber": "5/2",
        "addr:postcode": "19086",
        "addr:street": "Ehitajate tee",
        "building": "university",
        "building:levels": "4",
        "height": "19",
        "maaamet:ETAK": "5700478",
        "name": "TTÜ U02",
        "name:en": "U02",
        "roof:shape": "flat",
        "source": "Maa-amet WMS 2010;Maa-amet 2019",
        "source:addr": "Maa- ja Ruumiamet 2025"
      }
    },
    {
      "type": "Feature",
      "geometry": {
        "type": "Polygon",
        "coordinates": [
          [
            [
              24.671878,
              59.3949619
            ],
            [
              24.6718706,
              59.3949795
            ],
            [
              24.6717867,
              59.3951778
            ],
            [
              24.6717838,
              59.3951847
            ],
            [
              24.672159,
              59.3952258
            ],
            [
              24.6721804,
              59.3952281
            ],
            [
              24.6720868,
              59.3954494
            ],
            [
              24.6719402,
              59.3954334
            ],
            [
              24.6717912,
              59.395786
            ],
            [
              24.6717245,
              59.3957787
            ],
            [
              24.6718735,
              59.3954262
            ],
            [
              24.6717663,
              59.3954145
            ],
            [
              24.671669,
              59.3954038
            ],
            [
              24.6715052,
              59.3957915
            ],
            [
              24.6714975,
              59.3957907
            ],
            [
              24.6714496,
              59.3957854
            ],
            [
              24.6712444,
              59.3957629
            ],
            [
              24.6712661,
              59.3957115
            ],
            [
              24.6711549,
              59.3956993
            ],
            [
              24.6711772,
              59.3956466
            ],
            [
              24.6712733,
              59.3954191
            ],
            [
              24.6712901,
              59.3953794
            ],
            [
              24.6713156,
              59.3953822
            ],
            [
              24.6714672,
              59.3950236
            ],
            [
              24.6715102,
              59.3949216
            ],
            [
              24.671878,
              59.3949619
            ]
          ]
        ]
      },
      "properties": {
        "addr:city": "Tallinn",
        "addr:country": "EE",
        "addr:housenumber": "5/1",
        "addr:postcode": "19086",
        "addr:street": "Ehitajate tee",
        "architect": "Uno Tölpus, Henno Sepmann, Olga Kontšajeva",
        "building": "university",
        "building:levels": "1",
        "height": "19",
        "maaamet:ETAK": "5700221",
        "name": "TTÜ peahoone (U01)",
        "name:en": "Main building/educational building 1",
        "source": "Maa-amet WMS 2010;Maa-amet 2019",
        "source:addr": "Maa- ja Ruumiamet 2025",
        "start_date": "1963",
        "wikidata": "Q130382060"
      }
    },
    {
      "type": "Feature",
      "geometry": {
        "type": "Polygon",
        "coordinates": [
          [
            [
              24.6712733,
              59.3954191
            ],
            [
              24.6708683,
              59.3953747
            ],
            [
              24.6707503,
              59.3956538
            ],
            [
              24.6707443,
              59.3956681
            ],
            [
              24.6704052,
              59.3956309
            ],
            [
              24.670546,
              59.3952978
            ],
            [
              24.6708845,
              59.3953349
            ],
            [
              24.6709644,
              59.3953437
            ],
            [
              24.6712901,
              59.3953794
            ],
            [
              24.6712733,
              59.3954191
            ]
          ]
        ]
      },
      "properties": {
        "addr:city": "Tallinn",
        "addr:country": "EE",
        "addr:housenumber": "5",
        "addr:postcode": "19086",
        "addr:street": "Ehitajate tee",
        "building": "university",
        "building:levels": "1",
        "height": "19",
        "maaamet:ETAK": "8234104",
        "name": "TTÜ tudengimaja (STU)",
        "name:en": "Student House",
        "roof:shape": "flat",
        "source": "Maa-amet WMS 2010;Maa-amet 2019",
        "source:addr": "Maa- ja Ruumiamet 2025"
      }
    },
    {
      "type": "Feature",
      "geometry": {
        "type": "Polygon",
        "coordinates": [
          [
            [
              24.6578249,
              59.3939531
            ],
            [
              24.6578822,
              59.3939071
            ],
            [
              24.6577358,
              59.3938598
            ],
            [
              24.6576785,
              59.3939058
            ],
            [
              24.6578249,
              59.3939531
            ]
          ]
        ]
      },
      "properties": {
        "addr:city": "Tallinn",
        "addr:country": "EE",
        "addr:housenumber": "19/1",
        "addr:postcode": "12616",
        "addr:street": "Lossi",
        "building": "construction",
        "maaamet:ETAK": "9096847",
        "old_addr:housenumber": "19",
        "source:addr": "Maa- ja Ruumiamet 2025"
      }
    },
    {
      "type": "Feature",
      "geometry": {
        "type": "Polygon",
        "coordinates": [
          [
            [
              24.6563241,
              59.3965406
            ],
            [
              24.6563116,
              59.3965243
            ],
            [
              24.6562562,
              59.3964517
            ],
            [
              24.655753,
              59.3965513
            ],
            [
              24.65582,
              59.396639
            ],
            [
              24.6561606,
              59.3965724
            ],
            [
              24.6563241,
              59.3965406
            ]
          ]
        ]
      },
      "properties": {
        "addr:city": "Tallinn",
        "addr:country": "EE",
        "addr:housenumber": "4/2",
        "addr:postcode": "12618",
        "addr:street": "Mäealuse",
        "building": "office",
        "building:levels": "2",
        "height": "12",
        "maaamet:ETAK": "591113",
        "roof:levels": "0",
        "roof:shape": "flat",
        "source:addr": "Maa- ja Ruumiamet 2025"
      }
    },
    {
      "type": "Feature",
      "geometry": {
        "type": "Polygon",
        "coordinates": [
          [
            [
              24.6669591,
              59.3991521
            ],
            [
              24.6670135,
              59.3991516
            ],
            [
              24.6670116,
              59.3990962
            ],
            [
              24.6669573,
              59.3990966
            ],
            [
              24.6669591,
              59.3991521
            ]
          ]
        ]
      },
      "properties": {
        "building": "roof",
        "layer": "1"
      }
    },
    {
      "type": "Feature",
      "geometry": {
        "type": "Polygon",
        "coordinates": [
          [
            [
              24.6608443,
              59.397505
            ],
            [
              24.6608372,
              59.3966819
            ],
            [
              24.6611692,
              59.3966811
            ],
            [
              24.6611704,
              59.3968169
            ],
            [
              24.6611706,
              59.396841
            ],
            [
              24.6611748,
              59.3973204
            ],
            [
              24.6611761,
              59.3974669
            ],
            [
              24.6611764,
              59.3975042
            ],
            [
              24.6608443,
              59.397505
            ]
          ]
        ]
      },
      "properties": {
        "addr:city": "Tallinn",
        "addr:country": "EE",
        "addr:housenumber": "15b",
        "addr:postcode": "12618",
        "addr:street": "Akadeemia tee",
        "building": "office",
        "building:levels": "6",
        "building:part": "yes",
        "height": "22",
        "maaamet:ETAK": "6096567",
        "min_height": "3",
        "roof:colour": "silver",
        "roof:shape": "flat",
        "source:addr": "Maa- ja Ruumiamet 2025"
      }
    },
    {
      "type": "Feature",
      "geometry": {
        "type": "Polygon",
        "coordinates": [
          [
            [
              24.6593466,
              59.3972251
            ],
            [
              24.6593846,
              59.3972246
            ],
            [
              24.6593824,
              59.3971823
            ],
            [
              24.6593443,
              59.3971828
            ],
            [
              24.6593466,
              59.3972251
            ]
          ]
        ]
      },
      "properties": {
        "building": "service",
        "building:levels": "1",
        "building:material": "metal",
        "building:roof": "metal",
        "roof:height": "0.5",
        "roof:shape": "gabled"
      }
    },
    {
      "type": "Feature",
      "geometry": {
        "type": "Polygon",
        "coordinates": [
          [
            [
              24.6644987,
              59.3968908
            ],
            [
              24.6645994,
              59.396862
            ],
            [
              24.6645563,
              59.3968229
            ],
            [
              24.6645451,
              59.3968128
            ],
            [
              24.6644433,
              59.396842
            ],
            [
              24.6644987,
              59.3968908
            ]
          ]
        ]
      },
      "properties": {
        "building": "roof",
        "height": "5",
        "layer": "1"
      }
    },
    {
      "type": "Feature",
      "geometry": {
        "type": "Polygon",
        "coordinates": [
          [
            [
              24.6666769,
              59.3989057
            ],
            [
              24.6666728,
              59.398896
            ],
            [
              24.6666655,
              59.3988788
            ],
            [
              24.6667106,
              59.3988739
            ],
            [
              24.6667219,
              59.3989008
            ],
            [
              24.6666769,
              59.3989057
            ]
          ]
        ]
      },
      "properties": {
        "access": "private",
        "amenity": "waste_disposal",
        "building": "shed",
        "building:levels": "1",
        "lockable": "yes",
        "recycling:green_waste": "yes",
        "recycling:paper": "yes",
        "roof:height": "0.5",
        "roof:shape": "skillion",
        "waste": "household;trash;organic;paper"
      }
    },
    {
      "type": "Feature",
      "geometry": {
        "type": "Polygon",
        "coordinates": [
          [
            [
              24.6642464,
              59.3986195
            ],
            [
              24.664247,
              59.3985909
            ],
            [
              24.6642777,
              59.398591
            ],
            [
              24.6643066,
              59.3985912
            ],
            [
              24.664306,
              59.3986198
            ],
            [
              24.6642464,
              59.3986195
            ]
          ]
        ]
      },
      "properties": {
        "access": "private",
        "amenity": "waste_disposal",
        "building": "shed",
        "building:levels": "1",
        "lockable": "yes",
        "recycling:green_waste": "yes",
        "recycling:paper": "yes",
        "roof:shape": "saltbox",
        "waste": "household;trash;organic;paper"
      }
    },
    {
      "type": "Feature",
      "geometry": {
        "type": "Polygon",
        "coordinates": [
          [
            [
              24.6635077,
              59.3986503
            ],
            [
              24.6634878,
              59.3986503
            ],
            [
              24.663488,
              59.3986197
            ],
            [
              24.663488,
              59.3986131
            ],
            [
              24.6635475,
              59.3986132
            ],
            [
              24.6635472,
              59.3986504
            ],
            [
              24.6635077,
              59.3986503
            ]
          ]
        ]
      },
      "properties": {
        "access": "private",
        "amenity": "waste_disposal",
        "building": "shed",
        "building:levels": "1",
        "lockable": "yes",
        "recycling:green_waste": "yes",
        "recycling:paper": "yes",
        "roof:height": "0.5",
        "roof:shape": "skillion",
        "waste": "household;trash;organic;paper"
      }
    },
    {
      "type": "Feature",
      "geometry": {
        "type": "Polygon",
        "coordinates": [
          [
            [
              24.6692946,
              59.3980555
            ],
            [
              24.6693599,
              59.3980564
            ],
            [
              24.6693581,
              59.3980899
            ],
            [
              24.6693234,
              59.3980894
            ],
            [
              24.6692928,
              59.398089
            ],
            [
              24.6692946,
              59.3980555
            ]
          ]
        ]
      },
      "properties": {
        "access": "private",
        "amenity": "waste_disposal",
        "building": "shed",
        "building:levels": "1",
        "lockable": "yes",
        "recycling:green_waste": "yes",
        "recycling:paper": "yes",
        "roof:height": "0.5",
        "roof:shape": "skillion",
        "waste": "household;trash;organic;paper"
      }
    },
    {
      "type": "Feature",
      "geometry": {
        "type": "Polygon",
        "coordinates": [
          [
            [
              24.670196,
              59.3988247
            ],
            [
              24.6702328,
              59.3988313
            ],
            [
              24.6702407,
              59.3988198
            ],
            [
              24.6702513,
              59.3988046
            ],
            [
              24.6702145,
              59.398798
            ],
            [
              24.670196,
              59.3988247
            ]
          ]
        ]
      },
      "properties": {
        "access": "private",
        "amenity": "waste_disposal",
        "building": "shed",
        "building:levels": "1",
        "lockable": "yes",
        "recycling:green_waste": "yes",
        "recycling:paper": "yes",
        "roof:height": "0.5",
        "roof:shape": "skillion",
        "waste": "household;trash;organic;paper"
      }
    },
    {
      "type": "Feature",
      "geometry": {
        "type": "Polygon",
        "coordinates": [
          [
            [
              24.6703762,
              59.3985027
            ],
            [
              24.6704171,
              59.3985038
            ],
            [
              24.67042,
              59.3984753
            ],
            [
              24.670379,
              59.3984742
            ],
            [
              24.6703762,
              59.3985027
            ]
          ]
        ]
      },
      "properties": {
        "access": "private",
        "amenity": "waste_disposal",
        "building": "shed",
        "building:levels": "1",
        "lockable": "yes",
        "recycling:green_waste": "yes",
        "recycling:paper": "yes",
        "roof:height": "0.5",
        "roof:shape": "skillion",
        "waste": "household;trash;organic;paper"
      }
    },
    {
      "type": "Feature",
      "geometry": {
        "type": "Polygon",
        "coordinates": [
          [
            [
              24.670754,
              59.397732
            ],
            [
              24.6708034,
              59.3977328
            ],
            [
              24.6708053,
              59.3977019
            ],
            [
              24.6707559,
              59.3977011
            ],
            [
              24.670754,
              59.397732
            ]
          ]
        ]
      },
      "properties": {
        "access": "private",
        "amenity": "waste_disposal",
        "building": "shed",
        "building:levels": "1",
        "lockable": "yes",
        "recycling:green_waste": "yes",
        "recycling:paper": "yes",
        "roof:height": "0.5",
        "roof:shape": "skillion",
        "waste": "household;trash;organic;paper"
      }
    },
    {
      "type": "Feature",
      "geometry": {
        "type": "Polygon",
        "coordinates": [
          [
            [
              24.6642622,
              59.3980538
            ],
            [
              24.6643166,
              59.3980608
            ],
            [
              24.6643183,
              59.3979828
            ],
            [
              24.6642625,
              59.3979982
            ],
            [
              24.6642622,
              59.3980538
            ]
          ]
        ]
      },
      "properties": {
        "building": "roof",
        "height": "3",
        "layer": "1",
        "roof:material": "concrete"
      }
    },
    {
      "type": "Feature",
      "geometry": {
        "type": "Polygon",
        "coordinates": [
          [
            [
              24.6735701,
              59.3990638
            ],
            [
              24.6736344,
              59.3991093
            ],
            [
              24.6737406,
              59.3990702
            ],
            [
              24.6736763,
              59.3990247
            ],
            [
              24.6735701,
              59.3990638
            ]
          ]
        ]
      },
      "properties": {
        "addr:city": "Tallinn",
        "addr:country": "EE",
        "addr:housenumber": "1",
        "addr:postcode": "12912",
        "addr:street": "Keskuse",
        "building": "service",
        "maaamet:ETAK": "9106739",
        "source": "Maa-amet 2023",
        "source:addr": "Maa- ja Ruumiamet 2025"
      }
    },
    {
      "type": "Feature",
      "geometry": {
        "type": "Polygon",
        "coordinates": [
          [
            [
              24.6588715,
              59.3945126
            ],
            [
              24.6588432,
              59.394541
            ],
            [
              24.6589388,
              59.3945658
            ],
            [
              24.6589671,
              59.3945373
            ],
            [
              24.6588715,
              59.3945126
            ]
          ]
        ]
      },
      "properties": {
        "addr:city": "Tallinn",
        "addr:country": "EE",
        "addr:housenumber": "26/1",
        "addr:postcode": "12616",
        "addr:street": "Lossi",
        "building": "yes",
        "maaamet:ETAK": "9096831",
        "source": "Maa-amet 2023",
        "source:addr": "Maa- ja Ruumiamet 2025"
      }
    },
    {
      "type": "Feature",
      "geometry": {
        "type": "Polygon",
        "coordinates": [
          [
            [
              24.6686894,
              59.3969556
            ],
            [
              24.6685126,
              59.396932
            ],
            [
              24.6684917,
              59.3969722
            ],
            [
              24.6686686,
              59.3969959
            ],
            [
              24.6686894,
              59.3969556
            ]
          ]
        ]
      },
      "properties": {
        "amenity": "shelter",
        "bench": "yes",
        "bin": "yes",
        "building": "yes",
        "building:levels": "1",
        "building:material": "limestone",
        "name": "Keemia",
        "roof:shape": "flat",
        "shelter_type": "public_transport",
        "wheelchair": "yes"
      }
    },
    {
      "type": "Feature",
      "geometry": {
        "type": "Polygon",
        "coordinates": [
          [
            [
              24.6638687,
              59.393339
            ],
            [
              24.6637201,
              59.3933561
            ],
            [
              24.6638007,
              59.3935388
            ],
            [
              24.6639493,
              59.3935217
            ],
            [
              24.6638687,
              59.393339
            ]
          ]
        ]
      },
      "properties": {
        "addr:city": "Tallinn",
        "addr:country": "EE",
        "addr:housenumber": "4a",
        "addr:postcode": "12616",
        "addr:street": "Raja",
        "building": "yes",
        "maaamet:ETAK": "9439399",
        "source": "Maa- ja Ruumiamet 2025"
      }
    },
    {
      "type": "Feature",
      "geometry": {
        "type": "Polygon",
        "coordinates": [
          [
            [
              24.6659935,
              59.3941232
            ],
            [
              24.6655052,
              59.3930384
            ],
            [
              24.6650338,
              59.3930936
            ],
            [
              24.6650191,
              59.3930609
            ],
            [
              24.6649833,
              59.3930651
            ],
            [
              24.664998,
              59.3930978
            ],
            [
              24.6649729,
              59.3931007
            ],
            [
              24.6649596,
              59.3930711
            ],
            [
              24.6647312,
              59.3930978
            ],
            [
              24.6647445,
              59.3931274
            ],
            [
              24.6647164,
              59.3931307
            ],
            [
              24.6647076,
              59.3931112
            ],
            [
              24.6646842,
              59.393114
            ],
            [
              24.6646929,
              59.3931335
            ],
            [
              24.6645424,
              59.3931511
            ],
            [
              24.6645107,
              59.3930807
            ],
            [
              24.6644438,
              59.3930885
            ],
            [
              24.6644755,
              59.3931589
            ],
            [
              24.6642126,
              59.3931897
            ],
            [
              24.6647008,
              59.3942745
            ],
            [
              24.6659935,
              59.3941232
            ]
          ]
        ]
      },
      "properties": {
        "access": "yes",
        "addr:city": "Tallinn",
        "addr:country": "EE",
        "addr:housenumber": "4a",
        "addr:postcode": "12616",
        "addr:street": "Raja",
        "building": "yes",
        "check_date": "2024-06-14",
        "leisure": "stadium",
        "maaamet:ETAK": "9141370",
        "name": "Tallinna Tehnikaülikooli staadion",
        "source": "Maa- ja Ruumiamet 2025",
        "sport": "multi;soccer;running"
      }
    },
    {
      "type": "Feature",
      "geometry": {
        "type": "MultiPolygon",
        "coordinates": [
          [
            [
              [
                24.6588833,
                59.3991675
              ],
              [
                24.6583216,
                59.3991628
              ],
              [
                24.658269,
                59.3991625
              ],
              [
                24.658269,
                59.3991869
              ],
              [
                24.6577924,
                59.399186
              ],
              [
                24.6575817,
                59.3991856
              ],
              [
                24.657582,
                59.3988896
              ],
              [
                24.6577936,
                59.3988897
              ],
              [
                24.6577934,
                59.3990783
              ],
              [
                24.6578677,
                59.3990783
              ],
              [
                24.6578677,
                59.3990448
              ],
              [
                24.6579313,
                59.3990448
              ],
              [
                24.6579314,
                59.3990219
              ],
              [
                24.6579755,
                59.399022
              ],
              [
                24.6579751,
                59.3990881
              ],
              [
                24.6582707,
                59.3990885
              ],
              [
                24.6582743,
                59.3984804
              ],
              [
                24.6582745,
                59.3984439
              ],
              [
                24.6583242,
                59.3984439
              ],
              [
                24.6583239,
                59.3984857
              ],
              [
                24.6585674,
                59.3984861
              ],
              [
                24.6586703,
                59.3984863
              ],
              [
                24.6588865,
                59.3984867
              ],
              [
                24.6588868,
                59.3984407
              ],
              [
                24.6589514,
                59.3984408
              ],
              [
                24.6589511,
                59.3984838
              ],
              [
                24.6591736,
                59.3984839
              ],
              [
                24.6592176,
                59.3984844
              ],
              [
                24.6588833,
                59.3991675
              ]
            ]
          ],
          [
            [
              [
                24.6592176,
                59.3984844
              ],
              [
                24.6592755,
                59.3984845
              ],
              [
                24.6594827,
                59.398485
              ],
              [
                24.6594832,
                59.3984314
              ],
              [
                24.6595549,
                59.3984315
              ],
              [
                24.6595499,
                59.3989721
              ],
              [
                24.6595858,
                59.3989723
              ],
              [
                24.6596206,
                59.398973
              ],
              [
                24.659621,
                59.3989365
              ],
              [
                24.6602585,
                59.3989381
              ],
              [
                24.6602571,
                59.3990873
              ],
              [
                24.6601783,
                59.3990871
              ],
              [
                24.660178,
                59.399114
              ],
              [
                24.6602607,
                59.3991143
              ],
              [
                24.6602591,
                59.3992674
              ],
              [
                24.6599819,
                59.3992666
              ],
              [
                24.6599823,
                59.399234
              ],
              [
                24.6596901,
                59.3992332
              ],
              [
                24.6596903,
                59.3992151
              ],
              [
                24.6596908,
                59.3991734
              ],
              [
                24.6595387,
                59.3991714
              ],
              [
                24.6595406,
                59.3991911
              ],
              [
                24.6594772,
                59.3991906
              ],
              [
                24.6594779,
                59.3991712
              ],
              [
                24.6589369,
                59.3991669
              ],
              [
                24.6589377,
                59.3991894
              ],
              [
                24.6588839,
                59.3991893
              ],
              [
                24.6588833,
                59.3991675
              ],
              [
                24.6592176,
                59.3984844
              ]
            ]
          ]
        ]
      },
      "properties": {
        "addr:city": "Tallinn",
        "addr:country": "EE",
        "addr:housenumber": "23",
        "addr:postcode": "12618",
        "addr:street": "Akadeemia tee",
        "building": "university",
        "building:levels": "3",
        "building:material": "brick",
        "check_date": "2023-04-14",
        "colour": "red",
        "maaamet:ETAK": "5700447",
        "name": "Keemilise ja Bioloogilise Füüsika Instituut",
        "office": "research",
        "roof:levels": "1",
        "roof:shape": "flat",
        "source:addr": "Maa-amet 2023",
        "type": "multipolygon",
        "website": "https://kbfi.ee/",
        "wheelchair": "limited"
      }
    },
    {
      "type": "Feature",
      "geometry": {
        "type": "MultiPolygon",
        "coordinates": [
          [
            [
              [
                24.663557,
                59.398422
              ],
              [
                24.6635571,
                59.3984122
              ],
              [
                24.6635589,
                59.3982834
              ],
              [
                24.6637436,
                59.3982841
              ],
              [
                24.6640086,
                59.398285
              ],
              [
                24.663557,
                59.398422
              ]
            ]
          ],
          [
            [
              [
                24.663557,
                59.398422
              ],
              [
                24.6640058,
                59.3984243
              ],
              [
                24.6640083,
                59.3982981
              ],
              [
                24.6640086,
                59.398285
              ],
              [
                24.663557,
                59.398422
              ]
            ]
          ]
        ]
      },
      "properties": {
        "addr:city": "Tallinn",
        "addr:country": "EE",
        "addr:housenumber": "36",
        "addr:postcode": "12611",
        "addr:street": "Akadeemia tee",
        "building": "commercial",
        "building:levels": "1",
        "building:material": "plaster",
        "maaamet:ETAK": "592487",
        "roof:shape": "flat",
        "source": "ADS 2011-04",
        "source:addr": "Maa-amet 2023",
        "type": "multipolygon"
      }
    },
    {
      "type": "Feature",
      "geometry": {
        "type": "Polygon",
        "coordinates": [
          [
            [
              24.663557,
              59.398422
            ],
            [
              24.6635571,
              59.3984122
            ],
            [
              24.6635589,
              59.3982834
            ],
            [
              24.6637436,
              59.3982841
            ],
            [
              24.6640086,
              59.398285
            ],
            [
              24.663557,
              59.398422
            ]
          ]
        ]
      },
      "properties": {}
    },
    {
      "type": "Feature",
      "geometry": {
        "type": "Polygon",
        "coordinates": [
          [
            [
              24.663557,
              59.398422
            ],
            [
              24.6640058,
              59.3984243
            ],
            [
              24.6640083,
              59.3982981
            ],
            [
              24.6640086,
              59.398285
            ],
            [
              24.663557,
              59.398422
            ]
          ]
        ]
      },
      "properties": {}
    },
    {
      "type": "Feature",
      "geometry": {
        "type": "Polygon",
        "coordinates": [
          [
            [
              24.6588833,
              59.3991675
            ],
            [
              24.6583216,
              59.3991628
            ],
            [
              24.658269,
              59.3991625
            ],
            [
              24.658269,
              59.3991869
            ],
            [
              24.6577924,
              59.399186
            ],
            [
              24.6575817,
              59.3991856
            ],
            [
              24.657582,
              59.3988896
            ],
            [
              24.6577936,
              59.3988897
            ],
            [
              24.6577934,
              59.3990783
            ],
            [
              24.6578677,
              59.3990783
            ],
            [
              24.6578677,
              59.3990448
            ],
            [
              24.6579313,
              59.3990448
            ],
            [
              24.6579314,
              59.3990219
            ],
            [
              24.6579755,
              59.399022
            ],
            [
              24.6579751,
              59.3990881
            ],
            [
              24.6582707,
              59.3990885
            ],
            [
              24.6582743,
              59.3984804
            ],
            [
              24.6582745,
              59.3984439
            ],
            [
              24.6583242,
              59.3984439
            ],
            [
              24.6583239,
              59.3984857
            ],
            [
              24.6585674,
              59.3984861
            ],
            [
              24.6586703,
              59.3984863
            ],
            [
              24.6588865,
              59.3984867
            ],
            [
              24.6588868,
              59.3984407
            ],
            [
              24.6589514,
              59.3984408
            ],
            [
              24.6589511,
              59.3984838
            ],
            [
              24.6591736,
              59.3984839
            ],
            [
              24.6592176,
              59.3984844
            ],
            [
              24.6588833,
              59.3991675
            ]
          ]
        ]
      },
      "properties": {}
    },
    {
      "type": "Feature",
      "geometry": {
        "type": "Polygon",
        "coordinates": [
          [
            [
              24.659212,
              59.3990412
            ],
            [
              24.6593662,
              59.3990416
            ],
            [
              24.6593664,
              59.3990209
            ],
            [
              24.6593779,
              59.3990209
            ],
            [
              24.6593818,
              59.3985677
            ],
            [
              24.6593717,
              59.3985677
            ],
            [
              24.6593719,
              59.3985519
            ],
            [
              24.659213,
              59.3985515
            ],
            [
              24.659212,
              59.3990412
            ]
          ]
        ]
      },
      "properties": {}
    },
    {
      "type": "Feature",
      "geometry": {
        "type": "Polygon",
        "coordinates": [
          [
            [
              24.6584179,
              59.399039
            ],
            [
              24.6587686,
              59.3990415
            ],
            [
              24.6587823,
              59.3985548
            ],
            [
              24.6584318,
              59.3985523
            ],
            [
              24.6584179,
              59.399039
            ]
          ]
        ]
      },
      "properties": {}
    },
    {
      "type": "Feature",
      "geometry": {
        "type": "Polygon",
        "coordinates": [
          [
            [
              24.6592176,
              59.3984844
            ],
            [
              24.6592755,
              59.3984845
            ],
            [
              24.6594827,
              59.398485
            ],
            [
              24.6594832,
              59.3984314
            ],
            [
              24.6595549,
              59.3984315
            ],
            [
              24.6595499,
              59.3989721
            ],
            [
              24.6595858,
              59.3989723
            ],
            [
              24.6596206,
              59.398973
            ],
            [
              24.659621,
              59.3989365
            ],
            [
              24.6602585,
              59.3989381
            ],
            [
              24.6602571,
              59.3990873
            ],
            [
              24.6601783,
              59.3990871
            ],
            [
              24.660178,
              59.399114
            ],
            [
              24.6602607,
              59.3991143
            ],
            [
              24.6602591,
              59.3992674
            ],
            [
              24.6599819,
              59.3992666
            ],
            [
              24.6599823,
              59.399234
            ],
            [
              24.6596901,
              59.3992332
            ],
            [
              24.6596903,
              59.3992151
            ],
            [
              24.6596908,
              59.3991734
            ],
            [
              24.6595387,
              59.3991714
            ],
            [
              24.6595406,
              59.3991911
            ],
            [
              24.6594772,
              59.3991906
            ],
            [
              24.6594779,
              59.3991712
            ],
            [
              24.6589369,
              59.3991669
            ],
            [
              24.6589377,
              59.3991894
            ],
            [
              24.6588839,
              59.3991893
            ],
            [
              24.6588833,
              59.3991675
            ],
            [
              24.6592176,
              59.3984844
            ]
          ]
        ]
      },
      "properties": {}
    },
    {
      "type": "Feature",
      "geometry": {
        "type": "Polygon",
        "coordinates": [
          [
            [
              24.659213,
              59.3985515
            ],
            [
              24.6590738,
              59.3985512
            ],
            [
              24.6590736,
              59.3985695
            ],
            [
              24.6590605,
              59.3985695
            ],
            [
              24.6590561,
              59.3990239
            ],
            [
              24.6590664,
              59.399024
            ],
            [
              24.6590662,
              59.3990408
            ],
            [
              24.659212,
              59.3990412
            ],
            [
              24.659213,
              59.3985515
            ]
          ]
        ]
      },
      "properties": {}
    }
  ]
}