<COLLADA xmlns="http://www.collada.org/2005/11/COLLADASchema" version="1.4.1">
  <asset>
    <created>2026-04-20T22:12:31.539013</created>
    <modified>2026-04-20T22:12:31.539018</modified>
    <up_axis>Y_UP</up_axis>
  </asset>
  <library_effects>
    <effect id="e4e279a19b6a4f0c80c07a4a230a39ac" name="e4e279a19b6a4f0c80c07a4a230a39ac">
      <profile_COMMON>
        <technique sid="common">
          <phong>
            <emission>
              <color>0.0 0.0 0.0 1.0</color>
            </emission>
            <ambient>
              <color>0.0 0.0 0.0 1.0</color>
            </ambient>
            <diffuse>
              <color>0.0 0.0 0.0 1.0</color>
            </diffuse>
            <specular>
              <color>0.0 0.0 0.0 1.0</color>
            </specular>
            <shininess>
              <float>0.0</float>
            </shininess>
            <reflective>
              <color>0.0 0.0 0.0 1.0</color>
            </reflective>
            <reflectivity>
              <float>0.0</float>
            </reflectivity>
            <transparent>
              <color>0.0 0.0 0.0 1.0</color>
            </transparent>
            <transparency>
              <float>1.0</float>
            </transparency>
          </phong>
        </technique>
        <extra>
          <technique profile="GOOGLEEARTH">
            <double_sided>0</double_sided>
          </technique>
        </extra>
      </profile_COMMON>
    </effect>
  </library_effects>
  <library_geometries>
    <geometry id="a19b45b78fdc41f492a0242ca4d1a5f9" name="7c947283f4af4dafa0e910fe41f2be3b">
      <mesh>
        <source id="verts-array">
          <float_array count="14400" id="verts-array-array">-118.6819 226.5876 -4.558235 -119.0882 134.8926 -4.558235 -100.2263 134.803 -4.558235 -100.1578 149.9313 -4.558235 -100.1463 152.6161 -4.558235 -99.90631 206.0222 -4.558235 -99.83202 222.3426 -4.558235 -99.81487 226.4979 -4.558235 -118.6819 226.5876 20.44176 -119.0882 134.8926 20.44176 -100.2263 134.803 20.44176 -100.1578 149.9313 20.44176 -100.1463 152.6161 20.44176 -99.90631 206.0222 20.44176 -99.83202 222.3426 20.44176 -99.81487 226.4979 20.44176 -193.558 144.1978 -6.628823 -193.8064 174.6996 -6.628823 -193.8177 176.2593 -6.628823 -181.2167 176.3701 -6.628823 -180.923 140.4206 -6.628823 -193.5241 140.3098 -6.628823 -193.558 144.1978 -1.628823 -193.8064 174.6996 -1.628823 -193.8177 176.2593 -1.628823 -181.2167 176.3701 -1.628823 -180.923 140.4206 -1.628823 -193.5241 140.3098 -1.628823 -85.76132 -345.6405 2.067647 -86.93182 -345.9858 2.067647 -86.08527 -348.8043 2.067647 -85.13068 -348.5147 2.067647 -83.25008 -354.7533 2.067647 -94.48351 -358.1619 2.067647 -96.25616 -352.2798 2.067647 -99.04605 -353.1487 2.067647 -98.84151 -353.7837 2.067647 -111.0693 -357.6044 2.067647 -111.9045 -354.9196 2.067647 -114.8535 -355.8553 2.067647 -112.5468 -363.2413 2.067647 -115.1663 -364.0545 2.067647 -114.4845 -366.2157 2.067647 -117.0926 -367.0288 2.067647 -117.7743 -364.8342 2.067647 -120.3085 -365.6139 2.067647 -119.6097 -367.842 2.067647 -122.5985 -368.7777 2.067647 -122.2122 -370.0031 2.067647 -124.3827 -370.6826 2.067647 -124.7179 -369.602 2.067647 -127.6783 -370.5265 2.067647 -127.4454 -371.2506 2.067647 -129.7012 -371.9524 2.067647 -129.9057 -371.3063 2.067647 -132.957 -372.2531 2.067647 -136.8601 -359.7314 2.067647 -135.1271 -359.1856 2.067647 -134.9451 -356.0552 2.067647 -126.5697 -353.4486 2.067647 -127.4333 -350.7304 2.067647 -128.5641 -351.0869 2.067647 -130.5866 -344.7369 2.067647 -119.4782 -341.217 2.067647 -117.5465 -347.2996 2.067647 -114.6714 -346.3861 2.067647 -114.8816 -345.7066 2.067647 -108.5745 -343.735 2.067647 -107.9552 -345.6845 2.067647 -105.7279 -344.9939 2.067647 -106.3187 -343.1223 2.067647 -102.4777 -341.9193 2.067647 -101.6027 -344.6932 2.067647 -98.81284 -343.8132 2.067647 -99.14237 -342.7437 2.067647 -87.68738 -339.2794 2.067647 -85.76132 -345.6405 20.06765 -86.93182 -345.9858 20.06765 -86.08527 -348.8043 20.06765 -85.13068 -348.5147 20.06765 -83.25008 -354.7533 20.06765 -94.48351 -358.1619 20.06765 -96.25616 -352.2798 20.06765 -99.04605 -353.1487 20.06765 -98.84151 -353.7837 20.06765 -111.0693 -357.6044 20.06765 -111.9045 -354.9196 20.06765 -114.8535 -355.8553 20.06765 -112.5468 -363.2413 20.06765 -115.1663 -364.0545 20.06765 -114.4845 -366.2157 20.06765 -117.0926 -367.0288 20.06765 -117.7743 -364.8342 20.06765 -120.3085 -365.6139 20.06765 -119.6097 -367.842 20.06765 -122.5985 -368.7777 20.06765 -122.2122 -370.0031 20.06765 -124.3827 -370.6826 20.06765 -124.7179 -369.602 20.06765 -127.6783 -370.5265 20.06765 -127.4454 -371.2506 20.06765 -129.7012 -371.9524 20.06765 -129.9057 -371.3063 20.06765 -132.957 -372.2531 20.06765 -136.8601 -359.7314 20.06765 -135.1271 -359.1856 20.06765 -134.9451 -356.0552 20.06765 -126.5697 -353.4486 20.06765 -127.4333 -350.7304 20.06765 -128.5641 -351.0869 20.06765 -130.5866 -344.7369 20.06765 -119.4782 -341.217 20.06765 -117.5465 -347.2996 20.06765 -114.6714 -346.3861 20.06765 -114.8816 -345.7066 20.06765 -108.5745 -343.735 20.06765 -107.9552 -345.6845 20.06765 -105.7279 -344.9939 20.06765 -106.3187 -343.1223 20.06765 -102.4777 -341.9193 20.06765 -101.6027 -344.6932 20.06765 -98.81284 -343.8132 20.06765 -99.14237 -342.7437 20.06765 -87.68738 -339.2794 20.06765 -220.0299 -296.6962 2.171176 -219.206 -296.195 2.171176 -220.2116 -294.5685 2.171176 -216.2285 -292.1067 2.171176 -215.2342 -293.7109 2.171176 -213.6546 -292.7307 2.171176 -217.9043 -285.9238 2.171176 -209.455 -280.6772 2.171176 -200.3704 -295.2937 2.171176 -205.0581 -298.201 2.171176 -205.4899 -297.5103 2.171176 -215.6098 -303.8151 2.171176 -220.0299 -296.6962 8.171176 -219.206 -296.195 8.171176 -220.2116 -294.5685 8.171176 -216.2285 -292.1067 8.171176 -215.2342 -293.7109 8.171176 -213.6546 -292.7307 8.171176 -217.9043 -285.9238 8.171176 -209.455 -280.6772 8.171176 -200.3704 -295.2937 8.171176 -205.0581 -298.201 8.171176 -205.4899 -297.5103 8.171176 -215.6098 -303.8151 8.171176 280.717 109.3344 -4.972353 284.245 110.1702 -4.972353 288.3128 111.1286 -4.972353 289.6369 105.5474 -4.972353 281.3139 103.5861 -4.972353 279.9898 109.1561 -4.972353 280.717 109.3344 -0.972353 284.245 110.1702 -0.972353 288.3128 111.1286 -0.972353 289.6369 105.5474 -0.972353 281.3139 103.5861 -0.972353 279.9898 109.1561 -0.972353 30.28278 -409.3076 3.413529 24.98139 -411.012 3.413529 24.23134 -408.862 3.413529 11.35571 -413.6746 3.413529 15.16277 -424.2912 3.413529 24.9985 -420.9491 3.413529 25.57809 -422.3862 3.413529 29.4476 -421.0159 3.413529 28.44185 -418.4537 3.413529 32.83411 -417.0277 3.413529 31.99882 -414.354 3.413529 33.83981 -413.797 3.413529 32.91929 -411.0677 3.413529 31.07829 -411.5579 3.413529 30.28278 -409.3076 10.41353 24.98139 -411.012 10.41353 24.23134 -408.862 10.41353 11.35571 -413.6746 10.41353 15.16277 -424.2912 10.41353 24.9985 -420.9491 10.41353 25.57809 -422.3862 10.41353 29.4476 -421.0159 10.41353 28.44185 -418.4537 10.41353 32.83411 -417.0277 10.41353 31.99882 -414.354 10.41353 33.83981 -413.797 10.41353 32.91929 -411.0677 10.41353 31.07829 -411.5579 10.41353 -15.14544 -365.4821 4.034707 -11.04306 -380.2875 4.034707 -6.736055 -379.1735 4.034707 -10.88959 -364.3013 4.034707 -15.14544 -365.4821 10.03471 -11.04306 -380.2875 10.03471 -6.736055 -379.1735 10.03471 -10.88959 -364.3013 10.03471 13.12268 -364.9251 3.931176 14.36138 -368.8576 3.931176 6.378116 -371.3642 3.931176 5.105333 -367.3314 3.931176 3.792783 -367.7882 3.931176 3.048434 -365.4599 3.931176 1.38928 -365.9501 3.931176 -1.002855 -358.2076 3.931176 12.70217 -353.8072 3.931176 15.81028 -364.1565 3.931176 13.12268 -364.9251 10.93118 14.36138 -368.8576 10.93118 6.378116 -371.3642 10.93118 5.105333 -367.3314 10.93118 3.792783 -367.7882 10.93118 3.048434 -365.4599 10.93118 1.38928 -365.9501 10.93118 -1.002855 -358.2076 10.93118 12.70217 -353.8072 10.93118 15.81028 -364.1565 10.93118 1.326516 380.7215 -9.941765 1.241298 393.5773 -9.941765 -14.61976 393.466 -9.941765 -14.51189 377.3127 -9.941765 -8.461707 377.3572 -9.941765 1.34924 377.424 -9.941765 1.326516 380.7215 -4.941765 1.241298 393.5773 -4.941765 -14.61976 393.466 -4.941765 -14.51189 377.3127 -4.941765 -8.461707 377.3572 -4.941765 1.34924 377.424 -4.941765 -416.064 -415.4008 1.65353 -409.1317 -414.9559 1.65353 -410.2105 -407.2691 1.65353 -416.404 -407.714 1.65353 -416.064 -415.4008 11.65353 -409.1317 -414.9559 11.65353 -410.2105 -407.2691 11.65353 -416.404 -407.714 11.65353 -369.0365 -42.20921 -2.384118 -411.3054 -25.27176 -2.384118 -413.5218 -31.22038 -2.384118 -415.5103 -30.39579 -2.384118 -422.2164 -47.77375 -2.384118 -420.2621 -48.83229 -2.384118 -414.2692 -59.28245 -2.384118 -419.2067 -61.81073 -2.384118 -413.1287 -72.84019 -2.384118 -389.5658 -60.37681 -2.384118 -388.2706 -62.76095 -2.384118 -377.6683 -57.1028 -2.384118 -378.8214 -54.67412 -2.384118 -376.2645 -53.07019 -2.384118 -373.6965 -54.12877 -2.384118 -369.0365 -42.20921 14.61588 -411.3054 -25.27176 14.61588 -413.5218 -31.22038 14.61588 -415.5103 -30.39579 14.61588 -422.2164 -47.77375 14.61588 -420.2621 -48.83229 14.61588 -414.2692 -59.28245 14.61588 -419.2067 -61.81073 14.61588 -413.1287 -72.84019 14.61588 -389.5658 -60.37681 14.61588 -388.2706 -62.76095 14.61588 -377.6683 -57.1028 14.61588 -378.8214 -54.67412 14.61588 -376.2645 -53.07019 14.61588 -373.6965 -54.12877 14.61588 475.2924 97.28904 -5.800588 485.7912 99.73007 -5.800588 488.5143 86.25079 -5.800588 489.9981 78.89845 -5.800588 496.4765 66.53368 -5.800588 492.71 64.60593 -5.800588 492.8522 63.09088 -5.800588 484.4895 60.5944 -5.800588 485.115 56.39462 -5.800588 482.4107 56.12691 -5.800588 481.5585 55.98198 -5.800588 479.7405 55.78123 -5.800588 480.5989 51.49236 -5.800588 469.9465 49.59719 -5.800588 468.2411 57.61792 -5.800588 460.9691 55.94599 -5.800588 459.2352 64.54602 -5.800588 457.8254 71.55303 -5.800588 455.6538 82.32534 -5.800588 454.8864 86.13519 -5.800588 453.2388 85.68938 -5.800588 452.6476 88.4855 -5.800588 452.0451 91.32618 -5.800588 451.1924 95.38111 -5.800588 459.112 97.09765 -5.800588 459.4301 97.16453 -5.800588 459.885 93.71113 -5.800588 462.0155 94.20156 -5.800588 470.9065 96.27473 -5.800588 475.2924 97.28904 21.19941 485.7912 99.73007 21.19941 488.5143 86.25079 21.19941 489.9981 78.89845 21.19941 496.4765 66.53368 21.19941 492.71 64.60593 21.19941 492.8522 63.09088 21.19941 484.4895 60.5944 21.19941 485.115 56.39462 21.19941 482.4107 56.12691 21.19941 481.5585 55.98198 21.19941 479.7405 55.78123 21.19941 480.5989 51.49236 21.19941 469.9465 49.59719 21.19941 468.2411 57.61792 21.19941 460.9691 55.94599 21.19941 459.2352 64.54602 21.19941 457.8254 71.55303 21.19941 455.6538 82.32534 21.19941 454.8864 86.13519 21.19941 453.2388 85.68938 21.19941 452.6476 88.4855 21.19941 452.0451 91.32618 21.19941 451.1924 95.38111 21.19941 459.112 97.09765 21.19941 459.4301 97.16453 21.19941 459.885 93.71113 21.19941 462.0155 94.20156 21.19941 470.9065 96.27473 21.19941 329.9403 39.63419 -3.937058 344.9731 42.79934 -3.937058 333.5544 96.95081 -3.937058 341.6956 98.66713 -3.937058 346.7575 99.72591 -3.937058 345.4559 105.8752 -3.937058 340.3372 104.8164 -3.937058 332.414 142.9486 -3.937058 326.1932 141.6669 -3.937058 323.6934 141.1431 -3.937058 318.1032 139.9618 -3.937058 326.8332 98.62126 -3.937058 317.8966 96.7378 -3.937058 329.9403 39.63419 12.06294 344.9731 42.79934 12.06294 333.5544 96.95081 12.06294 341.6956 98.66713 12.06294 346.7575 99.72591 12.06294 345.4559 105.8752 12.06294 340.3372 104.8164 12.06294 332.414 142.9486 12.06294 326.1932 141.6669 12.06294 323.6934 141.1431 12.06294 318.1032 139.9618 12.06294 326.8332 98.62126 12.06294 317.8966 96.7378 12.06294 1.34924 377.424 -9.01 1.366284 374.6835 -9.01 1.525359 351.9241 -9.01 -2.962597 351.9018 -9.01 -2.712661 315.1503 -9.01 -2.69562 312.4544 -9.01 -2.672898 309.3128 -9.01 11.14903 309.402 -9.01 10.88191 348.6489 -9.01 10.8478 353.9739 -9.01 15.29031 353.9962 -9.01 15.10841 380.8107 -9.01 1.326516 380.7215 -9.01 1.34924 377.424 5.99 1.366284 374.6835 5.99 1.525359 351.9241 5.99 -2.962597 351.9018 5.99 -2.712661 315.1503 5.99 -2.69562 312.4544 5.99 -2.672898 309.3128 5.99 11.14903 309.402 5.99 10.88191 348.6489 5.99 10.8478 353.9739 5.99 15.29031 353.9962 5.99 15.10841 380.8107 5.99 1.326516 380.7215 5.99 279.125 356.9921 -8.181765 279.4882 284.202 -8.181765 267.8932 284.1455 -8.181765 267.8701 289.2588 -8.181765 267.8644 290.4397 -8.181765 267.8528 292.7569 -8.181765 267.7778 308.8767 -8.181765 267.7721 309.8905 -8.181765 267.7606 311.996 -8.181765 267.6799 328.2718 -8.181765 267.6741 329.9985 -8.181765 267.6683 331.3354 -8.181765 267.5876 347.8563 -8.181765 267.5818 349.3156 -8.181765 267.5472 356.9132 -8.181765 279.125 356.9921 6.818235 279.4882 284.202 6.818235 267.8932 284.1455 6.818235 267.8701 289.2588 6.818235 267.8644 290.4397 6.818235 267.8528 292.7569 6.818235 267.7778 308.8767 6.818235 267.7721 309.8905 6.818235 267.7606 311.996 6.818235 267.6799 328.2718 6.818235 267.6741 329.9985 6.818235 267.6683 331.3354 6.818235 267.5876 347.8563 6.818235 267.5818 349.3156 6.818235 267.5472 356.9132 6.818235 -378.6944 362.4928 -10.14882 -378.2947 325.9975 -10.14882 -387.7024 325.8982 -10.14882 -388.102 362.3824 -10.14882 -378.6944 362.4928 -5.148823 -378.2947 325.9975 -5.148823 -387.7024 325.8982 -5.148823 -388.102 362.3824 -5.148823 -474.9649 352.5444 -10.66647 -440.6447 365.6968 -10.66647 -436.1126 353.8765 -10.66647 -470.4386 340.7241 -10.66647 -474.9649 352.5444 -1.666471 -440.6447 365.6968 -1.666471 -436.1126 353.8765 -1.666471 -470.4386 340.7241 -1.666471 -483.9571 358.4721 -10.97706 -488.0232 369.0892 -10.97706 -482.217 371.3277 -10.97706 -478.1565 360.7105 -10.97706 -483.9571 358.4721 -6.977058 -488.0232 369.0892 -6.977058 -482.217 371.3277 -6.977058 -478.1565 360.7105 -6.977058 -302.1546 368.6576 -8.906471 -301.89 338.4677 -8.906471 -287.5171 338.5891 -8.906471 -287.7818 368.779 -8.906471 -302.1546 368.6576 -0.9064713 -301.89 338.4677 -0.9064713 -287.5171 338.5891 -0.9064713 -287.7818 368.779 -0.9064713 200.0074 338.1044 -8.906471 205.2624 335.0634 -8.906471 217.7877 357.6007 -8.906471 212.1066 360.6083 -8.906471 211.3625 359.2269 -8.906471 200.0074 338.1044 -4.906471 205.2624 335.0634 -4.906471 217.7877 357.6007 -4.906471 212.1066 360.6083 -4.906471 211.3625 359.2269 -4.906471 46.01279 364.1675 -10.25235 37.80383 364.1897 -10.25235 37.75855 347.7801 -10.25235 45.96754 347.758 -10.25235 45.9732 349.6518 -10.25235 45.97886 351.3562 -10.25235 46.01279 364.1675 -7.252353 37.80383 364.1897 -7.252353 37.75855 347.7801 -7.252353 45.96754 347.758 -7.252353 45.9732 349.6518 -7.252353 45.97886 351.3562 -7.252353 342.0866 298.2661 -7.042941 330.2473 298.1648 -7.042941 330.2013 303.8017 -7.042941 330.1841 305.6621 -7.042941 330.1727 306.8207 -7.042941 330.0292 323.2079 -7.042941 330.0177 324.5782 -7.042941 330.0005 326.3606 -7.042941 329.8571 342.7813 -7.042941 329.8513 343.6279 -7.042941 329.8341 345.6777 -7.042941 329.6907 362.0315 -7.042941 329.6792 363.2124 -7.042941 329.662 365.0616 -7.042941 329.6103 371.1887 -7.042941 341.4721 371.3012 -7.042941 342.0866 298.2661 8.957059 330.2473 298.1648 8.957059 330.2013 303.8017 8.957059 330.1841 305.6621 8.957059 330.1727 306.8207 8.957059 330.0292 323.2079 8.957059 330.0177 324.5782 8.957059 330.0005 326.3606 8.957059 329.8571 342.7813 8.957059 329.8513 343.6279 8.957059 329.8341 345.6777 8.957059 329.6907 362.0315 8.957059 329.6792 363.2124 8.957059 329.662 365.0616 8.957059 329.6103 371.1887 8.957059 341.4721 371.3012 8.957059 174.4539 346.7145 -9.320588 186.3616 340.432 -9.320588 187.776 343.1057 -9.320588 191.963 340.9002 -9.320588 192.4912 341.914 -9.320588 194.6953 346.0582 -9.320588 203.1761 362.1006 -9.320588 203.7839 363.2592 -9.320588 204.5962 364.7854 -9.320588 189.5186 372.7276 -9.320588 188.337 370.4995 -9.320588 185.6556 371.9142 -9.320588 183.088 366.979 -9.320588 185.7411 365.5866 -9.320588 178.7655 352.3962 -9.320588 177.6634 352.9643 -9.320588 177.0726 351.8837 -9.320588 174.4539 346.7145 -4.320588 186.3616 340.432 -4.320588 187.776 343.1057 -4.320588 191.963 340.9002 -4.320588 192.4912 341.914 -4.320588 194.6953 346.0582 -4.320588 203.1761 362.1006 -4.320588 203.7839 363.2592 -4.320588 204.5962 364.7854 -4.320588 189.5186 372.7276 -4.320588 188.337 370.4995 -4.320588 185.6556 371.9142 -4.320588 183.088 366.979 -4.320588 185.7411 365.5866 -4.320588 178.7655 352.3962 -4.320588 177.6634 352.9643 -4.320588 177.0726 351.8837 -4.320588 103.1532 309.8601 -9.527647 116.674 309.7603 -9.527647 116.7928 326.1029 -9.527647 116.8833 338.4463 -9.527647 120.8827 338.4241 -9.527647 121.1995 381.1579 -9.527647 115.8367 381.2023 -9.527647 107.6562 381.2578 -9.527647 107.3789 343.214 -9.527647 102.5614 343.2473 -9.527647 102.5105 336.4295 -9.527647 103.3513 336.4184 -9.527647 103.3399 334.9479 -9.527647 103.1532 309.8601 5.472353 116.674 309.7603 5.472353 116.7928 326.1029 5.472353 116.8833 338.4463 5.472353 120.8827 338.4241 5.472353 121.1995 381.1579 5.472353 115.8367 381.2023 5.472353 107.6562 381.2578 5.472353 107.3789 343.214 5.472353 102.5614 343.2473 5.472353 102.5105 336.4295 5.472353 103.3513 336.4184 5.472353 103.3399 334.9479 5.472353 123.1249 392.0308 -8.595882 131.4191 392.1202 -8.595882 131.4932 384.6897 -8.595882 127.454 384.6562 -8.595882 123.2047 384.6115 -8.595882 123.1249 392.0308 -4.595882 131.4191 392.1202 -4.595882 131.4932 384.6897 -4.595882 127.454 384.6562 -4.595882 123.2047 384.6115 -4.595882 -419.8432 397.3994 -10.97706 -432.4609 394.0588 -10.97706 -429.0594 382.1718 -10.97706 -416.453 385.7687 -10.97706 -419.8432 397.3994 -2.977058 -432.4609 394.0588 -2.977058 -429.0594 382.1718 -2.977058 -416.453 385.7687 -2.977058 440.7985 362.4327 -3.937058 448.7859 362.6119 -3.937058 448.6545 368.583 -3.937058 454.5058 368.7174 -3.937058 454.6144 363.6598 -3.937058 455.0461 363.671 -3.937058 467.8964 363.9511 -3.937058 467.7307 371.6823 -3.937058 466.123 371.6487 -3.937058 465.9002 381.8865 -3.937058 467.6499 381.9313 -3.937058 467.4956 389.0833 -3.937058 464.445 389.0161 -3.937058 459.4742 388.9821 -3.937058 459.5942 383.2003 -3.937058 453.7258 383.0659 -3.937058 453.5945 388.9479 -3.937058 446.482 388.7911 -3.937058 446.5106 387.4209 -3.937058 440.2673 387.2976 -3.937058 440.7985 362.4327 38.06294 448.7859 362.6119 38.06294 448.6545 368.583 38.06294 454.5058 368.7174 38.06294 454.6144 363.6598 38.06294 455.0461 363.671 38.06294 467.8964 363.9511 38.06294 467.7307 371.6823 38.06294 466.123 371.6487 38.06294 465.9002 381.8865 38.06294 467.6499 381.9313 38.06294 467.4956 389.0833 38.06294 464.445 389.0161 38.06294 459.4742 388.9821 38.06294 459.5942 383.2003 38.06294 453.7258 383.0659 38.06294 453.5945 388.9479 38.06294 446.482 388.7911 38.06294 446.5106 387.4209 38.06294 440.2673 387.2976 38.06294 401.8862 288.3349 -6.111176 398.8241 288.3569 -6.111176 398.8687 296.8569 -6.111176 405.044 296.813 -6.111176 404.9994 288.6583 -6.111176 408.8909 288.6365 -6.111176 408.8464 280.181 -6.111176 401.8416 280.2137 -6.111176 401.8862 288.3349 -2.111176 398.8241 288.3569 -2.111176 398.8687 296.8569 -2.111176 405.044 296.813 -2.111176 404.9994 288.6583 -2.111176 408.8909 288.6365 -2.111176 408.8464 280.181 -2.111176 401.8416 280.2137 -2.111176 -338.4026 263.5975 -8.906471 -334.5562 267.6633 -8.906471 -334.4242 282.9476 -8.906471 -334.6683 284.964 -8.906471 -335.0032 287.7825 -8.906471 -337.6903 287.8162 -8.906471 -337.814 302.655 -8.906471 -349.6589 302.7563 -8.906471 -349.6359 305.7196 -8.906471 -362.8613 305.8322 -8.906471 -362.8556 306.4784 -8.906471 -366.1108 306.5121 -8.906471 -366.1626 300.2847 -8.906471 -365.532 300.2735 -8.906471 -365.5492 298.2683 -8.906471 -369.64 294.158 -8.906471 -371.5033 294.1693 -8.906471 -371.4976 294.8377 -8.906471 -377.5763 294.894 -8.906471 -377.605 291.4294 -8.906471 -376.6052 291.4293 -8.906471 -376.7144 278.5178 -8.906471 -373.6694 278.4952 -8.906471 -373.7671 266.7089 -8.906471 -354.0026 266.5399 -8.906471 -354.0256 263.7326 -8.906471 -338.4026 263.5975 1.093529 -334.5562 267.6633 1.093529 -334.4242 282.9476 1.093529 -334.6683 284.964 1.093529 -335.0032 287.7825 1.093529 -337.6903 287.8162 1.093529 -337.814 302.655 1.093529 -349.6589 302.7563 1.093529 -349.6359 305.7196 1.093529 -362.8613 305.8322 1.093529 -362.8556 306.4784 1.093529 -366.1108 306.5121 1.093529 -366.1626 300.2847 1.093529 -365.532 300.2735 1.093529 -365.5492 298.2683 1.093529 -369.64 294.158 1.093529 -371.5033 294.1693 1.093529 -371.4976 294.8377 1.093529 -377.5763 294.894 1.093529 -377.605 291.4294 1.093529 -376.6052 291.4293 1.093529 -376.7144 278.5178 1.093529 -373.6694 278.4952 1.093529 -373.7671 266.7089 1.093529 -354.0026 266.5399 1.093529 -354.0256 263.7326 1.093529 429.2852 295.2003 -6.421764 429.2911 293.2396 -6.421764 429.297 290.7331 -6.421764 429.3329 274.6021 -6.421764 429.333 273.7888 -6.421764 429.3331 272.9645 -6.421764 429.3749 255.3964 -6.421764 429.375 254.6054 -6.421764 429.3751 253.6474 -6.421764 429.4169 236.0681 -6.421764 429.4169 235.422 -6.421764 429.423 232.4253 -6.421764 429.4348 227.9581 -6.421764 417.1749 227.9456 -6.421764 417.0135 300.5351 -6.421764 429.2732 300.5587 -6.421764 429.2852 295.2003 9.578236 429.2911 293.2396 9.578236 429.297 290.7331 9.578236 429.3329 274.6021 9.578236 429.333 273.7888 9.578236 429.3331 272.9645 9.578236 429.3749 255.3964 9.578236 429.375 254.6054 9.578236 429.3751 253.6474 9.578236 429.4169 236.0681 9.578236 429.4169 235.422 9.578236 429.423 232.4253 9.578236 429.4348 227.9581 9.578236 417.1749 227.9456 9.578236 417.0135 300.5351 9.578236 429.2732 300.5587 9.578236 256.162 280.836 -7.353529 256.3936 301.2115 -7.353529 238.9755 301.3774 -7.353529 229.2621 282.7838 -7.353529 230.8131 280.723 -7.353529 240.3801 280.7682 -7.353529 249.8788 280.8133 -7.353529 256.162 280.836 3.646471 256.3936 301.2115 3.646471 238.9755 301.3774 3.646471 229.2621 282.7838 3.646471 230.8131 280.723 3.646471 240.3801 280.7682 3.646471 249.8788 280.8133 3.646471 485.315 312.8532 -5.59353 478.6966 312.8189 -5.59353 478.7025 311.3261 -5.59353 478.7258 306.8477 -5.59353 472.7948 306.8136 -5.59353 472.7715 311.3699 -5.59353 459.6654 311.3015 -5.59353 459.7004 304.1495 -5.59353 461.3706 304.1497 -5.59353 461.423 293.9007 -5.59353 459.7925 293.9005 -5.59353 459.8332 286.6482 -5.59353 467.94 286.6938 -5.59353 467.9109 292.4421 -5.59353 473.7169 292.4763 -5.59353 473.746 286.8616 -5.59353 480.8928 286.9071 -5.59353 480.8813 288.3107 -5.59353 486.7498 288.3449 -5.59353 486.7148 295.1293 -5.59353 485.4082 295.118 -5.59353 485.315 312.8532 36.40647 478.6966 312.8189 36.40647 478.7025 311.3261 36.40647 478.7258 306.8477 36.40647 472.7948 306.8136 36.40647 472.7715 311.3699 36.40647 459.6654 311.3015 36.40647 459.7004 304.1495 36.40647 461.3706 304.1497 36.40647 461.423 293.9007 36.40647 459.7925 293.9005 36.40647 459.8332 286.6482 36.40647 467.94 286.6938 36.40647 467.9109 292.4421 36.40647 473.7169 292.4763 36.40647 473.746 286.8616 36.40647 480.8928 286.9071 36.40647 480.8813 288.3107 36.40647 486.7498 288.3449 36.40647 486.7148 295.1293 36.40647 485.4082 295.118 36.40647 223.7096 318.1314 -7.767647 197.4828 272.1989 -7.767647 203.1811 268.9574 -7.767647 229.4078 314.8899 -7.767647 223.7096 318.1314 -4.767647 197.4828 272.1989 -4.767647 203.1811 268.9574 -4.767647 229.4078 314.8899 -4.767647 -493.019 265.0961 -10.97706 -508.6762 306.1053 -10.97706 -458.0105 325.3713 -10.97706 -429.9963 336.1518 -10.97706 -425.3619 324.1198 -10.97706 -414.3497 295.1207 -10.97706 -493.019 265.0961 0.02294159 -508.6762 306.1053 0.02294159 -458.0105 325.3713 0.02294159 -429.9963 336.1518 0.02294159 -425.3619 324.1198 0.02294159 -414.3497 295.1207 0.02294159 190.0379 325.3038 -8.492353 191.7023 328.3229 -8.492353 186.4018 331.2414 -8.492353 184.7374 328.2334 -8.492353 190.0379 325.3038 -5.492353 191.7023 328.3229 -5.492353 186.4018 331.2414 -5.492353 184.7374 328.2334 -5.492353 382.1973 328.705 -6.939412 382.2669 314.4567 -6.939412 358.1737 314.3429 -6.939412 356.4922 314.3316 -6.939412 356.3315 331.0642 -6.939412 358.3028 331.0755 -6.939412 362.9215 331.0982 -6.939412 362.9098 334.1395 -6.939412 380.2084 334.2303 -6.939412 380.2374 328.7048 -6.939412 382.1973 328.705 -1.939412 382.2669 314.4567 -1.939412 358.1737 314.3429 -1.939412 356.4922 314.3316 -1.939412 356.3315 331.0642 -1.939412 358.3028 331.0755 -1.939412 362.9215 331.0982 -1.939412 362.9098 334.1395 -1.939412 380.2084 334.2303 -1.939412 380.2374 328.7048 -1.939412 -277.3987 346.3642 -8.906471 -285.2952 346.2088 -8.906471 -285.1142 336.6394 -8.906471 -277.2119 336.7836 -8.906471 -277.3987 346.3642 1.093529 -285.2952 346.2088 1.093529 -285.1142 336.6394 1.093529 -277.2119 336.7836 1.093529 366.3739 347.3521 -7.560588 366.3632 340.3449 -7.560588 369.2435 340.3341 -7.560588 369.2543 345.971 -7.560588 369.2315 346.606 -7.560588 369.2599 347.3524 -7.560588 366.3739 347.3521 -4.560588 366.3632 340.3449 -4.560588 369.2435 340.3341 -4.560588 369.2543 345.971 -4.560588 369.2315 346.606 -4.560588 369.2599 347.3524 -4.560588 228.2525 348.9788 -8.906471 228.1795 335.6552 -8.906471 235.1273 335.611 -8.906471 245.3304 335.556 -8.906471 248.6424 335.5339 -8.906471 256.4538 335.4899 -8.906471 256.4762 339.1661 -8.906471 256.5493 351.0862 -8.906471 255.9471 351.0861 -8.906471 249.5106 351.1302 -8.906471 249.4993 348.8576 -8.906471 240.887 348.9017 -8.906471 237.4898 348.9237 -8.906471 235.5071 348.9347 -8.906471 228.2525 348.9788 -0.9064713 228.1795 335.6552 -0.9064713 235.1273 335.611 -0.9064713 245.3304 335.556 -0.9064713 248.6424 335.5339 -0.9064713 256.4538 335.4899 -0.9064713 256.4762 339.1661 -0.9064713 256.5493 351.0862 -0.9064713 255.9471 351.0861 -0.9064713 249.5106 351.1302 -0.9064713 249.4993 348.8576 -0.9064713 240.887 348.9017 -0.9064713 237.4898 348.9237 -0.9064713 235.5071 348.9347 -0.9064713 -346.2392 362.5009 -9.113529 -346.194 359.1588 -9.113529 -336.3205 359.2805 -9.113529 -336.0497 337.6907 -9.113529 -336.0328 336.0977 -9.113529 -335.9482 329.6141 -9.113529 -335.9087 326.506 -9.113529 -357.2806 326.2405 -9.113529 -357.6979 358.9705 -9.113529 -353.3861 359.0147 -9.113529 -353.4312 362.4124 -9.113529 -346.2392 362.5009 6.886471 -346.194 359.1588 6.886471 -336.3205 359.2805 6.886471 -336.0497 337.6907 6.886471 -336.0328 336.0977 6.886471 -335.9482 329.6141 6.886471 -335.9087 326.506 6.886471 -357.2806 326.2405 6.886471 -357.6979 358.9705 6.886471 -353.3861 359.0147 6.886471 -353.4312 362.4124 6.886471 32.00325 404.2498 -10.14882 31.92366 411.8251 -10.14882 2.178635 411.5019 -10.14882 2.184316 411.2123 -10.14882 2.263853 403.9266 -10.14882 32.00325 404.2498 -7.148823 31.92366 411.8251 -7.148823 2.178635 411.5019 -7.148823 2.184316 411.2123 -7.148823 2.263853 403.9266 -7.148823 -44.04127 380.265 -9.113529 -30.15711 380.3763 -9.113529 -30.47494 418.6095 -9.113529 -30.52602 424.1573 -9.113529 -25.98702 424.2018 -9.113529 -26.20839 451.3394 -9.113529 -39.96162 451.2281 -9.113529 -39.91056 445.3461 -9.113529 -39.72333 422.4529 -9.113529 -44.39299 422.4084 -9.113529 -44.15488 381.1228 -9.113529 -44.04127 380.265 5.886471 -30.15711 380.3763 5.886471 -30.47494 418.6095 5.886471 -30.52602 424.1573 5.886471 -25.98702 424.2018 5.886471 -26.20839 451.3394 5.886471 -39.96162 451.2281 5.886471 -39.91056 445.3461 5.886471 -39.72333 422.4529 5.886471 -44.39299 422.4084 5.886471 -44.15488 381.1228 5.886471 218.2624 401.8274 -8.699411 205.861 401.771 -8.699411 205.8437 406.2493 -8.699411 205.838 407.174 -8.699411 205.8322 408.8339 -8.699411 205.8265 409.8253 -8.699411 205.8265 409.9924 -8.699411 205.8207 410.7054 -8.699411 205.7805 419.4282 -8.699411 205.7747 421.3666 -8.699411 205.769 422.4583 -8.699411 205.7575 424.2185 -8.699411 205.7575 425.2657 -8.699411 205.7115 434.6346 -8.699411 205.7115 435.4701 -8.699411 205.7057 436.7512 -8.699411 205.6943 438.5114 -8.699411 205.6942 439.4026 -8.699411 205.6483 448.6489 -8.699411 205.6425 449.8298 -8.699411 205.6425 450.7656 -8.699411 205.631 452.5257 -8.699411 205.631 452.626 -8.699411 205.6195 455.2885 -8.699411 205.6023 458.5192 -8.699411 217.9978 458.5755 -8.699411 218.2624 401.8274 7.300589 205.861 401.771 7.300589 205.8437 406.2493 7.300589 205.838 407.174 7.300589 205.8322 408.8339 7.300589 205.8265 409.8253 7.300589 205.8265 409.9924 7.300589 205.8207 410.7054 7.300589 205.7805 419.4282 7.300589 205.7747 421.3666 7.300589 205.769 422.4583 7.300589 205.7575 424.2185 7.300589 205.7575 425.2657 7.300589 205.7115 434.6346 7.300589 205.7115 435.4701 7.300589 205.7057 436.7512 7.300589 205.6943 438.5114 7.300589 205.6942 439.4026 7.300589 205.6483 448.6489 7.300589 205.6425 449.8298 7.300589 205.6425 450.7656 7.300589 205.631 452.5257 7.300589 205.631 452.626 7.300589 205.6195 455.2885 7.300589 205.6023 458.5192 7.300589 217.9978 458.5755 7.300589 630.4935 -335.6408 4.552354 628.089 -329.2578 4.552354 629.1742 -328.968 4.552354 624.9965 -320.1234 4.552354 609.8263 -324.0249 4.552354 612.3337 -334.4183 4.552354 620.0779 -332.4564 4.552354 621.7778 -337.9928 4.552354 630.4935 -335.6408 11.55235 628.089 -329.2578 11.55235 629.1742 -328.968 11.55235 624.9965 -320.1234 11.55235 609.8263 -324.0249 11.55235 612.3337 -334.4183 11.55235 620.0779 -332.4564 11.55235 621.7778 -337.9928 11.55235 1.525633 -327.9843 2.895883 0.2415063 -328.3519 2.895883 1.105168 -331.3486 2.895883 2.224519 -331.0144 2.895883 4.07117 -337.4646 2.895883 -7.099634 -340.6618 2.895883 -8.838311 -334.6016 2.895883 -11.74749 -335.4928 2.895883 -11.58272 -336.0498 2.895883 -23.83311 -339.804 2.895883 -24.73085 -336.8741 2.895883 -27.5889 -337.7653 2.895883 -27.32185 -338.6788 2.895883 -38.81656 -342.0542 2.895883 -40.68019 -335.7042 2.895883 -39.28809 -335.2809 2.895883 -40.11764 -332.429 2.895883 -41.32222 -332.7743 2.895883 -43.19152 -326.4244 2.895883 -31.88436 -323.0936 2.895883 -30.09459 -329.2096 2.895883 -27.36723 -328.3518 2.895883 -27.55473 -327.7614 2.895883 -21.25341 -325.8008 2.895883 -20.63408 -327.806 2.895883 -18.27606 -327.0708 2.895883 -18.88402 -325.1324 2.895883 -15.12255 -323.9515 2.895883 -14.24185 -326.7923 2.895883 -11.34404 -325.8899 2.895883 -11.64518 -324.8539 2.895883 -0.3096451 -321.6121 2.895883 1.525633 -327.9843 20.89588 0.2415063 -328.3519 20.89588 1.105168 -331.3486 20.89588 2.224519 -331.0144 20.89588 4.07117 -337.4646 20.89588 -7.099634 -340.6618 20.89588 -8.838311 -334.6016 20.89588 -11.74749 -335.4928 20.89588 -11.58272 -336.0498 20.89588 -23.83311 -339.804 20.89588 -24.73085 -336.8741 20.89588 -27.5889 -337.7653 20.89588 -27.32185 -338.6788 20.89588 -38.81656 -342.0542 20.89588 -40.68019 -335.7042 20.89588 -39.28809 -335.2809 20.89588 -40.11764 -332.429 20.89588 -41.32222 -332.7743 20.89588 -43.19152 -326.4244 20.89588 -31.88436 -323.0936 20.89588 -30.09459 -329.2096 20.89588 -27.36723 -328.3518 20.89588 -27.55473 -327.7614 20.89588 -21.25341 -325.8008 20.89588 -20.63408 -327.806 20.89588 -18.27606 -327.0708 20.89588 -18.88402 -325.1324 20.89588 -15.12255 -323.9515 20.89588 -14.24185 -326.7923 20.89588 -11.34404 -325.8899 20.89588 -11.64518 -324.8539 20.89588 -0.3096451 -321.6121 20.89588 -165.8045 -363.2951 2.481765 -176.1401 -362.1694 2.481765 -176.5778 -366.1687 2.481765 -166.2422 -367.3055 2.481765 -165.8045 -363.2951 6.481765 -176.1401 -362.1694 6.481765 -176.5778 -366.1687 6.481765 -166.2422 -367.3055 6.481765 -25.37312 -367.5096 4.034707 -26.65726 -367.8884 4.034707 -25.80498 -370.7291 4.034707 -24.77652 -370.4172 4.034707 -22.89581 -376.678 4.034707 -34.10084 -380.0422 4.034707 -35.83381 -374.2382 4.034707 -38.66348 -375.1182 4.034707 -38.51575 -375.6084 4.034707 -50.87427 -379.4739 4.034707 -51.75495 -376.6554 4.034707 -54.42552 -377.4909 4.034707 -54.17552 -378.3041 4.034707 -58.53368 -379.652 4.034707 -65.69879 -381.8465 4.034707 -67.6249 -375.5634 4.034707 -66.22142 -375.129 4.034707 -67.07368 -372.3551 4.034707 -68.10782 -372.667 4.034707 -70.07369 -366.2725 4.034707 -58.93116 -362.8415 4.034707 -56.99368 -369.1357 4.034707 -54.44244 -368.3225 4.034707 -54.68675 -367.5316 4.034707 -48.23761 -365.5041 4.034707 -47.6183 -367.5094 4.034707 -45.22047 -366.763 4.034707 -45.85115 -364.7355 4.034707 -42.09531 -363.5547 4.034707 -41.19758 -366.4511 4.034707 -38.42474 -365.5711 4.034707 -38.73724 -364.5351 4.034707 -34.21433 -363.1871 4.034707 -27.2936 -361.1151 4.034707 -25.37312 -367.5096 21.03471 -26.65726 -367.8884 21.03471 -25.80498 -370.7291 21.03471 -24.77652 -370.4172 21.03471 -22.89581 -376.678 21.03471 -34.10084 -380.0422 21.03471 -35.83381 -374.2382 21.03471 -38.66348 -375.1182 21.03471 -38.51575 -375.6084 21.03471 -50.87427 -379.4739 21.03471 -51.75495 -376.6554 21.03471 -54.42552 -377.4909 21.03471 -54.17552 -378.3041 21.03471 -58.53368 -379.652 21.03471 -65.69879 -381.8465 21.03471 -67.6249 -375.5634 21.03471 -66.22142 -375.129 21.03471 -67.07368 -372.3551 21.03471 -68.10782 -372.667 21.03471 -70.07369 -366.2725 21.03471 -58.93116 -362.8415 21.03471 -56.99368 -369.1357 21.03471 -54.44244 -368.3225 21.03471 -54.68675 -367.5316 21.03471 -48.23761 -365.5041 21.03471 -47.6183 -367.5094 21.03471 -45.22047 -366.763 21.03471 -45.85115 -364.7355 21.03471 -42.09531 -363.5547 21.03471 -41.19758 -366.4511 21.03471 -38.42474 -365.5711 21.03471 -38.73724 -364.5351 21.03471 -34.21433 -363.1871 21.03471 -27.2936 -361.1151 21.03471 -355.0119 -378.2544 4.034707 -355.4425 -365.7885 4.034707 -329.8279 -364.8885 4.034707 -329.1755 -377.4213 4.034707 -333.5564 -377.5657 4.034707 -355.0119 -378.2544 12.03471 -355.4425 -365.7885 12.03471 -329.8279 -364.8885 12.03471 -329.1755 -377.4213 12.03471 -333.5564 -377.5657 12.03471 -372.5363 -388.2232 3.724118 -370.7727 -365.6088 3.724118 -376.6251 -365.274 3.724118 -375.9998 -362.2662 3.724118 -385.6023 -361.3741 3.724118 -386.5126 -372.0686 3.724118 -380.0918 -372.0692 3.724118 -380.8881 -379.3103 3.724118 -382.5926 -378.4189 3.724118 -383.3321 -386.8853 3.724118 -372.5363 -388.2232 13.72412 -370.7727 -365.6088 13.72412 -376.6251 -365.274 13.72412 -375.9998 -362.2662 13.72412 -385.6023 -361.3741 13.72412 -386.5126 -372.0686 13.72412 -380.0918 -372.0692 13.72412 -380.8881 -379.3103 13.72412 -382.5926 -378.4189 13.72412 -383.3321 -386.8853 13.72412 -147.3429 -345.4158 2.067647 -145.7346 -337.5175 2.067647 -153.6552 -335.8907 2.067647 -155.2635 -343.8002 2.067647 -147.3429 -345.4158 5.067647 -145.7346 -337.5175 5.067647 -153.6552 -335.8907 5.067647 -155.2635 -343.8002 5.067647 -176.7309 -359.6072 2.688825 -175.6111 -351.2966 2.688825 -194.3389 -348.7892 2.688825 -195.4473 -357.0886 2.688825 -176.7309 -359.6072 8.688825 -175.6111 -351.2966 8.688825 -194.3389 -348.7892 8.688825 -195.4473 -357.0886 8.688825 -162.332 -344.4683 2.067647 -162.0592 -342.9978 2.067647 -159.65 -343.4435 2.067647 -159.9171 -344.9697 2.067647 -159.6785 -345.0366 2.067647 -160.2468 -347.8996 2.067647 -158.5706 -348.2116 2.067647 -158.2637 -346.5294 2.067647 -153.4625 -347.3985 2.067647 -154.9856 -355.8205 2.067647 -155.4856 -355.7313 2.067647 -155.7584 -357.1907 2.067647 -157.5767 -356.8675 2.067647 -157.7528 -357.8033 2.067647 -167.0486 -356.1096 2.067647 -164.8775 -344.0671 2.067647 -162.332 -344.4683 9.067647 -162.0592 -342.9978 9.067647 -159.65 -343.4435 9.067647 -159.9171 -344.9697 9.067647 -159.6785 -345.0366 9.067647 -160.2468 -347.8996 9.067647 -158.5706 -348.2116 9.067647 -158.2637 -346.5294 9.067647 -153.4625 -347.3985 9.067647 -154.9856 -355.8205 9.067647 -155.4856 -355.7313 9.067647 -155.7584 -357.1907 9.067647 -157.5767 -356.8675 9.067647 -157.7528 -357.8033 9.067647 -167.0486 -356.1096 9.067647 -164.8775 -344.0671 9.067647 -132.6959 -381.622 1.860589 -133.8492 -376.8094 1.860589 -123.7294 -374.3923 1.860589 -122.5761 -379.216 1.860589 -132.6959 -381.622 3.860589 -133.8492 -376.8094 3.860589 -123.7294 -374.3923 3.860589 -122.5761 -379.216 3.860589 -456.8263 -406.25 2.585294 -440.4959 -405.3161 2.585294 -439.3504 -425.3797 2.585294 -443.3734 -425.6021 2.585294 -443.1862 -428.8327 2.585294 -444.5386 -428.9106 2.585294 -446.0898 -429.0106 2.585294 -446.277 -425.6908 2.585294 -457.9595 -426.3467 2.585294 -457.7781 -429.8336 2.585294 -459.1077 -429.9114 2.585294 -460.5964 -430.0004 2.585294 -460.8347 -426.4801 2.585294 -464.7838 -426.6912 2.585294 -465.9177 -406.7613 2.585294 -466.0255 -405.3242 2.585294 -472.2758 -405.6019 2.585294 -472.3382 -404.2317 2.585294 -479.0601 -404.5316 2.585294 -480.4374 -377.082 2.585294 -467.4709 -376.3707 2.585294 -438.2308 -374.7811 2.585294 -437.3178 -390.3664 2.585294 -454.8358 -391.2889 2.585294 -454.6885 -395.3328 2.585294 -457.4159 -395.4996 2.585294 -456.8263 -406.25 11.58529 -440.4959 -405.3161 11.58529 -439.3504 -425.3797 11.58529 -443.3734 -425.6021 11.58529 -443.1862 -428.8327 11.58529 -444.5386 -428.9106 11.58529 -446.0898 -429.0106 11.58529 -446.277 -425.6908 11.58529 -457.9595 -426.3467 11.58529 -457.7781 -429.8336 11.58529 -459.1077 -429.9114 11.58529 -460.5964 -430.0004 11.58529 -460.8347 -426.4801 11.58529 -464.7838 -426.6912 11.58529 -465.9177 -406.7613 11.58529 -466.0255 -405.3242 11.58529 -472.2758 -405.6019 11.58529 -472.3382 -404.2317 11.58529 -479.0601 -404.5316 11.58529 -480.4374 -377.082 11.58529 -467.4709 -376.3707 11.58529 -438.2308 -374.7811 11.58529 -437.3178 -390.3664 11.58529 -454.8358 -391.2889 11.58529 -454.6885 -395.3328 11.58529 -457.4159 -395.4996 11.58529 -191.3909 -366.959 3.413529 -195.8798 -368.6298 3.413529 -193.7778 -375.4254 3.413529 -189.1184 -374.2002 3.413529 -191.3909 -366.959 13.41353 -195.8798 -368.6298 13.41353 -193.7778 -375.4254 13.41353 -189.1184 -374.2002 13.41353 -159.1966 -370.024 2.378236 -169.7537 -368.3191 2.378236 -171.3565 -378.2115 2.378236 -162.4755 -379.649 2.378236 -162.1004 -377.3541 2.378236 -160.4299 -377.6327 2.378236 -159.1966 -370.024 10.37824 -169.7537 -368.3191 10.37824 -171.3565 -378.2115 10.37824 -162.4755 -379.649 10.37824 -162.1004 -377.3541 10.37824 -160.4299 -377.6327 10.37824 -194.8177 -378.4221 3.724118 -192.051 -387.5683 3.724118 -192.4431 -387.6797 3.724118 -197.6252 -389.1388 3.724118 -202.7042 -373.7985 3.724118 -196.9368 -372.0609 3.724118 -194.8177 -378.4221 6.724118 -192.051 -387.5683 6.724118 -192.4431 -387.6797 6.724118 -197.6252 -389.1388 6.724118 -202.7042 -373.7985 6.724118 -196.9368 -372.0609 6.724118 -361.7864 -393.6941 3.620589 -362.1207 -384.1024 3.620589 -353.9158 -383.8246 3.620589 -353.5814 -393.4052 3.620589 -361.7864 -393.6941 7.620589 -362.1207 -384.1024 7.620589 -353.9158 -383.8246 7.620589 -353.5814 -393.4052 7.620589 -140.8216 -390.8235 1.65353 -132.8042 -389.2753 1.65353 -130.9976 -398.5106 1.65353 -139.0037 -400.0699 1.65353 -140.8216 -390.8235 10.65353 -132.8042 -389.2753 10.65353 -130.9976 -398.5106 10.65353 -139.0037 -400.0699 10.65353 -9.525989 -396.9086 3.827647 -0.9630902 -394.636 3.827647 1.275652 -403.0135 3.827647 -7.309993 -405.2861 3.827647 -9.525989 -396.9086 14.82765 -0.9630902 -394.636 14.82765 1.275652 -403.0135 14.82765 -7.309993 -405.2861 14.82765 -163.846 -405.7504 2.274707 -166.1582 -394.8552 2.274707 -156.5099 -392.8058 2.274707 -154.2034 -403.701 2.274707 -163.846 -405.7504 11.27471 -166.1582 -394.8552 11.27471 -156.5099 -392.8058 11.27471 -154.2034 -403.701 11.27471 -212.5525 -396.8247 4.966472 -213.0866 -397.5042 4.966472 -221.6775 -390.53 4.966472 -216.8929 -384.6259 4.966472 -214.0236 -386.9433 4.966472 -213.0632 -385.7513 4.966472 -211.0689 -387.3668 4.966472 -211.9497 -388.4584 4.966472 -208.0292 -391.6448 4.966472 -208.5861 -392.3243 4.966472 -207.6145 -393.1153 4.966472 -207.0521 -395.0091 4.966472 -209.3308 -397.8163 4.966472 -211.3309 -397.8051 4.966472 -212.5525 -396.8247 13.96647 -213.0866 -397.5042 13.96647 -221.6775 -390.53 13.96647 -216.8929 -384.6259 13.96647 -214.0236 -386.9433 13.96647 -213.0632 -385.7513 13.96647 -211.0689 -387.3668 13.96647 -211.9497 -388.4584 13.96647 -208.0292 -391.6448 13.96647 -208.5861 -392.3243 13.96647 -207.6145 -393.1153 13.96647 -207.0521 -395.0091 13.96647 -209.3308 -397.8163 13.96647 -211.3309 -397.8051 13.96647 5.270143 -389.6118 3.931176 11.83861 -387.796 3.931176 14.21943 -395.5718 3.931176 7.400935 -397.4545 3.931176 5.270143 -389.6118 6.931176 11.83861 -387.796 6.931176 14.21943 -395.5718 6.931176 7.400935 -397.4545 6.931176 -125.895 -396.8286 1.65353 -127.838 -387.6156 1.65353 -121.5934 -386.3012 1.65353 -119.6504 -395.5142 1.65353 -125.895 -396.8286 6.65353 -127.838 -387.6156 6.65353 -121.5934 -386.3012 6.65353 -119.6504 -395.5142 6.65353 -209.7227 -190.6199 2.067647 -209.4385 -189.1049 2.067647 -199.8535 -190.899 2.067647 -202.2917 -203.9886 2.067647 -205.0538 -218.8494 2.067647 -214.673 -217.0553 2.067647 -214.3263 -215.1949 2.067647 -221.7353 -213.8131 2.067647 -219.3937 -201.236 2.067647 -217.1601 -189.2381 2.067647 -209.7227 -190.6199 18.06765 -209.4385 -189.1049 18.06765 -199.8535 -190.899 18.06765 -202.2917 -203.9886 18.06765 -205.0538 -218.8494 18.06765 -214.673 -217.0553 18.06765 -214.3263 -215.1949 18.06765 -221.7353 -213.8131 18.06765 -219.3937 -201.236 18.06765 -217.1601 -189.2381 18.06765 -159.4497 -174.2909 0.8252945 -151.3077 -171.7846 0.8252945 -147.2798 -184.3509 0.8252945 -155.3935 -186.9463 0.8252945 -159.4497 -174.2909 10.82529 -151.3077 -171.7846 10.82529 -147.2798 -184.3509 10.82529 -155.3935 -186.9463 10.82529 -68.98503 -180.1533 -0.6241169 -68.58172 -185.8126 -0.6241169 -71.71238 -185.935 -0.6241169 -71.65558 -187.2162 -0.6241169 -74.80329 -187.3164 -0.6241169 -74.83167 -185.935 -0.6241169 -79.07595 -186.102 -0.6241169 -79.28037 -180.4539 -0.6241169 -72.37704 -180.2535 -0.6241169 -68.98503 -180.1533 4.375883 -68.58172 -185.8126 4.375883 -71.71238 -185.935 4.375883 -71.65558 -187.2162 4.375883 -74.80329 -187.3164 4.375883 -74.83167 -185.935 4.375883 -79.07595 -186.102 4.375883 -79.28037 -180.4539 4.375883 -72.37704 -180.2535 4.375883 -97.20629 -179.4063 0.1005888 -92.97336 -178.6377 0.1005888 -91.85989 -184.7983 0.1005888 -96.09851 -185.5669 0.1005888 -97.20629 -179.4063 3.100589 -92.97336 -178.6377 3.100589 -91.85989 -184.7983 3.100589 -96.09851 -185.5669 3.100589 -42.01936 -175.5528 -0.9347057 -41.70119 -176.6557 -0.9347057 -39.49098 -176.0207 -0.9347057 -39.78074 -175.0293 -0.9347057 -33.27512 -173.1243 -0.9347057 -18.46874 -223.9794 -0.9347057 -15.82673 -233.0698 -0.9347057 -14.44038 -237.8156 -0.9347057 -29.61662 -242.2493 -0.9347057 -30.58251 -238.9183 -0.9347057 -50.88382 -244.8336 -0.9347057 -55.35521 -229.5269 -0.9347057 -34.90057 -223.5783 -0.9347057 -41.5935 -200.5514 -0.9347057 -50.81508 -203.225 -0.9347057 -57.55333 -180.0755 -0.9347057 -42.01936 -175.5528 9.065294 -41.70119 -176.6557 9.065294 -39.49098 -176.0207 9.065294 -39.78074 -175.0293 9.065294 -33.27512 -173.1243 9.065294 -18.46874 -223.9794 9.065294 -15.82673 -233.0698 9.065294 -14.44038 -237.8156 9.065294 -29.61662 -242.2493 9.065294 -30.58251 -238.9183 9.065294 -50.88382 -244.8336 9.065294 -55.35521 -229.5269 9.065294 -34.90057 -223.5783 9.065294 -41.5935 -200.5514 9.065294 -50.81508 -203.225 9.065294 -57.55333 -180.0755 9.065294 -109.1679 -232.6115 0.9288244 -116.327 -232.6113 0.9288244 -116.3271 -235.1736 0.9288244 -124.5658 -235.1733 0.9288244 -124.6797 -242.86 0.9288244 -118.7137 -242.8602 0.9288244 -118.7138 -245.4225 0.9288244 -110.5888 -245.4227 0.9288244 -110.0205 -243.3061 0.9288244 -109.1679 -232.6115 9.928824 -116.327 -232.6113 9.928824 -116.3271 -235.1736 9.928824 -124.5658 -235.1733 9.928824 -124.6797 -242.86 9.928824 -118.7137 -242.8602 9.928824 -118.7138 -245.4225 9.928824 -110.5888 -245.4227 9.928824 -110.0205 -243.3061 9.928824 -70.5261 -250.8935 0.2041178 -76.83822 -229.7493 0.2041178 -72.66205 -228.5017 0.2041178 -66.34991 -249.6347 0.2041178 -70.5261 -250.8935 3.204118 -76.83822 -229.7493 3.204118 -72.66205 -228.5017 3.204118 -66.34991 -249.6347 3.204118 -162.6914 -246.3121 1.860589 -157.4073 -246.6465 1.860589 -157.1799 -244.9755 1.860589 -145.7027 -246.3127 1.860589 -144.3955 -238.6261 1.860589 -156.2137 -236.9546 1.860589 -154.6793 -228.3767 1.860589 -146.5543 -229.2682 1.860589 -145.7018 -223.6982 1.860589 -152.8608 -222.5839 1.860589 -158.8835 -221.581 1.860589 -162.6914 -246.3121 4.860589 -157.4073 -246.6465 4.860589 -157.1799 -244.9755 4.860589 -145.7027 -246.3127 4.860589 -144.3955 -238.6261 4.860589 -156.2137 -236.9546 4.860589 -154.6793 -228.3767 4.860589 -146.5543 -229.2682 4.860589 -145.7018 -223.6982 4.860589 -152.8608 -222.5839 4.860589 -158.8835 -221.581 4.860589 -166.77 -224.0204 2.481765 -168.4579 -233.4449 2.481765 -170.3215 -233.1217 2.481765 -171.6116 -240.3182 2.481765 -196.2934 -235.9055 2.481765 -194.9691 -228.4417 2.481765 -196.3157 -228.2076 2.481765 -194.6618 -219.0505 2.481765 -166.77 -224.0204 18.48176 -168.4579 -233.4449 18.48176 -170.3215 -233.1217 18.48176 -171.6116 -240.3182 18.48176 -196.2934 -235.9055 18.48176 -194.9691 -228.4417 18.48176 -196.3157 -228.2076 18.48176 -194.6618 -219.0505 18.48176 -271.6163 -219.6696 -1.141765 -279.4295 -229.1382 -1.141765 -284.8213 -224.6929 -1.141765 -287.8329 -228.3466 -1.141765 -296.4801 -220.7149 -1.141765 -297.98 -219.378 -1.141765 -298.3833 -218.4533 -1.141765 -298.4855 -217.1945 -1.141765 -298.0365 -215.8577 -1.141765 -297.0478 -215.0668 -1.141765 -295.5705 -214.7884 -1.141765 -293.8603 -215.0559 -1.141765 -292.5763 -215.9472 -1.141765 -287.5929 -209.8651 -1.141765 -283.2349 -209.5535 -1.141765 -271.6163 -219.6696 7.858235 -279.4295 -229.1382 7.858235 -284.8213 -224.6929 7.858235 -287.8329 -228.3466 7.858235 -296.4801 -220.7149 7.858235 -297.98 -219.378 7.858235 -298.3833 -218.4533 7.858235 -298.4855 -217.1945 7.858235 -298.0365 -215.8577 7.858235 -297.0478 -215.0668 7.858235 -295.5705 -214.7884 7.858235 -293.8603 -215.0559 7.858235 -292.5763 -215.9472 7.858235 -287.5929 -209.8651 7.858235 -283.2349 -209.5535 7.858235 -107.4513 -209.2395 0.6182356 -110.3149 -208.4484 0.6182356 -111.9344 -214.3081 0.6182356 -115.173 -213.4168 0.6182356 -112.4341 -203.491 0.6182356 -106.3262 -205.1733 0.6182356 -107.4513 -209.2395 5.618236 -110.3149 -208.4484 5.618236 -111.9344 -214.3081 5.618236 -115.173 -213.4168 5.618236 -112.4341 -203.491 5.618236 -106.3262 -205.1733 5.618236 -343.9276 -205.8387 -0.2099991 -341.2509 -200.2689 -0.2099991 -336.7625 -202.4082 -0.2099991 -339.4391 -208.0003 -0.2099991 -343.9276 -205.8387 8.790001 -341.2509 -200.2689 8.790001 -336.7625 -202.4082 8.790001 -339.4391 -208.0003 8.790001 -349.7668 -187.6797 -0.5205879 -346.3807 -190.621 -0.5205879 -349.5117 -194.219 -0.5205879 -352.9034 -191.2665 -0.5205879 -349.7668 -187.6797 3.479412 -346.3807 -190.621 3.479412 -349.5117 -194.219 3.479412 -352.9034 -191.2665 3.479412 -287.0746 -268.3957 -0.417058 -286.9431 -258.2804 -0.417058 -270.1078 -258.4933 -0.417058 -270.2448 -268.6197 -0.417058 -287.0746 -268.3957 7.582942 -286.9431 -258.2804 7.582942 -270.1078 -258.4933 7.582942 -270.2448 -268.6197 7.582942 -53.11708 -265.5766 0.8252945 -51.92399 -273.475 0.8252945 -60.19117 -274.7337 0.8252945 -61.38424 -266.8353 0.8252945 -53.11708 -265.5766 9.825294 -51.92399 -273.475 9.825294 -60.19117 -274.7337 9.825294 -61.38424 -266.8353 9.825294 -155.0328 -260.5384 2.067647 -156.7151 -269.807 2.067647 -173.1129 -266.8541 2.067647 -171.442 -257.5633 2.067647 -155.0328 -260.5384 12.06765 -156.7151 -269.807 12.06765 -173.1129 -266.8541 12.06765 -171.442 -257.5633 12.06765 -39.85551 -261.0427 0.5147066 -31.83836 -258.6699 0.5147066 -29.5259 -266.4123 0.5147066 -37.53738 -268.7963 0.5147066 -39.85551 -261.0427 4.514707 -31.83836 -258.6699 4.514707 -29.5259 -266.4123 4.514707 -37.53738 -268.7963 4.514707 -259.9083 -251.7653 -0.1064701 -260.136 -256.8898 -0.1064701 -252.4086 -256.8903 -0.1064701 -252.9773 -264.577 -0.1064701 -242.9772 -264.9119 -0.1064701 -242.5789 -255.2199 -0.1064701 -251.5562 -254.3281 -0.1064701 -251.4424 -252.2115 -0.1064701 -259.9083 -251.7653 2.89353 -260.136 -256.8898 2.89353 -252.4086 -256.8903 2.89353 -252.9773 -264.577 2.89353 -242.9772 -264.9119 2.89353 -242.5789 -255.2199 2.89353 -251.5562 -254.3281 2.89353 -251.4424 -252.2115 2.89353 -22.58259 -258.993 0.7217655 -13.45749 -256.3083 0.7217655 -10.80408 -265.3653 0.7217655 -19.91216 -268.0389 0.7217655 -22.58259 -258.993 9.721766 -13.45749 -256.3083 9.721766 -10.80408 -265.3653 9.721766 -19.91216 -268.0389 9.721766 -102.8615 -248.286 0.8252945 -102.7932 -242.6602 0.8252945 -98.21361 -242.7828 0.8252945 -97.92932 -235.2744 0.8252945 -91.88385 -235.553 0.8252945 -92.1226 -240.321 0.8252945 -93.54875 -240.3098 0.8252945 -93.55452 -243.897 0.8252945 -94.86702 -243.8412 0.8252945 -94.79896 -248.5201 0.8252945 -102.8615 -248.286 3.825294 -102.7932 -242.6602 3.825294 -98.21361 -242.7828 3.825294 -97.92932 -235.2744 3.825294 -91.88385 -235.553 3.825294 -92.1226 -240.321 3.825294 -93.54875 -240.3098 3.825294 -93.55452 -243.897 3.825294 -94.86702 -243.8412 3.825294 -94.79896 -248.5201 3.825294 -270.6661 -279.5705 1.446471 -270.2286 -280.1164 1.446471 -269.9048 -280.8294 1.446471 -269.2062 -284.5057 1.446471 -267.172 -284.0714 1.446471 -266.7006 -286.2772 1.446471 -264.496 -285.8206 1.446471 -263.4622 -290.7112 1.446471 -265.6668 -291.1678 1.446471 -265.3374 -292.7386 1.446471 -267.7806 -293.2508 1.446471 -267.6443 -293.8858 1.446471 -267.6728 -294.4094 1.446471 -267.7637 -294.7548 1.446471 -267.9171 -295.089 1.446471 -268.0819 -295.3118 1.446471 -268.3604 -295.6014 1.446471 -268.6274 -295.7907 1.446471 -268.9115 -295.9355 1.446471 -269.2581 -296.0358 1.446471 -269.5763 -296.0803 1.446471 -269.94 -296.058 1.446471 -270.2866 -295.98 1.446471 -270.5082 -295.8909 1.446471 -270.7525 -295.7572 1.446471 -271.0138 -295.5566 1.446471 -271.2013 -295.3561 1.446471 -271.3888 -295.0887 1.446471 -271.4967 -294.877 1.446471 -273.6268 -284.951 1.446471 -279.4792 -286.1648 1.446471 -280.3538 -280.4164 1.446471 -273.9729 -279.236 1.446471 -273.3593 -278.9464 1.446471 -272.6774 -278.8239 1.446471 -271.9786 -278.8797 1.446471 -271.2797 -279.136 1.446471 -270.6661 -279.5705 8.446471 -270.2286 -280.1164 8.446471 -269.9048 -280.8294 8.446471 -269.2062 -284.5057 8.446471 -267.172 -284.0714 8.446471 -266.7006 -286.2772 8.446471 -264.496 -285.8206 8.446471 -263.4622 -290.7112 8.446471 -265.6668 -291.1678 8.446471 -265.3374 -292.7386 8.446471 -267.7806 -293.2508 8.446471 -267.6443 -293.8858 8.446471 -267.6728 -294.4094 8.446471 -267.7637 -294.7548 8.446471 -267.9171 -295.089 8.446471 -268.0819 -295.3118 8.446471 -268.3604 -295.6014 8.446471 -268.6274 -295.7907 8.446471 -268.9115 -295.9355 8.446471 -269.2581 -296.0358 8.446471 -269.5763 -296.0803 8.446471 -269.94 -296.058 8.446471 -270.2866 -295.98 8.446471 -270.5082 -295.8909 8.446471 -270.7525 -295.7572 8.446471 -271.0138 -295.5566 8.446471 -271.2013 -295.3561 8.446471 -271.3888 -295.0887 8.446471 -271.4967 -294.877 8.446471 -273.6268 -284.951 8.446471 -279.4792 -286.1648 8.446471 -280.3538 -280.4164 8.446471 -273.9729 -279.236 8.446471 -273.3593 -278.9464 8.446471 -272.6774 -278.8239 8.446471 -271.9786 -278.8797 8.446471 -271.2797 -279.136 8.446471 -157.9198 -273.0487 2.067647 -159.2269 -280.7354 2.067647 -154.7951 -281.5154 2.067647 -153.4879 -273.8287 2.067647 -157.9198 -273.0487 12.06765 -159.2269 -280.7354 12.06765 -154.7951 -281.5154 12.06765 -153.4879 -273.8287 12.06765 -34.21931 -285.061 1.135882 -36.8045 -276.6613 1.135882 -28.24753 -274.0322 1.135882 -25.66233 -282.432 1.135882 -34.21931 -285.061 10.13588 -36.8045 -276.6613 10.13588 -28.24753 -274.0322 10.13588 -25.66233 -282.432 10.13588 -105.6806 -281.0269 1.342941 -106.0556 -280.4588 1.342941 -106.1011 -279.8572 1.342941 -105.9135 -277.9856 1.342941 -109.726 -277.2614 1.342941 -108.0894 -268.561 1.342941 -97.91887 -270.4774 1.342941 -99.55548 -279.1778 1.342941 -101.1123 -278.8881 1.342941 -101.5158 -280.5591 1.342941 -101.9363 -281.2721 1.342941 -102.5897 -281.5283 1.342941 -105.6806 -281.0269 9.342941 -106.0556 -280.4588 9.342941 -106.1011 -279.8572 9.342941 -105.9135 -277.9856 9.342941 -109.726 -277.2614 9.342941 -108.0894 -268.561 9.342941 -97.91887 -270.4774 9.342941 -99.55548 -279.1778 9.342941 -101.1123 -278.8881 9.342941 -101.5158 -280.5591 9.342941 -101.9363 -281.2721 9.342941 -102.5897 -281.5283 9.342941 -86.18613 -286.8092 1.032353 -91.46461 -285.7619 1.032353 -89.39047 -275.8249 1.032353 -86.61201 -275.3682 1.032353 -86.66883 -275.0785 1.032353 -87.2824 -271.7476 1.032353 -75.62878 -269.3416 1.032353 -73.73121 -278.6882 1.032353 -84.98712 -280.9829 1.032353 -86.18613 -286.8092 11.03235 -91.46461 -285.7619 11.03235 -89.39047 -275.8249 11.03235 -86.61201 -275.3682 11.03235 -86.66883 -275.0785 11.03235 -87.2824 -271.7476 11.03235 -75.62878 -269.3416 11.03235 -73.73121 -278.6882 11.03235 -84.98712 -280.9829 11.03235 -320.4165 -409.2161 4.655883 -318.3027 -408.9378 4.655883 -318.8081 -405.1278 4.655883 -312.552 -404.304 4.655883 -312.0069 -408.3479 4.655883 -309.9045 -408.0696 4.655883 -309.0181 -408.0585 4.655883 -308.3078 -408.2925 4.655883 -307.9215 -408.5599 4.655883 -307.6545 -409.0278 4.655883 -307.4613 -409.7853 4.655883 -307.5125 -410.4983 4.655883 -307.8876 -411.0776 4.655883 -308.8195 -411.5677 4.655883 -309.4332 -411.6233 4.655883 -309.172 -413.6286 4.655883 -319.6556 -415.0202 4.655883 -320.4165 -409.2161 10.65588 -318.3027 -408.9378 10.65588 -318.8081 -405.1278 10.65588 -312.552 -404.304 10.65588 -312.0069 -408.3479 10.65588 -309.9045 -408.0696 10.65588 -309.0181 -408.0585 10.65588 -308.3078 -408.2925 10.65588 -307.9215 -408.5599 10.65588 -307.6545 -409.0278 10.65588 -307.4613 -409.7853 10.65588 -307.5125 -410.4983 10.65588 -307.8876 -411.0776 10.65588 -308.8195 -411.5677 10.65588 -309.4332 -411.6233 10.65588 -309.172 -413.6286 10.65588 -319.6556 -415.0202 10.65588 -379.983 -420.0834 2.585294 -366.8573 -419.1935 2.585294 -367.992 -402.2603 2.585294 -380.3222 -403.0389 2.585294 -379.8682 -408.1634 2.585294 -374.0156 -407.7184 2.585294 -373.8455 -411.9517 2.585294 -380.5505 -412.3966 2.585294 -379.983 -420.0834 12.58529 -366.8573 -419.1935 12.58529 -367.992 -402.2603 12.58529 -380.3222 -403.0389 12.58529 -379.8682 -408.1634 12.58529 -374.0156 -407.7184 12.58529 -373.8455 -411.9517 12.58529 -380.5505 -412.3966 12.58529 -355.1906 -405.314 3.413529 -355.3662 -399.8775 3.413529 -339.5529 -399.3554 3.413529 -339.1959 -409.8161 3.413529 -336.3946 -409.7272 3.413529 -335.9695 -421.2016 3.413529 -351.4305 -421.7127 3.413529 -351.4532 -420.8883 3.413529 -353.2942 -420.9438 3.413529 -353.4642 -415.8193 3.413529 -352.2823 -415.7749 3.413529 -352.458 -410.8843 3.413529 -356.9469 -411.0398 3.413529 -357.1338 -405.3806 3.413529 -355.1906 -405.314 15.41353 -355.3662 -399.8775 15.41353 -339.5529 -399.3554 15.41353 -339.1959 -409.8161 15.41353 -336.3946 -409.7272 15.41353 -335.9695 -421.2016 15.41353 -351.4305 -421.7127 15.41353 -351.4532 -420.8883 15.41353 -353.2942 -420.9438 15.41353 -353.4642 -415.8193 15.41353 -352.2823 -415.7749 15.41353 -352.458 -410.8843 15.41353 -356.9469 -411.0398 15.41353 -357.1338 -405.3806 15.41353 -170.5278 -397.7626 2.999412 -170.0279 -400.4363 2.999412 -170.8348 -400.5699 2.999412 -170.1588 -404.2016 2.999412 -175.9262 -405.3043 2.999412 -176.5113 -401.951 2.999412 -175.1191 -401.6837 2.999412 -175.7099 -398.6759 2.999412 -170.5278 -397.7626 12.99941 -170.0279 -400.4363 12.99941 -170.8348 -400.5699 12.99941 -170.1588 -404.2016 12.99941 -175.9262 -405.3043 12.99941 -176.5113 -401.951 12.99941 -175.1191 -401.6837 12.99941 -175.7099 -398.6759 12.99941 -215.796 216.8331 -7.974706 -215.768 209.4805 -7.974706 -227.8121 209.4255 -7.974706 -227.8401 216.8004 -7.974706 -215.796 216.8331 -2.974706 -215.768 209.4805 -2.974706 -227.8121 209.4255 -2.974706 -227.8401 216.8004 -2.974706 -497.5997 165.0466 -8.699411 -478.2658 215.6986 -8.699411 -449.1568 204.5994 -8.699411 -468.4848 153.9807 -8.699411 -497.5997 165.0466 5.300589 -478.2658 215.6986 5.300589 -449.1568 204.5994 5.300589 -468.4848 153.9807 5.300589 -58.94607 139.0911 -4.247647 -58.89391 205.2861 -4.247647 -46.40668 205.2748 -4.247647 -41.68562 205.2413 -4.247647 -41.69122 212.3265 -4.247647 -41.69116 218.1528 -4.247647 -41.69673 228.2904 -4.247647 -53.52487 228.2906 -4.247647 -59.60369 228.2795 -4.247647 -59.60374 224.9263 -4.247647 -86.8903 224.9046 -4.247647 -86.88478 217.9531 -4.247647 -92.4864 217.9643 -4.247647 -92.49237 206.2114 -4.247647 -83.55588 206.2112 -4.247647 -83.56699 217.3737 -4.247647 -75.36908 217.3735 -4.247647 -75.42745 139.1025 -4.247647 -70.29726 139.1024 -4.247647 -67.43958 139.1024 -4.247647 -58.94607 139.0911 19.75235 -58.89391 205.2861 19.75235 -46.40668 205.2748 19.75235 -41.68562 205.2413 19.75235 -41.69122 212.3265 19.75235 -41.69116 218.1528 19.75235 -41.69673 228.2904 19.75235 -53.52487 228.2906 19.75235 -59.60369 228.2795 19.75235 -59.60374 224.9263 19.75235 -86.8903 224.9046 19.75235 -86.88478 217.9531 19.75235 -92.4864 217.9643 19.75235 -92.49237 206.2114 19.75235 -83.55588 206.2112 19.75235 -83.56699 217.3737 19.75235 -75.36908 217.3735 19.75235 -75.42745 139.1025 19.75235 -70.29726 139.1024 19.75235 -67.43958 139.1024 19.75235 223.6142 201.6717 -5.386471 222.4497 199.477 -5.386471 221.2738 197.2601 -5.386471 219.5637 198.1623 -5.386471 194.0432 211.674 -5.386471 196.5483 216.3976 -5.386471 201.5983 225.9004 -5.386471 228.829 211.4865 -5.386471 223.6142 201.6717 2.613529 222.4497 199.477 2.613529 221.2738 197.2601 2.613529 219.5637 198.1623 2.613529 194.0432 211.674 2.613529 196.5483 216.3976 2.613529 201.5983 225.9004 2.613529 228.829 211.4865 2.613529 92.20403 150.5996 -6.214705 96.12976 151.4018 -6.214705 95.55588 154.3316 -6.214705 101.6973 155.5015 -6.214705 104.4811 156.0363 -6.214705 105.055 153.0396 -6.214705 110.5373 154.0869 -6.214705 117.3673 118.7282 -6.214705 98.9827 115.2073 -6.214705 96.5735 127.6731 -6.214705 92.20403 150.5996 9.785295 96.12976 151.4018 9.785295 95.55588 154.3316 9.785295 101.6973 155.5015 9.785295 104.4811 156.0363 9.785295 105.055 153.0396 9.785295 110.5373 154.0869 9.785295 117.3673 118.7282 9.785295 98.9827 115.2073 9.785295 96.5735 127.6731 9.785295 -353.6428 165.9996 -7.353529 -366.3796 170.8468 -7.353529 -384.7803 122.7118 -7.353529 -375.4918 119.1683 -7.353529 -372.0433 117.8646 -7.353529 -353.6428 165.9996 6.646471 -366.3796 170.8468 6.646471 -384.7803 122.7118 6.646471 -375.4918 119.1683 6.646471 -372.0433 117.8646 6.646471 91.37428 162.3747 -6.318235 75.13142 171.7656 -6.318235 71.8137 165.7721 -6.318235 63.58183 151.2562 -6.318235 63.31482 150.7772 -6.318235 66.80315 148.8277 -6.318235 65.77487 147.0453 -6.318235 62.31494 149.0505 -6.318235 52.41842 131.9724 -6.318235 68.2637 122.8154 -6.318235 77.94997 139.5147 -6.318235 74.38777 141.5756 -6.318235 75.35356 143.2467 -6.318235 79.05211 141.1078 -6.318235 85.78416 152.7272 -6.318235 86.68176 154.2757 -6.318235 88.93144 158.1637 -6.318235 89.89154 159.779 -6.318235 91.37428 162.3747 8.681765 75.13142 171.7656 8.681765 71.8137 165.7721 8.681765 63.58183 151.2562 8.681765 63.31482 150.7772 8.681765 66.80315 148.8277 8.681765 65.77487 147.0453 8.681765 62.31494 149.0505 8.681765 52.41842 131.9724 8.681765 68.2637 122.8154 8.681765 77.94997 139.5147 8.681765 74.38777 141.5756 8.681765 75.35356 143.2467 8.681765 79.05211 141.1078 8.681765 85.78416 152.7272 8.681765 86.68176 154.2757 8.681765 88.93144 158.1637 8.681765 89.89154 159.779 8.681765 -144.58 138.3581 -5.075882 -144.6535 146.9806 -5.075882 -144.9646 182.0834 -5.075882 -144.9873 184.7682 -5.075882 -145.0156 187.5644 -5.075882 -145.0665 193.6358 -5.075882 -152.6736 193.5693 -5.075882 -152.6453 190.3052 -5.075882 -156.8664 190.2719 -5.075882 -156.8947 193.7922 -5.075882 -164.4507 193.7369 -5.075882 -164.055 148.296 -5.075882 -164.0493 147.2265 -5.075882 -163.9702 138.2921 -5.075882 -156.7152 138.3475 -5.075882 -156.7378 140.8763 -5.075882 -152.1871 140.9095 -5.075882 -152.1645 138.2916 -5.075882 -144.58 138.3581 5.924118 -144.6535 146.9806 5.924118 -144.9646 182.0834 5.924118 -144.9873 184.7682 5.924118 -145.0156 187.5644 5.924118 -145.0665 193.6358 5.924118 -152.6736 193.5693 5.924118 -152.6453 190.3052 5.924118 -156.8664 190.2719 5.924118 -156.8947 193.7922 5.924118 -164.4507 193.7369 5.924118 -164.055 148.296 5.924118 -164.0493 147.2265 5.924118 -163.9702 138.2921 5.924118 -156.7152 138.3475 5.924118 -156.7378 140.8763 5.924118 -152.1871 140.9095 5.924118 -152.1645 138.2916 5.924118 258.9648 252.2505 -5.179412 258.9819 250.6129 -5.179412 258.9536 249.2538 -5.179412 259.0513 233.1228 -5.179412 259.0628 231.5743 -5.179412 259.1083 229.9367 -5.179412 259.1663 213.516 -5.179412 259.172 212.2906 -5.179412 259.1835 210.7644 -5.179412 259.2812 194.1209 -5.179412 259.3268 192.3274 -5.179412 259.3269 191.1576 -5.179412 259.3329 185.6655 -5.179412 247.2888 185.5979 -5.179412 246.8466 258.2208 -5.179412 258.9019 258.2885 -5.179412 258.9648 252.2505 10.82059 258.9819 250.6129 10.82059 258.9536 249.2538 10.82059 259.0513 233.1228 10.82059 259.0628 231.5743 10.82059 259.1083 229.9367 10.82059 259.1663 213.516 10.82059 259.172 212.2906 10.82059 259.1835 210.7644 10.82059 259.2812 194.1209 10.82059 259.3268 192.3274 10.82059 259.3269 191.1576 10.82059 259.3329 185.6655 10.82059 247.2888 185.5979 10.82059 246.8466 258.2208 10.82059 258.9019 258.2885 10.82059 -443.0213 251.9222 -10.45941 -448.8028 267.2407 -10.45941 -471.5339 258.6432 -10.45941 -465.7524 243.3358 -10.45941 -443.0213 251.9222 -2.459412 -448.8028 267.2407 -2.459412 -471.5339 258.6432 -2.459412 -465.7524 243.3358 -2.459412 315.6156 266.2803 -5.179412 315.6156 265.8347 -5.179412 315.6215 263.4395 -5.179412 315.6854 246.9632 -5.179412 315.6854 246.395 -5.179412 315.697 243.9553 -5.179412 315.7552 227.6461 -5.179412 315.761 226.0196 -5.179412 315.7668 224.5714 -5.179412 315.8307 208.0171 -5.179412 315.9444 206.4352 -5.179412 315.8366 205.3211 -5.179412 315.8598 199.3277 -5.179412 304.0884 199.2933 -5.179412 303.8098 272.3953 -5.179412 305.2187 272.3954 -5.179412 315.5924 272.4408 -5.179412 315.6156 266.2803 10.82059 315.6156 265.8347 10.82059 315.6215 263.4395 10.82059 315.6854 246.9632 10.82059 315.6854 246.395 10.82059 315.697 243.9553 10.82059 315.7552 227.6461 10.82059 315.761 226.0196 10.82059 315.7668 224.5714 10.82059 315.8307 208.0171 10.82059 315.9444 206.4352 10.82059 315.8366 205.3211 10.82059 315.8598 199.3277 10.82059 304.0884 199.2933 10.82059 303.8098 272.3953 10.82059 305.2187 272.3954 10.82059 315.5924 272.4408 10.82059 -408.9342 203.1354 -9.941765 -392.2213 247.5051 -9.941765 -397.5443 249.522 -9.941765 -388.4577 273.595 -9.941765 -394.0988 275.7234 -9.941765 -400.484 278.1304 -9.941765 -426.3122 209.6767 -9.941765 -408.9342 203.1354 0.05823517 -392.2213 247.5051 0.05823517 -397.5443 249.522 0.05823517 -388.4577 273.595 0.05823517 -394.0988 275.7234 0.05823517 -400.484 278.1304 0.05823517 -426.3122 209.6767 0.05823517 182.0149 236.6497 -5.386471 132.037 264.3644 -5.386471 137.6666 274.5022 -5.386471 142.882 271.6617 -5.386471 144.734 270.648 -5.386471 145.9157 269.9796 -5.386471 155.5681 264.5102 -5.386471 156.301 264.098 -5.386471 157.7497 263.2848 -5.386471 167.9361 257.6038 -5.386471 169.2428 256.8797 -5.386471 170.7484 256.0443 -5.386471 180.4008 250.6529 -5.386471 181.4575 250.0625 -5.386471 182.7472 249.3496 -5.386471 187.5876 246.6427 -5.386471 182.0149 236.6497 10.61353 132.037 264.3644 10.61353 137.6666 274.5022 10.61353 142.882 271.6617 10.61353 144.734 270.648 10.61353 145.9157 269.9796 10.61353 155.5681 264.5102 10.61353 156.301 264.098 10.61353 157.7497 263.2848 10.61353 167.9361 257.6038 10.61353 169.2428 256.8797 10.61353 170.7484 256.0443 10.61353 180.4008 250.6529 10.61353 181.4575 250.0625 10.61353 182.7472 249.3496 10.61353 187.5876 246.6427 10.61353 360.6035 213.58 -5.49 360.2216 286.2141 -5.49 372.2029 286.2709 -5.49 372.2319 280.4669 -5.49 372.2377 279.4754 -5.49 372.2492 277.5036 -5.49 372.3361 261.1498 -5.49 372.3476 259.4899 -5.49 372.3534 258.1754 -5.49 372.4345 242.0444 -5.49 372.4461 240.3065 -5.49 372.4519 238.9363 -5.49 372.5444 222.2928 -5.49 372.5559 220.4658 -5.49 372.5617 219.6526 -5.49 372.5907 213.6369 -5.49 360.6035 213.58 10.51 360.2216 286.2141 10.51 372.2029 286.2709 10.51 372.2319 280.4669 10.51 372.2377 279.4754 10.51 372.2492 277.5036 10.51 372.3361 261.1498 10.51 372.3476 259.4899 10.51 372.3534 258.1754 10.51 372.4345 242.0444 10.51 372.4461 240.3065 10.51 372.4519 238.9363 10.51 372.5444 222.2928 10.51 372.5559 220.4658 10.51 372.5617 219.6526 10.51 372.5907 213.6369 10.51 156.7528 191.4305 -5.59353 106.8881 219.0342 -5.59353 112.5065 229.1831 -5.59353 117.6196 226.3425 -5.59353 119.1422 225.4959 -5.59353 120.5966 224.6938 -5.59353 129.823 219.5919 -5.59353 133.0101 217.9321 -5.59353 142.5774 212.5406 -5.59353 144.0489 211.7609 -5.59353 145.4635 211.0145 -5.59353 154.9115 205.701 -5.59353 156.1273 205.0327 -5.59353 157.6215 204.2084 -5.59353 162.3768 201.5795 -5.59353 156.7528 191.4305 10.40647 106.8881 219.0342 10.40647 112.5065 229.1831 10.40647 117.6196 226.3425 10.40647 119.1422 225.4959 10.40647 120.5966 224.6938 10.40647 129.823 219.5919 10.40647 133.0101 217.9321 10.40647 142.5774 212.5406 10.40647 144.0489 211.7609 10.40647 145.4635 211.0145 10.40647 154.9115 205.701 10.40647 156.1273 205.0327 10.40647 157.6215 204.2084 10.40647 162.3768 201.5795 10.40647 -68.05734 -93.42694 -5.386471 -68.44367 -92.14581 -5.386471 -74.16469 -73.30763 -5.386471 -90.92525 -66.95736 -5.386471 -92.34566 -67.40293 -5.386471 -93.10136 -69.59753 -5.386471 -99.01016 -67.58101 -5.386471 -97.45897 -63.05813 -5.386471 -98.53842 -60.94146 -5.386471 -155.8646 -39.32756 -5.386471 -157.7964 -40.10729 -5.386471 -161.2625 -49.1307 -5.386471 -160.1831 -51.24738 -5.386471 -152.4677 -54.25556 -5.386471 -151.1949 -51.00267 -5.386471 -145.6441 -53.16409 -5.386471 -147.9794 -59.14628 -5.386471 -155.5254 -78.42965 -5.386471 -154.3323 -80.99195 -5.386471 -144.0488 -84.89142 -5.386471 -129.6177 -90.35064 -5.386471 -126.72 -88.5683 -5.386471 -119.6571 -69.95327 -5.386471 -107.9532 -74.37628 -5.386471 -91.47101 -80.60408 -5.386471 -88.36888 -81.77388 -5.386471 -83.42056 -98.07209 -5.386471 -74.00035 -95.2204 -5.386471 -72.38676 -94.7414 -5.386471 -70.64817 -94.2067 -5.386471 -68.05734 -93.42694 0.6135292 -68.44367 -92.14581 0.6135292 -74.16469 -73.30763 0.6135292 -90.92525 -66.95736 0.6135292 -92.34566 -67.40293 0.6135292 -93.10136 -69.59753 0.6135292 -99.01016 -67.58101 0.6135292 -97.45897 -63.05813 0.6135292 -98.53842 -60.94146 0.6135292 -155.8646 -39.32756 0.6135292 -157.7964 -40.10729 0.6135292 -161.2625 -49.1307 0.6135292 -160.1831 -51.24738 0.6135292 -152.4677 -54.25556 0.6135292 -151.1949 -51.00267 0.6135292 -145.6441 -53.16409 0.6135292 -147.9794 -59.14628 0.6135292 -155.5254 -78.42965 0.6135292 -154.3323 -80.99195 0.6135292 -144.0488 -84.89142 0.6135292 -129.6177 -90.35064 0.6135292 -126.72 -88.5683 0.6135292 -119.6571 -69.95327 0.6135292 -107.9532 -74.37628 0.6135292 -91.47101 -80.60408 0.6135292 -88.36888 -81.77388 0.6135292 -83.42056 -98.07209 0.6135292 -74.00035 -95.2204 0.6135292 -72.38676 -94.7414 0.6135292 -70.64817 -94.2067 0.6135292 107.8153 -18.05146 -5.904118 120.8258 -15.04321 -5.904118 120.2292 -12.10222 -5.904118 119.2916 -7.467929 -5.904118 112.4625 -8.983205 -5.904118 106.281 -10.36477 -5.904118 107.8153 -18.05146 -0.9041176 120.8258 -15.04321 -0.9041176 120.2292 -12.10222 -0.9041176 119.2916 -7.467929 -0.9041176 112.4625 -8.983205 -0.9041176 106.281 -10.36477 -0.9041176 85.73708 -26.00612 -6.939412 86.89604 -23.05395 -6.939412 87.95842 -20.35799 -6.939412 89.93546 -15.02179 -6.939412 92.52621 -14.40902 -6.939412 92.05457 -11.34548 -6.939412 93.62266 -10.98895 -6.939412 93.07149 -8.415582 -6.939412 92.29872 -4.817318 -6.939412 92.13962 -4.093209 -6.939412 91.94075 -3.179718 -6.939412 91.33276 -0.3389831 -6.939412 89.84987 0.3071127 -6.939412 88.12837 1.053465 -6.939412 88.36129 1.699602 -6.939412 88.53172 2.368018 -6.939412 88.64533 3.114413 -6.939412 88.67941 3.838527 -6.939412 88.59416 4.896844 -6.939412 88.4237 5.676653 -6.939412 88.24756 6.233659 -6.939412 87.94642 6.946624 -6.939412 87.61688 7.537047 -6.939412 87.37825 7.904668 -6.939412 87.21348 8.127468 -6.939412 86.9294 8.483948 -6.939412 86.57714 8.851566 -6.939412 86.28738 9.130064 -6.939412 88.6565 11.4807 -6.939412 88.55422 11.92631 -6.939412 87.83829 14.98984 -6.939412 87.19053 18.07566 -6.939412 86.70755 20.31483 -6.939412 84.13387 19.7132 -6.939412 83.60544 22.09719 -6.939412 83.08269 24.48118 -6.939412 85.66774 25.01597 -6.939412 84.62224 29.97333 -6.939412 81.94062 29.41626 -6.939412 80.75887 29.89527 -6.939412 80.39527 29.01518 -6.939412 78.41244 29.68355 -6.939412 76.33869 30.45218 -6.939412 74.57754 25.73985 -6.939412 73.45835 22.92136 -6.939412 73.18565 22.21952 -6.939412 71.82217 18.81059 -6.939412 70.54383 19.31188 -6.939412 67.26578 10.96781 -6.939412 65.97613 8.405543 -6.939412 65.6523 7.558882 -6.939412 62.82874 -0.2170219 -6.939412 61.65267 0.09488424 -6.939412 61.77765 0.4068118 -6.939412 56.01091 2.668182 -6.939412 54.63036 -0.8410001 -6.939412 60.39711 -3.102372 -6.939412 61.18684 -3.425425 -6.939412 61.57887 -3.581381 -6.939412 58.24396 -12.27079 -6.939412 58.59054 -12.40446 -6.939412 60.03365 -12.96145 -6.939412 66.94241 -15.6127 -6.939412 67.85145 -15.96917 -6.939412 68.98208 -16.40362 -6.939412 72.3342 -17.75152 -6.939412 72.56146 -17.84064 -6.939412 71.54452 -20.41404 -6.939412 78.04423 -22.97616 -6.939412 85.73708 -26.00612 15.06059 86.89604 -23.05395 15.06059 87.95842 -20.35799 15.06059 89.93546 -15.02179 15.06059 92.52621 -14.40902 15.06059 92.05457 -11.34548 15.06059 93.62266 -10.98895 15.06059 93.07149 -8.415582 15.06059 92.29872 -4.817318 15.06059 92.13962 -4.093209 15.06059 91.94075 -3.179718 15.06059 91.33276 -0.3389831 15.06059 89.84987 0.3071127 15.06059 88.12837 1.053465 15.06059 88.36129 1.699602 15.06059 88.53172 2.368018 15.06059 88.64533 3.114413 15.06059 88.67941 3.838527 15.06059 88.59416 4.896844 15.06059 88.4237 5.676653 15.06059 88.24756 6.233659 15.06059 87.94642 6.946624 15.06059 87.61688 7.537047 15.06059 87.37825 7.904668 15.06059 87.21348 8.127468 15.06059 86.9294 8.483948 15.06059 86.57714 8.851566 15.06059 86.28738 9.130064 15.06059 88.6565 11.4807 15.06059 88.55422 11.92631 15.06059 87.83829 14.98984 15.06059 87.19053 18.07566 15.06059 86.70755 20.31483 15.06059 84.13387 19.7132 15.06059 83.60544 22.09719 15.06059 83.08269 24.48118 15.06059 85.66774 25.01597 15.06059 84.62224 29.97333 15.06059 81.94062 29.41626 15.06059 80.75887 29.89527 15.06059 80.39527 29.01518 15.06059 78.41244 29.68355 15.06059 76.33869 30.45218 15.06059 74.57754 25.73985 15.06059 73.45835 22.92136 15.06059 73.18565 22.21952 15.06059 71.82217 18.81059 15.06059 70.54383 19.31188 15.06059 67.26578 10.96781 15.06059 65.97613 8.405543 15.06059 65.6523 7.558882 15.06059 62.82874 -0.2170219 15.06059 61.65267 0.09488424 15.06059 61.77765 0.4068118 15.06059 56.01091 2.668182 15.06059 54.63036 -0.8410001 15.06059 60.39711 -3.102372 15.06059 61.18684 -3.425425 15.06059 61.57887 -3.581381 15.06059 58.24396 -12.27079 15.06059 58.59054 -12.40446 15.06059 60.03365 -12.96145 15.06059 66.94241 -15.6127 15.06059 67.85145 -15.96917 15.06059 68.98208 -16.40362 15.06059 72.3342 -17.75152 15.06059 72.56146 -17.84064 15.06059 71.54452 -20.41404 15.06059 78.04423 -22.97616 15.06059 -189.1941 -70.45174 -5.904118 -205.3339 -40.67316 -5.904118 -212.7305 -26.26848 -5.904118 -216.8213 -28.5297 -5.904118 -250.5367 -47.12061 -5.904118 -239.192 -67.46334 -5.904118 -219.6637 -56.73651 -5.904118 -206.177 -81.65789 -5.904118 -189.1941 -70.45174 5.095882 -205.3339 -40.67316 5.095882 -212.7305 -26.26848 5.095882 -216.8213 -28.5297 5.095882 -250.5367 -47.12061 5.095882 -239.192 -67.46334 5.095882 -219.6637 -56.73651 5.095882 -206.177 -81.65789 5.095882 -344.7457 -143.1082 -0.313529 -347.0976 -139.7548 -0.313529 -338.0802 -133.4503 -0.313529 -335.7283 -136.8037 -0.313529 -344.7457 -143.1082 2.686471 -347.0976 -139.7548 2.686471 -338.0802 -133.4503 2.686471 -335.7283 -136.8037 2.686471 -244.232 -163.0013 -0.002940178 -245.2832 -164.1153 -0.002940178 -253.2031 -156.8848 -0.002940178 -245.6288 -148.5858 -0.002940178 -242.0609 -151.7499 -0.002940178 -236.4413 -145.7456 -0.002940178 -230.8906 -150.6365 -0.002940178 -231.9534 -156.3737 -0.002940178 -235.3229 -159.9049 -0.002940178 -233.982 -160.9744 -0.002940178 -239.5733 -167.0009 -0.002940178 -244.232 -163.0013 9.99706 -245.2832 -164.1153 9.99706 -253.2031 -156.8848 9.99706 -245.6288 -148.5858 9.99706 -242.0609 -151.7499 9.99706 -236.4413 -145.7456 9.99706 -230.8906 -150.6365 9.99706 -231.9534 -156.3737 9.99706 -235.3229 -159.9049 9.99706 -233.982 -160.9744 9.99706 -239.5733 -167.0009 9.99706 -183.9941 -158.1476 -0.417058 -195.8634 -162.2243 -0.417058 -194.8806 -164.8312 -0.417058 -198.9204 -166.2569 -0.417058 -199.9657 -163.6278 -0.417058 -208.2839 -166.4792 -0.417058 -212.1355 -155.272 -0.417058 -175.948 -142.8636 -0.417058 -172.102 -154.0708 -0.417058 -180.3804 -156.9001 -0.417058 -179.3749 -159.6852 -0.417058 -183.0908 -160.9327 -0.417058 -183.9941 -158.1476 12.58294 -195.8634 -162.2243 12.58294 -194.8806 -164.8312 12.58294 -198.9204 -166.2569 12.58294 -199.9657 -163.6278 12.58294 -208.2839 -166.4792 12.58294 -212.1355 -155.272 12.58294 -175.948 -142.8636 12.58294 -172.102 -154.0708 12.58294 -180.3804 -156.9001 12.58294 -179.3749 -159.6852 12.58294 -183.0908 -160.9327 12.58294 -413.3711 -159.2769 0.2041178 -393.5294 -149.186 0.2041178 -390.4108 -155.3135 0.2041178 -410.2525 -165.4155 0.2041178 -413.3711 -159.2769 10.20412 -393.5294 -149.186 10.20412 -390.4108 -155.3135 10.20412 -410.2525 -165.4155 10.20412 -278.0839 -164.2021 0.3076477 -271.8344 -169.7727 0.3076477 -264.5621 -174.4521 0.3076477 -260.3572 -169.3279 0.3076477 -270.6406 -161.3062 0.3076477 -278.0839 -164.2021 10.30765 -271.8344 -169.7727 10.30765 -264.5621 -174.4521 10.30765 -260.3572 -169.3279 10.30765 -270.6406 -161.3062 10.30765 -311.531 -149.7284 0.6182356 -323.9557 -135.7241 0.6182356 -318.0066 -130.4442 0.6182356 -305.5762 -144.4484 0.6182356 -311.531 -149.7284 6.618236 -323.9557 -135.7241 6.618236 -318.0066 -130.4442 6.618236 -305.5762 -144.4484 6.618236 232.7661 24.99988 -5.49 235.4591 25.55706 -5.49 236.7548 19.39661 -5.49 252.4639 22.67284 -5.49 247.5763 45.98895 -5.49 246.7181 50.08849 -5.49 248.718 50.51195 -5.49 248.0985 53.46406 -5.49 253.6207 54.623 -5.49 248.665 78.25103 -5.49 245.7334 77.63813 -5.49 245.2163 80.10008 -5.49 244.5798 83.11903 -5.49 230.1039 80.08799 -5.49 236.2757 50.70053 -5.49 227.748 48.91758 -5.49 232.7661 24.99988 10.51 235.4591 25.55706 10.51 236.7548 19.39661 10.51 252.4639 22.67284 10.51 247.5763 45.98895 10.51 246.7181 50.08849 10.51 248.718 50.51195 10.51 248.0985 53.46406 10.51 253.6207 54.623 10.51 248.665 78.25103 10.51 245.7334 77.63813 10.51 245.2163 80.10008 10.51 244.5798 83.11903 10.51 230.1039 80.08799 10.51 236.2757 50.70053 10.51 227.748 48.91758 10.51 152.9367 8.942789 -5.179412 155.5672 9.488766 -5.179412 156.7549 3.729334 -5.179412 171.0437 6.670965 -5.179412 165.4576 33.77481 -5.179412 168.8267 34.47679 -5.179412 168.2016 37.5069 -5.179412 173.9114 38.67688 -5.179412 169.0811 62.09335 -5.179412 166.4166 61.54736 -5.179412 165.1778 67.56301 -5.179412 149.5598 64.35399 -5.179412 155.7537 34.32027 -5.179412 148.027 32.73805 -5.179412 150.874 18.92432 -5.179412 152.9367 8.942789 10.82059 155.5672 9.488766 10.82059 156.7549 3.729334 10.82059 171.0437 6.670965 10.82059 165.4576 33.77481 10.82059 168.8267 34.47679 10.82059 168.2016 37.5069 10.82059 173.9114 38.67688 10.82059 169.0811 62.09335 10.82059 166.4166 61.54736 10.82059 165.1778 67.56301 10.82059 149.5598 64.35399 10.82059 155.7537 34.32027 10.82059 148.027 32.73805 10.82059 150.874 18.92432 10.82059 -441.5329 56.26674 -5.49 -439.1915 61.83657 -5.49 -501.3028 87.96805 -5.49 -503.6499 82.39826 -5.49 -441.5329 56.26674 -2.49 -439.1915 61.83657 -2.49 -501.3028 87.96805 -2.49 -503.6499 82.39826 -2.49 247.7471 126.4657 -4.558235 250.8614 112.0617 -4.558235 306.3215 123.9969 -4.558235 303.2354 138.3007 -4.558235 298.9688 137.3868 -4.558235 299.1393 136.607 -4.558235 294.191 135.5372 -4.558235 294.0205 136.3281 -4.558235 290.2993 135.5257 -4.558235 290.3562 135.2695 -4.558235 289.1915 135.0244 -4.558235 287.4474 134.6455 -4.558235 287.3906 134.9128 -4.558235 284.1068 134.2107 -4.558235 284.2773 133.4087 -4.558235 279.204 132.3388 -4.558235 279.0335 133.1298 -4.558235 271.506 131.5362 -4.558235 271.6764 130.7229 -4.558235 266.5236 129.6308 -4.558235 266.3531 130.4441 -4.558235 262.916 129.7086 -4.558235 262.9728 129.4301 -4.558235 261.4389 129.1069 -4.558235 261.2116 129.0623 -4.558235 259.7459 128.7391 -4.558235 259.6834 129.0288 -4.558235 256.7007 128.3825 -4.558235 256.8769 127.5692 -4.558235 251.4286 126.3991 -4.558235 251.2524 127.2235 -4.558235 247.7471 126.4657 15.44176 250.8614 112.0617 15.44176 306.3215 123.9969 15.44176 303.2354 138.3007 15.44176 298.9688 137.3868 15.44176 299.1393 136.607 15.44176 294.191 135.5372 15.44176 294.0205 136.3281 15.44176 290.2993 135.5257 15.44176 290.3562 135.2695 15.44176 289.1915 135.0244 15.44176 287.4474 134.6455 15.44176 287.3906 134.9128 15.44176 284.1068 134.2107 15.44176 284.2773 133.4087 15.44176 279.204 132.3388 15.44176 279.0335 133.1298 15.44176 271.506 131.5362 15.44176 271.6764 130.7229 15.44176 266.5236 129.6308 15.44176 266.3531 130.4441 15.44176 262.916 129.7086 15.44176 262.9728 129.4301 15.44176 261.4389 129.1069 15.44176 261.2116 129.0623 15.44176 259.7459 128.7391 15.44176 259.6834 129.0288 15.44176 256.7007 128.3825 15.44176 256.8769 127.5692 15.44176 251.4286 126.3991 15.44176 251.2524 127.2235 15.44176 44.2888 106.2941 -6.939412 49.06095 118.7155 -6.939412 96.92076 100.3128 -6.939412 92.13738 87.88025 -6.939412 44.2888 106.2941 4.060588 49.06095 118.7155 4.060588 96.92076 100.3128 4.060588 92.13738 87.88025 4.060588 229.7031 130.3525 -5.904118 222.2493 128.8147 -5.904118 206.393 125.5386 -5.904118 191.8093 122.5189 -5.904118 184.2589 120.9589 -5.904118 186.8616 108.4151 -5.904118 232.3059 117.82 -5.904118 229.7031 130.3525 10.09588 222.2493 128.8147 10.09588 206.393 125.5386 10.09588 191.8093 122.5189 10.09588 184.2589 120.9589 10.09588 186.8616 108.4151 10.09588 232.3059 117.82 10.09588 -363.9872 0.4906634 -5.179412 -351.1211 35.13546 -5.179412 -365.7786 40.5844 -5.179412 -378.6449 5.939658 -5.179412 -363.9872 0.4906634 2.820588 -351.1211 35.13546 2.820588 -365.7786 40.5844 2.820588 -378.6449 5.939658 2.820588 -443.8024 34.26512 -3.005294 -443.7454 35.5908 -3.005294 -444.393 36.78287 -3.005294 -448.597 38.74404 -3.005294 -444.5393 48.5358 -3.005294 -507.0086 74.8011 -3.005294 -511.7199 64.27425 -3.005294 -516.2478 65.22178 -3.005294 -517.2819 65.01026 -3.005294 -518.4468 63.52877 -3.005294 -521.2201 57.51345 -3.005294 -521.3625 55.20744 -3.005294 -520.4706 54.16014 -3.005294 -519.2492 53.61411 -3.005294 -517.9595 53.49139 -3.005294 -516.1583 54.89481 -3.005294 -514.2495 54.01447 -3.005294 -512.602 53.25671 -3.005294 -514.9038 46.85141 -3.005294 -516.9377 47.47554 -3.005294 -521.1378 36.1354 -3.005294 -461.1619 11.51892 -3.005294 -457.9509 19.65087 -3.005294 -457.3599 21.31069 -3.005294 -455.9675 24.89766 -3.005294 -452.0645 23.58265 -3.005294 -449.7862 23.87202 -3.005294 -447.8203 24.72959 -3.005294 -443.8024 34.26512 -1.005294 -443.7454 35.5908 -1.005294 -444.393 36.78287 -1.005294 -448.597 38.74404 -1.005294 -444.5393 48.5358 -1.005294 -507.0086 74.8011 -1.005294 -511.7199 64.27425 -1.005294 -516.2478 65.22178 -1.005294 -517.2819 65.01026 -1.005294 -518.4468 63.52877 -1.005294 -521.2201 57.51345 -1.005294 -521.3625 55.20744 -1.005294 -520.4706 54.16014 -1.005294 -519.2492 53.61411 -1.005294 -517.9595 53.49139 -1.005294 -516.1583 54.89481 -1.005294 -514.2495 54.01447 -1.005294 -512.602 53.25671 -1.005294 -514.9038 46.85141 -1.005294 -516.9377 47.47554 -1.005294 -521.1378 36.1354 -1.005294 -461.1619 11.51892 -1.005294 -457.9509 19.65087 -1.005294 -457.3599 21.31069 -1.005294 -455.9675 24.89766 -1.005294 -452.0645 23.58265 -1.005294 -449.7862 23.87202 -1.005294 -447.8203 24.72959 -1.005294 -433.5591 31.47888 -5.282941 -430.5527 39.71114 -5.282941 -435.3703 41.47185 -5.282941 -438.3767 33.23959 -5.282941 -433.5591 31.47888 4.717059 -430.5527 39.71114 4.717059 -435.3703 41.47185 4.717059 -438.3767 33.23959 4.717059 -424.2766 22.96672 -5.800588 -395.4443 12.36927 -5.800588 -384.8227 41.24356 -5.800588 -421.3357 54.67139 -5.800588 -425.8936 42.27286 -5.800588 -418.2126 39.45353 -5.800588 -424.2766 22.96672 4.199412 -395.4443 12.36927 4.199412 -384.8227 41.24356 4.199412 -421.3357 54.67139 4.199412 -425.8936 42.27286 4.199412 -418.2126 39.45353 4.199412 112.0741 57.76884 -6.732353 107.7562 59.38404 -6.732353 106.6428 56.40957 -6.732353 110.9607 54.79437 -6.732353 112.0741 57.76884 -3.732353 107.7562 59.38404 -3.732353 106.6428 56.40957 -3.732353 110.9607 54.79437 -3.732353 -264.5448 -415.0022 5.898236 -267.0847 -415.1023 5.898236 -267.3402 -412.4955 5.898236 -268.8687 -412.6847 5.898236 -269.8853 -405.2207 5.898236 -268.2034 -404.9869 5.898236 -268.7031 -401.6782 5.898236 -267.902 -401.4666 5.898236 -268.379 -398.3696 5.898236 -261.4582 -397.5792 5.898236 -261.072 -400.9658 5.898236 -260.3447 -400.977 5.898236 -259.5838 -407.0039 5.898236 -258.6121 -406.848 5.898236 -258.1692 -411.538 5.898236 -260.1981 -416.7961 5.898236 -264.4768 -417.1634 5.898236 -264.5448 -415.0022 14.89824 -267.0847 -415.1023 14.89824 -267.3402 -412.4955 14.89824 -268.8687 -412.6847 14.89824 -269.8853 -405.2207 14.89824 -268.2034 -404.9869 14.89824 -268.7031 -401.6782 14.89824 -267.902 -401.4666 14.89824 -268.379 -398.3696 14.89824 -261.4582 -397.5792 14.89824 -261.072 -400.9658 14.89824 -260.3447 -400.977 14.89824 -259.5838 -407.0039 14.89824 -258.6121 -406.848 14.89824 -258.1692 -411.538 14.89824 -260.1981 -416.7961 14.89824 -264.4768 -417.1634 14.89824 -112.4135 298.865 -6.421764 -128.5136 298.8432 -6.421764 -128.4341 296.6041 -6.421764 -128.4236 269.8007 -6.421764 -128.4639 256.7221 -6.421764 -128.5097 244.9247 -6.421764 -112.2276 244.9464 -6.421764 -112.4543 262.9601 -6.421764 -110.6079 264.8762 -6.421764 -110.8067 267.9843 -6.421764 -112.8234 269.7223 -6.421764 -112.8006 271.4713 -6.421764 -112.7779 272.9084 -6.421764 -112.4135 298.865 11.57824 -128.5136 298.8432 11.57824 -128.4341 296.6041 11.57824 -128.4236 269.8007 11.57824 -128.4639 256.7221 11.57824 -128.5097 244.9247 11.57824 -112.2276 244.9464 11.57824 -112.4543 262.9601 11.57824 -110.6079 264.8762 11.57824 -110.8067 267.9843 11.57824 -112.8234 269.7223 11.57824 -112.8006 271.4713 11.57824 -112.7779 272.9084 11.57824 206.087 320.169 -7.664117 211.9159 316.9498 -7.664117 189.3927 276.2869 -7.664117 178.2064 282.4692 -7.664117 200.7297 323.1209 -7.664117 206.087 320.169 -4.664117 211.9159 316.9498 -4.664117 189.3927 276.2869 -4.664117 178.2064 282.4692 -4.664117 200.7297 323.1209 -4.664117 18.47298 79.65771 -7.353529 17.65488 77.50764 -7.353529 16.85381 75.40214 -7.353529 15.50166 71.83727 -7.353529 89.56477 43.83185 -7.353529 92.53596 51.65234 -7.353529 18.47298 79.65771 8.646471 17.65488 77.50764 8.646471 16.85381 75.40214 8.646471 15.50166 71.83727 8.646471 89.56477 43.83185 8.646471 92.53596 51.65234 8.646471 430.7093 -138.298 -0.313529 443.5156 -135.6117 -0.313529 446.1306 -148.1999 -0.313529 450.2181 -167.8618 -0.313529 451.645 -174.1113 -0.313529 453.6575 -183.8921 -0.313529 440.8511 -186.5896 -0.313529 430.7093 -138.298 4.686471 443.5156 -135.6117 4.686471 446.1306 -148.1999 4.686471 450.2181 -167.8618 4.686471 451.645 -174.1113 4.686471 453.6575 -183.8921 4.686471 440.8511 -186.5896 4.686471 433.3911 109.5048 -5.697059 377.8517 97.54541 -5.697059 373.7629 137.2487 -5.697059 372.3369 137.1037 -5.697059 366.9966 136.5462 -5.697059 363.3137 151.34 -5.697059 363.0352 152.454 -5.697059 375.7836 155.931 -5.697059 421.1868 168.3125 -5.697059 430.3499 124.3098 -5.697059 430.8786 121.5916 -5.697059 433.3911 109.5048 14.30294 377.8517 97.54541 14.30294 373.7629 137.2487 14.30294 372.3369 137.1037 14.30294 366.9966 136.5462 14.30294 363.3137 151.34 14.30294 363.0352 152.454 14.30294 375.7836 155.931 14.30294 421.1868 168.3125 14.30294 430.3499 124.3098 14.30294 430.8786 121.5916 14.30294 352.5249 -91.80693 -0.002940178 350.0307 -92.3419 -0.002940178 349.576 -90.24758 -0.002940178 329.8384 -94.49377 -0.002940178 327.2068 -82.2732 -0.002940178 308.6282 -86.26295 -0.002940178 311.1802 -98.10477 -0.002940178 310.5439 -98.23851 -0.002940178 305.4192 -99.3418 -0.002940178 306.0444 -102.2493 -0.002940178 306.4707 -104.21 -0.002940178 294.2781 -106.8289 -0.002940178 295.9263 -114.4598 -0.002940178 298.484 -126.335 -0.002940178 310.5744 -123.7273 -0.002940178 311.5066 -128.0496 -0.002940178 309.3192 -128.5177 -0.002940178 322.1421 -188.0052 -0.002940178 327.2748 -211.8114 -0.002940178 338.8313 -209.3261 -0.002940178 337.9446 -205.2377 -0.002940178 340.4957 -204.6805 -0.002940178 341.2005 -207.9556 -0.002940178 345.0186 -207.142 -0.002940178 350.4219 -205.9718 -0.002940178 347.6025 -192.8935 -0.002940178 345.3516 -182.4442 -0.002940178 342.9529 -171.3265 -0.002940178 342.0036 -166.9374 -0.002940178 338.326 -149.8598 -0.002940178 337.4052 -145.5932 -0.002940178 332.767 -124.0819 -0.002940178 326.8809 -125.3412 -0.002940178 325.6248 -119.515 -0.002940178 332.0109 -118.1442 -0.002940178 334.6755 -117.5758 -0.002940178 332.976 -109.6887 -0.002940178 355.3215 -104.8964 -0.002940178 352.5249 -91.80693 18.99706 350.0307 -92.3419 18.99706 349.576 -90.24758 18.99706 329.8384 -94.49377 18.99706 327.2068 -82.2732 18.99706 308.6282 -86.26295 18.99706 311.1802 -98.10477 18.99706 310.5439 -98.23851 18.99706 305.4192 -99.3418 18.99706 306.0444 -102.2493 18.99706 306.4707 -104.21 18.99706 294.2781 -106.8289 18.99706 295.9263 -114.4598 18.99706 298.484 -126.335 18.99706 310.5744 -123.7273 18.99706 311.5066 -128.0496 18.99706 309.3192 -128.5177 18.99706 322.1421 -188.0052 18.99706 327.2748 -211.8114 18.99706 338.8313 -209.3261 18.99706 337.9446 -205.2377 18.99706 340.4957 -204.6805 18.99706 341.2005 -207.9556 18.99706 345.0186 -207.142 18.99706 350.4219 -205.9718 18.99706 347.6025 -192.8935 18.99706 345.3516 -182.4442 18.99706 342.9529 -171.3265 18.99706 342.0036 -166.9374 18.99706 338.326 -149.8598 18.99706 337.4052 -145.5932 18.99706 332.767 -124.0819 18.99706 326.8809 -125.3412 18.99706 325.6248 -119.515 18.99706 332.0109 -118.1442 18.99706 334.6755 -117.5758 18.99706 332.976 -109.6887 18.99706 355.3215 -104.8964 18.99706 496.3157 -7.459526 -5.800588 482.4107 56.12691 -5.800588 481.5585 55.98198 -5.800588 479.7405 55.78123 -5.800588 480.5989 51.49236 -5.800588 493.6966 -7.961178 -5.800588 496.3157 -7.459526 1.199412 482.4107 56.12691 1.199412 481.5585 55.98198 1.199412 479.7405 55.78123 1.199412 480.5989 51.49236 1.199412 493.6966 -7.961178 1.199412 461.0811 116.0251 -5.697059 468.7733 117.931 -5.697059 475.2924 97.28904 -5.697059 470.9065 96.27473 -5.697059 461.0811 116.0251 3.302941 468.7733 117.931 3.302941 475.2924 97.28904 3.302941 470.9065 96.27473 3.302941 430.8786 121.5916 -5.904118 430.3499 124.3098 -5.904118 434.3097 125.1903 -5.904118 443.5075 127.23 -5.904118 444.7807 121.8606 -5.904118 430.8786 121.5916 2.095882 430.3499 124.3098 2.095882 434.3097 125.1903 2.095882 443.5075 127.23 2.095882 444.7807 121.8606 2.095882 310.3408 161.0273 -4.144117 309.1588 165.5055 -4.144117 315.7829 167.2439 -4.144117 316.9707 162.7657 -4.144117 310.3408 161.0273 -0.1441174 309.1588 165.5055 -0.1441174 315.7829 167.2439 -0.1441174 316.9707 162.7657 -0.1441174 -37.29993 186.5592 -3.108824 -37.48189 170.2165 -3.108824 -37.58425 161.0258 -3.108824 -37.8117 140.8732 -3.108824 -34.08478 140.8175 -3.108824 -14.37076 140.0487 -3.108824 -9.621218 139.9039 -3.108824 -2.377588 145.396 -3.108824 0.09944429 148.4038 -3.108824 0.03126896 169.8264 -3.108824 -7.49634 180.8886 -3.108824 -9.956296 184.4981 -3.108824 -13.70589 186.7818 -3.108824 -16.01246 186.7596 -3.108824 -18.09178 186.7484 -3.108824 -20.15405 186.7373 -3.108824 -29.14172 186.6482 -3.108824 -37.29993 186.5592 28.89118 -37.48189 170.2165 28.89118 -37.58425 161.0258 28.89118 -37.8117 140.8732 28.89118 -34.08478 140.8175 28.89118 -14.37076 140.0487 28.89118 -9.621218 139.9039 28.89118 -2.377588 145.396 28.89118 0.09944429 148.4038 28.89118 0.03126896 169.8264 28.89118 -7.49634 180.8886 28.89118 -9.956296 184.4981 28.89118 -13.70589 186.7818 28.89118 -16.01246 186.7596 28.89118 -18.09178 186.7484 28.89118 -20.15405 186.7373 28.89118 -29.14172 186.6482 28.89118 -128.4236 269.8007 -7.457058 -141.0527 269.8457 -7.457058 -141.0352 280.9859 -7.457058 -189.0061 281.0549 -7.457058 -189.0193 244.5596 -7.457058 -189.0649 242.443 -7.457058 -183.1338 242.4427 -7.457058 -183.128 244.7375 -7.457058 -140.5707 244.6689 -7.457058 -140.5532 256.7337 -7.457058 -139.6386 256.7671 -7.457058 -135.6334 256.7558 -7.457058 -133.3553 256.7446 -7.457058 -128.4639 256.7221 -7.457058 -128.4236 269.8007 9.542942 -141.0527 269.8457 9.542942 -141.0352 280.9859 9.542942 -189.0061 281.0549 9.542942 -189.0193 244.5596 9.542942 -189.0649 242.443 9.542942 -183.1338 242.4427 9.542942 -183.128 244.7375 9.542942 -140.5707 244.6689 9.542942 -140.5532 256.7337 9.542942 -139.6386 256.7671 9.542942 -135.6334 256.7558 9.542942 -133.3553 256.7446 9.542942 -128.4639 256.7221 9.542942 -32.1873 133.8771 -2.073529 -90.38638 133.9672 -2.073529 -98.52724 149.9759 -2.073529 -100.1578 149.9313 -2.073529 -100.1463 152.6161 -2.073529 -98.24879 152.6718 -2.073529 -89.42619 135.9613 -2.073529 -70.26323 135.6601 -2.073529 -70.29726 139.1024 -2.073529 -67.43958 139.1024 -2.073529 -67.34306 135.6489 -2.073529 -32.93721 135.849 -2.073529 -14.37076 140.0487 -2.073529 -9.621218 139.9039 -2.073529 -32.1873 133.8771 5.926471 -90.38638 133.9672 5.926471 -98.52724 149.9759 5.926471 -100.1578 149.9313 5.926471 -100.1463 152.6161 5.926471 -98.24879 152.6718 5.926471 -89.42619 135.9613 5.926471 -70.26323 135.6601 5.926471 -70.29726 139.1024 5.926471 -67.43958 139.1024 5.926471 -67.34306 135.6489 5.926471 -32.93721 135.849 5.926471 -14.37076 140.0487 5.926471 -9.621218 139.9039 5.926471 -216.052 110.6559 -5.179412 -231.0475 70.5409 -5.179412 -240.1677 46.14444 -5.179412 -207.5229 33.76575 -5.179412 -188.033 86.7475 -5.179412 -194.1289 89.20979 -5.179412 -199.0773 91.21528 -5.179412 -197.884 95.37051 -5.179412 -214.9499 109.7312 -5.179412 -216.052 110.6559 27.82059 -231.0475 70.5409 27.82059 -240.1677 46.14444 27.82059 -207.5229 33.76575 27.82059 -188.033 86.7475 27.82059 -194.1289 89.20979 27.82059 -199.0773 91.21528 27.82059 -197.884 95.37051 27.82059 -214.9499 109.7312 27.82059 31.53853 -410.1096 4.034707 37.22062 -408.5834 4.034707 34.86247 -400.4511 4.034707 29.2429 -402.2781 4.034707 31.53853 -410.1096 7.034707 37.22062 -408.5834 7.034707 34.86247 -400.4511 7.034707 29.2429 -402.2781 7.034707 -10.88959 -364.3013 3.620589 -3.480221 -362.2404 3.620589 -6.23599 -352.3367 3.620589 -12.61122 -354.108 3.620589 -13.64533 -350.3983 3.620589 -18.93529 -351.8688 3.620589 -15.14544 -365.4821 3.620589 -10.88959 -364.3013 10.62059 -3.480221 -362.2404 10.62059 -6.23599 -352.3367 10.62059 -12.61122 -354.108 10.62059 -13.64533 -350.3983 10.62059 -18.93529 -351.8688 10.62059 -15.14544 -365.4821 10.62059 -191.4452 -316.7167 2.274707 -193.2633 -314.3772 2.274707 -191.5586 -313.0404 2.274707 -189.7973 -315.4914 2.274707 -191.4452 -316.7167 12.27471 -193.2633 -314.3772 12.27471 -191.5586 -313.0404 12.27471 -189.7973 -315.4914 12.27471 -200.2507 -289.3114 1.860589 -202.58 -282.7386 1.860589 -199.1708 -281.5133 1.860589 -196.8415 -288.0861 1.860589 -200.2507 -289.3114 11.86059 -202.58 -282.7386 11.86059 -199.1708 -281.5133 11.86059 -196.8415 -288.0861 11.86059 397.6191 348.8926 -6.007647 387.6149 348.9584 -6.007647 387.8444 382.5907 -6.007647 389.5145 382.5797 -6.007647 399.7345 382.514 -6.007647 399.6897 376.6096 -6.007647 399.6841 375.5179 -6.007647 399.6729 374.0028 -6.007647 399.8167 357.2591 -6.007647 399.743 355.5435 -6.007647 399.7204 354.8306 -6.007647 399.5108 348.8817 -6.007647 397.6191 348.8926 8.992353 387.6149 348.9584 8.992353 387.8444 382.5907 8.992353 389.5145 382.5797 8.992353 399.7345 382.514 8.992353 399.6897 376.6096 8.992353 399.6841 375.5179 8.992353 399.6729 374.0028 8.992353 399.8167 357.2591 8.992353 399.743 355.5435 8.992353 399.7204 354.8306 8.992353 399.5108 348.8817 8.992353 -371.8867 208.9022 -9.113529 -370.6596 208.4342 -9.113529 -370.6999 202.7082 -9.113529 -374.1541 202.7308 -9.113529 -381.2006 184.4838 -9.113529 -393.1022 189.0525 -9.113529 -382.1233 217.5146 -9.113529 -373.4857 239.9167 -9.113529 -361.6807 235.3815 -9.113529 -371.8867 208.9022 -1.113529 -370.6596 208.4342 -1.113529 -370.6999 202.7082 -1.113529 -374.1541 202.7308 -1.113529 -381.2006 184.4838 -1.113529 -393.1022 189.0525 -1.113529 -382.1233 217.5146 -1.113529 -373.4857 239.9167 -1.113529 -361.6807 235.3815 -1.113529 468.7733 117.931 -5.800588 461.0811 116.0251 -5.800588 446.7191 112.4808 -5.800588 444.7807 121.8606 -5.800588 443.5075 127.23 -5.800588 435.4465 169.9072 -5.800588 440.3947 171.0441 -5.800588 443.684 171.802 -5.800588 454.5576 174.2987 -5.800588 457.5004 174.9786 -5.800588 467.4309 177.2635 -5.800588 476.0938 139.3322 -5.800588 478.055 130.7545 -5.800588 480.3344 120.7843 -5.800588 468.7733 117.931 17.19941 461.0811 116.0251 17.19941 446.7191 112.4808 17.19941 444.7807 121.8606 17.19941 443.5075 127.23 17.19941 435.4465 169.9072 17.19941 440.3947 171.0441 17.19941 443.684 171.802 17.19941 454.5576 174.2987 17.19941 457.5004 174.9786 17.19941 467.4309 177.2635 17.19941 476.0938 139.3322 17.19941 478.055 130.7545 17.19941 480.3344 120.7843 17.19941 -426.3122 209.6767 -8.492353 -452.3914 140.4656 -8.492353 -440.5067 135.9859 -8.492353 -431.4764 159.9028 -8.492353 -426.0113 157.8413 -8.492353 -415.4297 185.9134 -8.492353 -408.9342 203.1354 -8.492353 -426.3122 209.6767 -1.492353 -452.3914 140.4656 -1.492353 -440.5067 135.9859 -1.492353 -431.4764 159.9028 -1.492353 -426.0113 157.8413 -1.492353 -415.4297 185.9134 -1.492353 -408.9342 203.1354 -1.492353 -399.0671 138.8443 -8.699411 -405.0492 141.1398 -8.699411 -403.1512 146.0859 -8.699411 -408.5141 148.1474 -8.699411 -393.1022 189.0525 -8.699411 -381.2006 184.4838 -8.699411 -399.0671 138.8443 -2.699411 -405.0492 141.1398 -2.699411 -403.1512 146.0859 -2.699411 -408.5141 148.1474 -2.699411 -393.1022 189.0525 -2.699411 -381.2006 184.4838 -2.699411 -319.1593 -123.4258 -0.1064701 -322.7384 -118.4124 -0.1064701 -318.7042 -115.6277 -0.1064701 -315.1819 -120.5296 -0.1064701 -319.1593 -123.4258 3.89353 -322.7384 -118.4124 3.89353 -318.7042 -115.6277 3.89353 -315.1819 -120.5296 3.89353 15.32442 348.6712 -9.320588 10.88191 348.6489 -9.320588 10.8478 353.9739 -9.320588 15.29031 353.9962 -9.320588 15.32442 348.6712 -6.320588 10.88191 348.6489 -6.320588 10.8478 353.9739 -6.320588 15.29031 353.9962 -6.320588 -136.5528 -188.0499 1.239412 -135.5302 -191.392 1.239412 -151.6098 -196.4045 1.239412 -153.3709 -190.7229 1.239412 -140.9845 -186.8243 1.239412 -140.1891 -189.1638 1.239412 -136.5528 -188.0499 11.23941 -135.5302 -191.392 11.23941 -151.6098 -196.4045 11.23941 -153.3709 -190.7229 11.23941 -140.9845 -186.8243 11.23941 -140.1891 -189.1638 11.23941 248.6424 335.5339 -8.492353 248.5974 328.4153 -8.492353 257.8461 328.3602 -8.492353 257.891 335.4788 -8.492353 256.4538 335.4899 -8.492353 248.6424 335.5339 -1.492353 248.5974 328.4153 -1.492353 257.8461 328.3602 -1.492353 257.891 335.4788 -1.492353 256.4538 335.4899 -1.492353 -325.4906 -409.1711 4.448823 -325.319 -395.5801 4.448823 -322.3075 -395.5804 4.448823 -322.4791 -409.1714 4.448823 -325.4906 -409.1711 7.448823 -325.319 -395.5801 7.448823 -322.3075 -395.5804 7.448823 -322.4791 -409.1714 7.448823 -151.3832 -213.3376 1.860589 -149.9059 -213.5604 1.860589 -150.5879 -217.3481 1.860589 -151.8379 -217.1252 1.860589 -152.8608 -222.5839 1.860589 -158.8835 -221.581 1.860589 -155.4738 -205.3165 1.860589 -150.0193 -206.3193 1.860589 -151.3832 -213.3376 11.86059 -149.9059 -213.5604 11.86059 -150.5879 -217.3481 11.86059 -151.8379 -217.1252 11.86059 -152.8608 -222.5839 11.86059 -158.8835 -221.581 11.86059 -155.4738 -205.3165 11.86059 -150.0193 -206.3193 11.86059 -433.2801 -409.3831 1.65353 -433.5069 -405.2612 1.65353 -426.461 -404.8164 1.65353 -426.291 -408.9383 1.65353 -433.2801 -409.3831 5.65353 -433.5069 -405.2612 5.65353 -426.461 -404.8164 5.65353 -426.291 -408.9383 5.65353 -49.28199 -279.9586 1.032353 -50.3615 -275.3911 1.032353 -47.06598 -274.6113 1.032353 -45.98648 -279.1788 1.032353 -49.28199 -279.9586 11.03235 -50.3615 -275.3911 11.03235 -47.06598 -274.6113 11.03235 -45.98648 -279.1788 11.03235 -314.2205 -174.3369 -0.2099991 -317.6859 -168.8779 -0.2099991 -308.1969 -162.863 -0.2099991 -304.7315 -168.2105 -0.2099991 -314.2205 -174.3369 3.790001 -317.6859 -168.8779 3.790001 -308.1969 -162.863 3.790001 -304.7315 -168.2105 3.790001 -30.30472 -316.1644 2.274707 -31.21381 -313.268 2.274707 -27.06597 -311.9312 2.274707 -26.10006 -314.8276 2.274707 -30.30472 -316.1644 12.27471 -31.21381 -313.268 12.27471 -27.06597 -311.9312 12.27471 -26.10006 -314.8276 12.27471 -1.554034 -413.1956 3.620589 -2.576811 -409.6307 3.620589 2.537079 -408.1825 3.620589 3.559861 -411.636 3.620589 -1.554034 -413.1956 13.62059 -2.576811 -409.6307 13.62059 2.537079 -408.1825 13.62059 3.559861 -411.636 13.62059 -129.2242 -214.898 1.342941 -133.2014 -214.3409 1.342941 -132.008 -206.2086 1.342941 -128.0307 -206.7657 1.342941 -129.2242 -214.898 4.342941 -133.2014 -214.3409 4.342941 -132.008 -206.2086 4.342941 -128.0307 -206.7657 4.342941 206.087 320.169 -8.388824 211.9159 316.9498 -8.388824 214.9833 322.4755 -8.388824 209.1488 325.6947 -8.388824 206.087 320.169 -5.388824 211.9159 316.9498 -5.388824 214.9833 322.4755 -5.388824 209.1488 325.6947 -5.388824 75.50413 284.6492 -8.699411 75.50987 281.5299 -8.699411 71.37406 281.5187 -8.699411 71.45431 243.5306 -8.699411 64.43813 243.5194 -8.699411 57.71168 243.5081 -8.699411 57.70026 247.5297 -8.699411 57.69453 250.7158 -8.699411 57.62582 285.5735 -8.699411 62.17067 285.5847 -8.699411 62.1363 302.5401 -8.699411 62.13627 304.8239 -8.699411 62.11339 314.2262 -8.699411 67.73191 314.2374 -8.699411 75.44105 314.2598 -8.699411 75.49269 288.3477 -8.699411 75.4927 287.7239 -8.699411 75.50413 284.6492 7.300589 75.50987 281.5299 7.300589 71.37406 281.5187 7.300589 71.45431 243.5306 7.300589 64.43813 243.5194 7.300589 57.71168 243.5081 7.300589 57.70026 247.5297 7.300589 57.69453 250.7158 7.300589 57.62582 285.5735 7.300589 62.17067 285.5847 7.300589 62.1363 302.5401 7.300589 62.13627 304.8239 7.300589 62.11339 314.2262 7.300589 67.73191 314.2374 7.300589 75.44105 314.2598 7.300589 75.49269 288.3477 7.300589 75.4927 287.7239 7.300589 2.263853 403.4253 -9.941765 -5.979104 403.3361 -9.941765 -6.064305 411.1231 -9.941765 2.184316 411.2123 -9.941765 2.263853 403.9266 -9.941765 2.263853 403.4253 -5.941765 -5.979104 403.3361 -5.941765 -6.064305 411.1231 -5.941765 2.184316 411.2123 -5.941765 2.263853 403.9266 -5.941765 387.8444 382.5907 -5.386471 377.988 382.6788 -5.386471 378.2516 416.2554 -5.386471 380.1263 416.289 -5.386471 389.7326 416.1229 -5.386471 389.6935 410.3968 -5.386471 389.6823 408.7704 -5.386471 389.6823 408.024 -5.386471 389.5705 391.2022 -5.386471 389.5649 390.0102 -5.386471 389.5537 388.3726 -5.386471 389.5145 382.5797 -5.386471 387.8444 382.5907 9.613529 377.988 382.6788 9.613529 378.2516 416.2554 9.613529 380.1263 416.289 9.613529 389.7326 416.1229 9.613529 389.6935 410.3968 9.613529 389.6823 408.7704 9.613529 389.6823 408.024 9.613529 389.5705 391.2022 9.613529 389.5649 390.0102 9.613529 389.5537 388.3726 9.613529 389.5145 382.5797 9.613529 397.3898 314.4025 -6.628823 397.6191 348.8926 -6.628823 399.5108 348.8817 -6.628823 409.5661 348.8159 -6.628823 409.5214 342.2098 -6.628823 409.5158 341.118 -6.628823 409.5103 340.1488 -6.628823 409.3985 323.1823 -6.628823 409.3873 321.2773 -6.628823 409.3817 320.5198 -6.628823 409.3369 314.3258 -6.628823 397.3898 314.4025 8.371177 397.6191 348.8926 8.371177 399.5108 348.8817 8.371177 409.5661 348.8159 8.371177 409.5214 342.2098 8.371177 409.5158 341.118 8.371177 409.5103 340.1488 8.371177 409.3985 323.1823 8.371177 409.3873 321.2773 8.371177 409.3817 320.5198 8.371177 409.3369 314.3258 8.371177 166.7923 300.7943 -8.388824 158.2081 305.3837 -8.388824 150.6579 309.4272 -8.388824 168.1142 341.9462 -8.388824 184.2486 333.3133 -8.388824 166.7923 300.7943 1.611176 158.2081 305.3837 1.611176 150.6579 309.4272 1.611176 168.1142 341.9462 1.611176 184.2486 333.3133 1.611176 55.76126 365.1368 -10.56294 55.71571 372.5562 -10.56294 44.0414 372.4892 -10.56294 44.08694 365.0587 -10.56294 46.10367 365.0698 -10.56294 52.50041 365.1145 -10.56294 55.76126 365.1368 -7.562941 55.71571 372.5562 -7.562941 44.0414 372.4892 -7.562941 44.08694 365.0587 -7.562941 46.10367 365.0698 -7.562941 52.50041 365.1145 -7.562941 52.63676 364.0339 -10.66647 52.61426 348.3039 -10.66647 60.84029 348.2929 -10.66647 60.86276 364.0229 -10.66647 52.63676 364.0339 -7.666471 52.61426 348.3039 -7.666471 60.84029 348.2929 -7.666471 60.86276 364.0229 -7.666471 -66.95306 -299.0081 1.135882 -68.20299 -293.5493 1.135882 -65.75975 -292.9924 1.135882 -64.50982 -298.4511 1.135882 -66.95306 -299.0081 11.13588 -68.20299 -293.5493 11.13588 -65.75975 -292.9924 11.13588 -64.50982 -298.4511 11.13588 -444.8072 -6.808663 -2.384118 -471.7992 -46.64273 -2.384118 -476.8213 -43.2332 -2.384118 -480.7469 -40.5702 -2.384118 -486.6666 -36.55897 -2.384118 -459.6744 3.263851 -2.384118 -444.8072 -6.808663 17.61588 -471.7992 -46.64273 17.61588 -476.8213 -43.2332 17.61588 -480.7469 -40.5702 17.61588 -486.6666 -36.55897 17.61588 -459.6744 3.263851 17.61588 -240.8517 -78.28036 -3.315883 -241.0341 -87.80521 -3.315883 -255.9483 -87.52573 -3.315883 -255.8913 -84.4956 -3.315883 -255.7659 -77.98973 -3.315883 -240.8517 -78.28036 2.684117 -241.0341 -87.80521 2.684117 -255.9483 -87.52573 2.684117 -255.8913 -84.4956 2.684117 -255.7659 -77.98973 2.684117 -290.8082 314.9275 -8.181765 -290.8027 312.1982 -8.181765 -284.724 312.22 -8.181765 -284.7418 302.762 -8.181765 -284.625 269.5085 -8.181765 -290.5901 269.4978 -8.181765 -290.5846 267.9159 -8.181765 -290.579 266.2337 -8.181765 -303.299 266.2013 -8.181765 -303.4371 314.8951 -8.181765 -290.8082 314.9275 10.81824 -290.8027 312.1982 10.81824 -284.724 312.22 10.81824 -284.7418 302.762 10.81824 -284.625 269.5085 10.81824 -290.5901 269.4978 10.81824 -290.5846 267.9159 10.81824 -290.579 266.2337 10.81824 -303.299 266.2013 10.81824 -303.4371 314.8951 10.81824 -189.851 313.7069 -8.906471 -188.2375 315.6897 -8.906471 -186.857 315.7231 -8.906471 -185.4538 315.7564 -8.906471 -184.5108 314.8874 -8.906471 -183.4769 313.9405 -8.906471 -159.6905 313.906 -8.906471 -157.6793 316.0782 -8.906471 -155.191 316.0893 -8.906471 -153.1232 313.9391 -8.906471 -129.1323 313.9048 -8.906471 -126.9223 316.2776 -8.906471 -126.8596 322.5384 -8.906471 -124.2519 324.7106 -8.906471 -124.3824 331.172 -8.906471 -121.4736 333.7341 -8.906471 -115.1052 333.7785 -8.906471 -115.0483 338.4462 -8.906471 -115.0653 340.5406 -8.906471 -110.0149 340.2396 -8.906471 -106.6859 339.3149 -8.906471 -103.8113 338.1451 -8.906471 -100.7891 336.6188 -8.906471 -97.72709 334.6469 -8.906471 -94.91507 332.1292 -8.906471 -92.55185 329.3218 -8.906471 -91.12596 327.5616 -8.906471 -89.9046 325.1664 -8.906471 -88.63781 322.3591 -8.906471 -87.58691 318.4265 -8.906471 -87.5416 312.7005 -8.906471 -93.71118 312.6561 -8.906471 -93.62606 308.8461 -8.906471 -97.25054 309.2584 -8.906471 -97.2449 307.8659 -8.906471 -97.23925 306.4399 -8.906471 -93.34782 303.6325 -8.906471 -93.62625 301.0146 -8.906471 -96.74522 297.9622 -8.906471 -102.716 298.0181 -8.906471 -105.0735 300.9257 -8.906471 -111.3454 300.8925 -8.906471 -112.4135 298.865 -8.906471 -128.5136 298.8432 -8.906471 -151.499 298.599 -8.906471 -151.5332 296.6049 -8.906471 -159.3617 296.583 -8.906471 -159.3559 298.733 -8.906471 -189.5961 298.5896 -8.906471 -189.6584 302.9565 -8.906471 -189.7944 309.6295 -8.906471 -189.851 313.7069 9.093529 -188.2375 315.6897 9.093529 -186.857 315.7231 9.093529 -185.4538 315.7564 9.093529 -184.5108 314.8874 9.093529 -183.4769 313.9405 9.093529 -159.6905 313.906 9.093529 -157.6793 316.0782 9.093529 -155.191 316.0893 9.093529 -153.1232 313.9391 9.093529 -129.1323 313.9048 9.093529 -126.9223 316.2776 9.093529 -126.8596 322.5384 9.093529 -124.2519 324.7106 9.093529 -124.3824 331.172 9.093529 -121.4736 333.7341 9.093529 -115.1052 333.7785 9.093529 -115.0483 338.4462 9.093529 -115.0653 340.5406 9.093529 -110.0149 340.2396 9.093529 -106.6859 339.3149 9.093529 -103.8113 338.1451 9.093529 -100.7891 336.6188 9.093529 -97.72709 334.6469 9.093529 -94.91507 332.1292 9.093529 -92.55185 329.3218 9.093529 -91.12596 327.5616 9.093529 -89.9046 325.1664 9.093529 -88.63781 322.3591 9.093529 -87.58691 318.4265 9.093529 -87.5416 312.7005 9.093529 -93.71118 312.6561 9.093529 -93.62606 308.8461 9.093529 -97.25054 309.2584 9.093529 -97.2449 307.8659 9.093529 -97.23925 306.4399 9.093529 -93.34782 303.6325 9.093529 -93.62625 301.0146 9.093529 -96.74522 297.9622 9.093529 -102.716 298.0181 9.093529 -105.0735 300.9257 9.093529 -111.3454 300.8925 9.093529 -112.4135 298.865 9.093529 -128.5136 298.8432 9.093529 -151.499 298.599 9.093529 -151.5332 296.6049 9.093529 -159.3617 296.583 9.093529 -159.3559 298.733 9.093529 -189.5961 298.5896 9.093529 -189.6584 302.9565 9.093529 -189.7944 309.6295 9.093529 -238.0149 309.3538 -8.699411 -233.7882 309.2644 -8.699411 -231.0725 312.5283 -8.699411 -199.7189 312.6156 -8.699411 -196.8616 309.4962 -8.699411 -196.1003 309.5073 -8.699411 -193.9529 309.5518 -8.699411 -192.0043 309.5851 -8.699411 -189.7944 309.6295 -8.699411 -189.6584 302.9565 -8.699411 -194.0214 302.9568 -8.699411 -238.2653 302.8925 -8.699411 -242.1795 302.8816 -8.699411 -242.1734 309.4431 -8.699411 -238.0149 309.3538 10.30059 -233.7882 309.2644 10.30059 -231.0725 312.5283 10.30059 -199.7189 312.6156 10.30059 -196.8616 309.4962 10.30059 -196.1003 309.5073 10.30059 -193.9529 309.5518 10.30059 -192.0043 309.5851 10.30059 -189.7944 309.6295 10.30059 -189.6584 302.9565 10.30059 -194.0214 302.9568 10.30059 -238.2653 302.8925 10.30059 -242.1795 302.8816 10.30059 -242.1734 309.4431 10.30059 -255.143 312.1845 -8.181765 -255.1427 315.5377 -8.181765 -242.173 315.5368 -8.181765 -242.1734 309.4431 -8.181765 -242.1795 302.8816 -8.181765 -242.1875 266.5311 -8.181765 -248.5049 266.5315 -8.181765 -248.505 264.4706 -8.181765 -257.3675 264.4712 -8.181765 -257.3617 266.4653 -8.181765 -260.9578 266.4655 -8.181765 -260.9439 302.7157 -8.181765 -260.9433 312.196 -8.181765 -255.143 312.1845 10.81824 -255.1427 315.5377 10.81824 -242.173 315.5368 10.81824 -242.1734 309.4431 10.81824 -242.1795 302.8816 10.81824 -242.1875 266.5311 10.81824 -248.5049 266.5315 10.81824 -248.505 264.4706 10.81824 -257.3675 264.4712 10.81824 -257.3617 266.4653 10.81824 -260.9578 266.4655 10.81824 -260.9439 302.7157 10.81824 -260.9433 312.196 10.81824 -260.9433 312.196 -8.699411 -260.9439 302.7157 -8.699411 -273.1468 302.7389 -8.699411 -284.7418 302.762 -8.699411 -284.724 312.22 -8.699411 -260.9433 312.196 4.300589 -260.9439 302.7157 4.300589 -273.1468 302.7389 4.300589 -284.7418 302.762 4.300589 -284.724 312.22 4.300589 -292.8953 66.79093 -4.144117 -287.2071 81.35074 -4.144117 -256.1593 69.27253 -4.144117 -261.8474 54.71269 -4.144117 -292.8953 66.79093 24.85588 -287.2071 81.35074 24.85588 -256.1593 69.27253 24.85588 -261.8474 54.71269 24.85588 -261.9261 147.5217 -6.939412 -260.6139 146.4187 -6.939412 -255.3533 142.0068 -6.939412 -234.9245 124.883 -6.939412 -241.8852 107.2485 -6.939412 -272.9101 119.5606 -6.939412 -261.9261 147.5217 17.06059 -260.6139 146.4187 17.06059 -255.3533 142.0068 17.06059 -234.9245 124.883 17.06059 -241.8852 107.2485 17.06059 -272.9101 119.5606 17.06059 -303.8592 223.0442 -7.974706 -303.9446 220.0141 -7.974706 -297.6158 219.8353 -7.974706 -297.5304 222.8655 -7.974706 -297.8826 222.8766 -7.974706 -303.8592 223.0442 -4.974706 -303.9446 220.0141 -4.974706 -297.6158 219.8353 -4.974706 -297.5304 222.8655 -4.974706 -297.8826 222.8766 -4.974706 -129.554 -221.5933 1.342941 -135.4573 -220.7575 1.342941 -134.5196 -214.196 1.342941 -128.6162 -215.0428 1.342941 -129.554 -221.5933 4.342941 -135.4573 -220.7575 4.342941 -134.5196 -214.196 4.342941 -128.6162 -215.0428 4.342941 -95.14082 -286.1517 1.446471 -97.71471 -285.7283 1.446471 -98.86833 -292.8357 1.446471 -101.9422 -292.3343 1.446471 -100.8625 -285.6948 1.446471 -99.91362 -285.8508 1.446471 -98.91344 -279.7014 1.446471 -94.21452 -280.4591 1.446471 -95.14082 -286.1517 4.446471 -97.71471 -285.7283 4.446471 -98.86833 -292.8357 4.446471 -101.9422 -292.3343 4.446471 -100.8625 -285.6948 4.446471 -99.91362 -285.8508 4.446471 -98.91344 -279.7014 4.446471 -94.21452 -280.4591 4.446471 342.3752 -129.1609 -0.8311758 340.8007 -122.0091 -0.8311758 347.397 -120.5602 -0.8311758 348.9658 -127.7121 -0.8311758 342.3752 -129.1609 2.168824 340.8007 -122.0091 2.168824 347.397 -120.5602 2.168824 348.9658 -127.7121 2.168824 -240.4836 -186.797 0.3076477 -246.0629 -183.3989 0.3076477 -242.4034 -177.3946 0.3076477 -236.8242 -180.8038 0.3076477 -240.4836 -186.797 3.307648 -246.0629 -183.3989 3.307648 -242.4034 -177.3946 3.307648 -236.8242 -180.8038 3.307648 -275.6507 -145.9881 0.4111767 -282.2689 -131.8173 0.4111767 -271.0131 -126.5599 0.4111767 -264.3949 -140.7307 0.4111767 -275.6507 -145.9881 9.411177 -282.2689 -131.8173 9.411177 -271.0131 -126.5599 9.411177 -264.3949 -140.7307 9.411177 -372.4088 -362.8236 3.724118 -372.3571 -357.4206 3.724118 -368.1581 -357.4656 3.724118 -368.2098 -362.8686 3.724118 -372.4088 -362.8236 13.72412 -372.3571 -357.4206 13.72412 -368.1581 -357.4656 13.72412 -368.2098 -362.8686 13.72412 -90.05002 -294.7186 1.65353 -94.97056 -294.1838 1.65353 -94.5159 -289.9839 1.65353 -89.59537 -290.5188 1.65353 -90.05002 -294.7186 11.65353 -94.97056 -294.1838 11.65353 -94.5159 -289.9839 11.65353 -89.59537 -290.5188 11.65353 -470.6172 411.8877 -10.97706 -462.2009 389.9516 -10.97706 -444.8336 396.6002 -10.97706 -453.1251 418.202 -10.97706 -470.6172 411.8877 5.022942 -462.2009 389.9516 5.022942 -444.8336 396.6002 5.022942 -453.1251 418.202 5.022942 74.7059 430.4521 -9.838236 78.15985 430.4633 -9.838236 78.17129 426.8539 -9.838236 78.26864 389.2892 -9.838236 78.27436 387.4844 -9.838236 69.70187 387.462 -9.838236 69.69615 389.5786 -9.838236 67.29881 389.5786 -9.838236 64.79922 389.5674 -9.838236 62.50981 389.5674 -9.838236 62.50408 392.5418 -9.838236 62.44692 414.2652 -9.838236 60.20297 414.2652 -9.838236 50.44325 414.2316 -9.838236 44.97826 414.2204 -9.838236 40.04159 414.2092 -9.838236 40.00748 416.259 -9.838236 40.0472 421.0716 -9.838236 37.78622 421.0938 -9.838236 37.80886 429.7163 -9.838236 37.80885 430.3625 -9.838236 74.7059 430.4521 10.16176 78.15985 430.4633 10.16176 78.17129 426.8539 10.16176 78.26864 389.2892 10.16176 78.27436 387.4844 10.16176 69.70187 387.462 10.16176 69.69615 389.5786 10.16176 67.29881 389.5786 10.16176 64.79922 389.5674 10.16176 62.50981 389.5674 10.16176 62.50408 392.5418 10.16176 62.44692 414.2652 10.16176 60.20297 414.2652 10.16176 50.44325 414.2316 10.16176 44.97826 414.2204 10.16176 40.04159 414.2092 10.16176 40.00748 416.259 10.16176 40.0472 421.0716 10.16176 37.78622 421.0938 10.16176 37.80886 429.7163 10.16176 37.80885 430.3625 10.16176 209.1488 325.6947 -8.388824 203.7971 328.6577 -8.388824 200.7297 323.1209 -8.388824 206.087 320.169 -8.388824 209.1488 325.6947 -5.388824 203.7971 328.6577 -5.388824 200.7297 323.1209 -5.388824 206.087 320.169 -5.388824 184.7374 328.2334 -7.767647 163.8727 290.4672 -7.767647 169.1733 287.5487 -7.767647 190.0379 325.3038 -7.767647 184.7374 328.2334 -4.767647 163.8727 290.4672 -4.767647 169.1733 287.5487 -4.767647 190.0379 325.3038 -4.767647 152.019 224.8621 -5.179412 155.7346 222.8904 -5.179412 154.57 220.6957 -5.179412 150.8545 222.6674 -5.179412 152.019 224.8621 -2.179412 155.7346 222.8904 -2.179412 154.57 220.6957 -2.179412 150.8545 222.6674 -2.179412 -278.9519 161.437 -6.835882 -281.918 154.107 -6.835882 -277.7998 144.5484 -6.835882 -301.0127 82.956 -6.835882 -309.9555 78.95739 -6.835882 -311.8194 74.13384 -6.835882 -316.5291 75.80526 -6.835882 -344.3271 86.04553 -6.835882 -324.9036 139.7953 -6.835882 -323.9319 142.48 -6.835882 -321.1361 150.1108 -6.835882 -308.3731 184.9451 -6.835882 -278.9519 161.437 -0.8358822 -281.918 154.107 -0.8358822 -277.7998 144.5484 -0.8358822 -301.0127 82.956 -0.8358822 -309.9555 78.95739 -0.8358822 -311.8194 74.13384 -0.8358822 -316.5291 75.80526 -0.8358822 -344.3271 86.04553 -0.8358822 -324.9036 139.7953 -0.8358822 -323.9319 142.48 -0.8358822 -321.1361 150.1108 -0.8358822 -308.3731 184.9451 -0.8358822 306.7521 278.1327 -5.386471 309.5813 278.2221 -5.386471 309.6838 274.7241 -5.386471 304.9061 274.59 -5.386471 304.8035 278.0769 -5.386471 306.7521 278.1327 -2.386471 309.5813 278.2221 -2.386471 309.6838 274.7241 -2.386471 304.9061 274.59 -2.386471 304.8035 278.0769 -2.386471 312.2219 291.3789 -5.49 312.5627 292.0696 -5.49 312.9035 292.7715 -5.49 313.1932 293.3619 -5.49 309.5515 295.144 -5.49 307.9611 291.9021 -5.49 311.6028 290.12 -5.49 312.2219 291.3789 -2.49 312.5627 292.0696 -2.49 312.9035 292.7715 -2.49 313.1932 293.3619 -2.49 309.5515 295.144 -2.49 307.9611 291.9021 -2.49 311.6028 290.12 -2.49 150.494 288.1606 -6.939412 148.5682 285.1527 -6.939412 148.0172 284.1055 -6.939412 150.9373 282.5125 -6.939412 153.2891 286.7459 -6.939412 150.494 288.1606 -3.939412 148.5682 285.1527 -3.939412 148.0172 284.1055 -3.939412 150.9373 282.5125 -3.939412 153.2891 286.7459 -3.939412 244.9284 314.0999 -7.974706 244.9456 312.1838 -7.974706 244.9627 310.5351 -7.974706 242.2245 310.5015 -7.974706 242.1902 314.0663 -7.974706 244.9284 314.0999 -4.974706 244.9456 312.1838 -4.974706 244.9627 310.5351 -4.974706 242.2245 310.5015 -4.974706 242.1902 314.0663 -4.974706 355.3215 -104.8964 -1.97 357.435 -104.4395 -1.97 370.8271 -166.5559 -1.97 368.4067 -167.0797 -1.97 369.2764 -171.1235 -1.97 371.532 -170.6443 -1.97 385.077 -167.7242 -1.97 380.4669 -146.3355 -1.97 380.0974 -144.6422 -1.97 373.7424 -115.1547 -1.97 369.8487 -97.08573 -1.97 372.4395 -96.52847 -1.97 373.0647 -99.436 -1.97 399.6144 -93.72951 -1.97 396.9029 -81.15251 -1.97 382.4947 -84.25097 -1.97 379.8572 -72.00816 -1.97 367.6704 -74.62731 -1.97 370.3136 -86.89241 -1.97 367.808 -87.43852 -1.97 367.6205 -86.58075 -1.97 352.1156 -89.902 -1.97 352.5249 -91.80693 -1.97 355.3215 -104.8964 17.03 357.435 -104.4395 17.03 370.8271 -166.5559 17.03 368.4067 -167.0797 17.03 369.2764 -171.1235 17.03 371.532 -170.6443 17.03 385.077 -167.7242 17.03 380.4669 -146.3355 17.03 380.0974 -144.6422 17.03 373.7424 -115.1547 17.03 369.8487 -97.08573 17.03 372.4395 -96.52847 17.03 373.0647 -99.436 17.03 399.6144 -93.72951 17.03 396.9029 -81.15251 17.03 382.4947 -84.25097 17.03 379.8572 -72.00816 17.03 367.6704 -74.62731 17.03 370.3136 -86.89241 17.03 367.808 -87.43852 17.03 367.6205 -86.58075 17.03 352.1156 -89.902 17.03 352.5249 -91.80693 17.03 371.532 -170.6443 0.1005888 372.0493 -173.0394 0.1005888 369.5209 -173.5855 0.1005888 370.0894 -176.2145 0.1005888 368.0326 -176.6492 0.1005888 372.2049 -195.9881 0.1005888 374.1026 -195.5758 0.1005888 374.6085 -197.904 0.1005888 377.4209 -197.3022 0.1005888 378.2338 -201.0786 0.1005888 400.0627 -196.3863 0.1005888 393.4914 -165.9186 0.1005888 385.077 -167.7242 0.1005888 371.532 -170.6443 16.10059 372.0493 -173.0394 16.10059 369.5209 -173.5855 16.10059 370.0894 -176.2145 16.10059 368.0326 -176.6492 16.10059 372.2049 -195.9881 16.10059 374.1026 -195.5758 16.10059 374.6085 -197.904 16.10059 377.4209 -197.3022 16.10059 378.2338 -201.0786 16.10059 400.0627 -196.3863 16.10059 393.4914 -165.9186 16.10059 385.077 -167.7242 16.10059 399.6144 -93.72951 -3.833529 401.4154 -93.33941 -3.833529 402.9048 -100.2462 -3.833529 415.1379 -156.8482 -3.833529 412.5527 -157.4055 -3.833529 413.4964 -161.7612 -3.833529 418.4564 -160.6912 -3.833529 425.047 -159.2756 -3.833529 429.1151 -158.3951 -3.833529 413.7894 -87.47833 -3.833529 417.221 -86.7427 -3.833529 417.9316 -90.01784 -3.833529 430.3513 -87.3428 -3.833529 430.6639 -88.79099 -3.833529 429.8515 -88.95819 -3.833529 430.0277 -89.7714 -3.833529 435.5558 -88.58991 -3.833529 435.0953 -86.4399 -3.833529 443.7255 -84.58963 -3.833529 440.7582 -71.66735 -3.833529 427.0375 -74.62108 -3.833529 424.4567 -62.69022 -3.833529 411.9916 -65.37638 -3.833529 414.5837 -77.36295 -3.833529 412.3054 -77.85337 -3.833529 412.1349 -77.05129 -3.833529 411.4247 -77.20733 -3.833529 396.704 -80.37272 -3.833529 396.9029 -81.15251 -3.833529 399.6144 -93.72951 16.16647 401.4154 -93.33941 16.16647 402.9048 -100.2462 16.16647 415.1379 -156.8482 16.16647 412.5527 -157.4055 16.16647 413.4964 -161.7612 16.16647 418.4564 -160.6912 16.16647 425.047 -159.2756 16.16647 429.1151 -158.3951 16.16647 413.7894 -87.47833 16.16647 417.221 -86.7427 16.16647 417.9316 -90.01784 16.16647 430.3513 -87.3428 16.16647 430.6639 -88.79099 16.16647 429.8515 -88.95819 16.16647 430.0277 -89.7714 16.16647 435.5558 -88.58991 16.16647 435.0953 -86.4399 16.16647 443.7255 -84.58963 16.16647 440.7582 -71.66735 16.16647 427.0375 -74.62108 16.16647 424.4567 -62.69022 16.16647 411.9916 -65.37638 16.16647 414.5837 -77.36295 16.16647 412.3054 -77.85337 16.16647 412.1349 -77.05129 16.16647 411.4247 -77.20733 16.16647 396.704 -80.37272 16.16647 396.9029 -81.15251 16.16647 443.7255 -84.58963 -3.108824 445.8503 -84.13263 -3.108824 459.3631 -146.6721 -3.108824 456.9769 -147.1848 -3.108824 458.0741 -152.2646 -3.108824 460.4831 -151.7519 -3.108824 460.6536 -152.5205 -3.108824 457.1765 -153.2785 -3.108824 463.4754 -182.4093 -3.108824 468.5093 -181.3281 -3.108824 468.0147 -179.0555 -3.108824 470.276 -178.5651 -3.108824 470.8388 -181.1495 -3.108824 478.5885 -179.4887 -3.108824 481.6452 -178.831 -3.108824 484.7644 -178.1511 -3.108824 478.1868 -147.728 -3.108824 474.0279 -148.6309 -3.108824 472.7033 -142.4817 -3.108824 461.3107 -89.76772 -3.108824 460.5489 -86.23637 -3.108824 458.8151 -78.22678 -3.108824 460.8263 -77.80321 -3.108824 461.554 -81.16746 -3.108824 490.2851 -74.98103 -3.108824 487.3004 -61.17872 -3.108824 480.8918 -62.54978 -3.108824 472.1026 -64.44472 -3.108824 469.499 -52.41364 -3.108824 455.6306 -55.4009 -3.108824 458.3707 -68.05583 -3.108824 457.0469 -68.34564 -3.108824 456.8309 -67.36533 -3.108824 455.8764 -67.57711 -3.108824 440.5819 -70.86528 -3.108824 440.7582 -71.66735 -3.108824 443.7255 -84.58963 14.89118 445.8503 -84.13263 14.89118 459.3631 -146.6721 14.89118 456.9769 -147.1848 14.89118 458.0741 -152.2646 14.89118 460.4831 -151.7519 14.89118 460.6536 -152.5205 14.89118 457.1765 -153.2785 14.89118 463.4754 -182.4093 14.89118 468.5093 -181.3281 14.89118 468.0147 -179.0555 14.89118 470.276 -178.5651 14.89118 470.8388 -181.1495 14.89118 478.5885 -179.4887 14.89118 481.6452 -178.831 14.89118 484.7644 -178.1511 14.89118 478.1868 -147.728 14.89118 474.0279 -148.6309 14.89118 472.7033 -142.4817 14.89118 461.3107 -89.76772 14.89118 460.5489 -86.23637 14.89118 458.8151 -78.22678 14.89118 460.8263 -77.80321 14.89118 461.554 -81.16746 14.89118 490.2851 -74.98103 14.89118 487.3004 -61.17872 14.89118 480.8918 -62.54978 14.89118 472.1026 -64.44472 14.89118 469.499 -52.41364 14.89118 455.6306 -55.4009 14.89118 458.3707 -68.05583 14.89118 457.0469 -68.34564 14.89118 456.8309 -67.36533 14.89118 455.8764 -67.57711 14.89118 440.5819 -70.86528 14.89118 440.7582 -71.66735 14.89118 418.4564 -160.6912 0.1005888 418.9964 -163.1977 0.1005888 417.2749 -163.5655 0.1005888 417.7581 -165.7935 0.1005888 412.5538 -166.9192 0.1005888 404.4632 -168.6579 0.1005888 409.9204 -193.9122 0.1005888 419.1133 -191.9393 0.1005888 419.1531 -192.1399 0.1005888 427.2892 -190.3899 0.1005888 427.2664 -190.2674 0.1005888 432.9594 -189.0413 0.1005888 434.465 -188.7181 0.1005888 433.6749 -185.0642 0.1005888 430.7545 -185.6884 0.1005888 425.047 -159.2756 0.1005888 418.4564 -160.6912 18.10059 418.9964 -163.1977 18.10059 417.2749 -163.5655 18.10059 417.7581 -165.7935 18.10059 412.5538 -166.9192 18.10059 404.4632 -168.6579 18.10059 409.9204 -193.9122 18.10059 419.1133 -191.9393 18.10059 419.1531 -192.1399 18.10059 427.2892 -190.3899 18.10059 427.2664 -190.2674 18.10059 432.9594 -189.0413 18.10059 434.465 -188.7181 18.10059 433.6749 -185.0642 18.10059 430.7545 -185.6884 18.10059 425.047 -159.2756 18.10059 490.2851 -74.98103 -3.419412 503.7986 -137.6428 -3.419412 501.435 -138.1445 -3.419412 502.4697 -142.9569 -3.419412 503.9754 -142.6336 -3.419412 510.0472 -170.7729 -3.419412 523.7739 -167.8189 -3.419412 517.6963 -139.6462 -3.419412 518.3212 -139.5124 -3.419412 505.1031 -78.24316 -3.419412 504.6312 -76.0486 -3.419412 510.5115 -74.78897 -3.419412 510.159 -73.15141 -3.419412 527.0045 -69.52854 -3.419412 524.3722 -57.34153 -3.419412 509.0494 -60.64112 -3.419412 508.1967 -56.68647 -3.419412 487.3004 -61.17872 -3.419412 490.2851 -74.98103 15.58059 503.7986 -137.6428 15.58059 501.435 -138.1445 15.58059 502.4697 -142.9569 15.58059 503.9754 -142.6336 15.58059 510.0472 -170.7729 15.58059 523.7739 -167.8189 15.58059 517.6963 -139.6462 15.58059 518.3212 -139.5124 15.58059 505.1031 -78.24316 15.58059 504.6312 -76.0486 15.58059 510.5115 -74.78897 15.58059 510.159 -73.15141 15.58059 527.0045 -69.52854 15.58059 524.3722 -57.34153 15.58059 509.0494 -60.64112 15.58059 508.1967 -56.68647 15.58059 487.3004 -61.17872 15.58059 508.1967 -56.68647 -4.351176 507.776 -54.72585 -4.351176 503.0062 -32.63548 -4.351176 502.8413 -31.86683 -4.351176 524.1578 -27.28532 -4.351176 525.3736 -27.02892 -4.351176 520.0523 -2.376408 -4.351176 511.7235 -4.159975 -4.351176 503.2529 35.11922 -4.351176 499.4634 34.30548 -4.351176 507.9341 -4.96258 -4.351176 501.8437 -6.266796 -4.351176 496.3157 -7.459526 -4.351176 487.0039 35.7298 -4.351176 486.5664 35.64062 -4.351176 483.8451 35.04984 -4.351176 472.1871 32.54183 -4.351176 473.4207 26.81592 -4.351176 467.1031 25.45603 -4.351176 468.3708 19.5853 -4.351176 473.8338 -5.75796 -4.351176 474.7889 -10.1805 -4.351176 476.2376 -9.86839 -4.351176 484.8559 -49.81603 -4.351176 487.3004 -61.17872 -4.351176 508.1967 -56.68647 14.64882 507.776 -54.72585 14.64882 503.0062 -32.63548 14.64882 502.8413 -31.86683 14.64882 524.1578 -27.28532 14.64882 525.3736 -27.02892 14.64882 520.0523 -2.376408 14.64882 511.7235 -4.159975 14.64882 503.2529 35.11922 14.64882 499.4634 34.30548 14.64882 507.9341 -4.96258 14.64882 501.8437 -6.266796 14.64882 496.3157 -7.459526 14.64882 487.0039 35.7298 14.64882 486.5664 35.64062 14.64882 483.8451 35.04984 14.64882 472.1871 32.54183 14.64882 473.4207 26.81592 14.64882 467.1031 25.45603 14.64882 468.3708 19.5853 14.64882 473.8338 -5.75796 14.64882 474.7889 -10.1805 14.64882 476.2376 -9.86839 14.64882 484.8559 -49.81603 14.64882 487.3004 -61.17872 14.64882 473.8338 -5.75796 -4.765294 450.8244 -10.70702 -4.765294 444.1165 20.38447 -4.765294 443.7755 21.97748 -4.765294 424.5101 17.83112 -4.765294 432.5139 -19.27597 -4.765294 451.7453 -15.14071 -4.765294 456.2847 -14.15982 -4.765294 474.7889 -10.1805 -4.765294 473.8338 -5.75796 14.23471 450.8244 -10.70702 14.23471 444.1165 20.38447 14.23471 443.7755 21.97748 14.23471 424.5101 17.83112 14.23471 432.5139 -19.27597 14.23471 451.7453 -15.14071 14.23471 456.2847 -14.15982 14.23471 474.7889 -10.1805 14.23471 -286.9936 -174.2165 -0.1064701 -295.3121 -179.4852 -0.1064701 -298.5673 -174.3604 -0.1064701 -290.2488 -169.0917 -0.1064701 -286.9936 -174.2165 9.89353 -295.3121 -179.4852 9.89353 -298.5673 -174.3604 9.89353 -290.2488 -169.0917 9.89353 -376.2021 117.3525 -7.353529 -379.3504 109.265 -7.353529 -407.9376 120.3637 -7.353529 -404.1301 130.1332 -7.353529 -384.7803 122.7118 -7.353529 -375.4918 119.1683 -7.353529 -376.2021 117.3525 4.646471 -379.3504 109.265 4.646471 -407.9376 120.3637 4.646471 -404.1301 130.1332 4.646471 -384.7803 122.7118 4.646471 -375.4918 119.1683 4.646471 231.788 410.0274 -8.906471 231.6805 403.8557 -8.906471 228.5958 403.9001 -8.906471 228.6976 410.0829 -8.906471 231.788 410.0274 1.093529 231.6805 403.8557 1.093529 228.5958 403.9001 1.093529 228.6976 410.0829 1.093529 -118.6819 226.5876 -4.558235 -119.0882 134.8926 -4.558235 -100.2263 134.803 -4.558235 -100.1578 149.9313 -4.558235 -100.1463 152.6161 -4.558235 -99.90631 206.0222 -4.558235 -99.83202 222.3426 -4.558235 -99.81487 226.4979 -4.558235 -118.6819 226.5876 17.44176 -119.0882 134.8926 17.44176 -100.2263 134.803 17.44176 -100.1578 149.9313 17.44176 -100.1463 152.6161 17.44176 -99.90631 206.0222 17.44176 -99.83202 222.3426 17.44176 -99.81487 226.4979 17.44176 -201.6113 195.354 -7.664117 -201.7365 190.6417 -7.664117 -203.9011 190.6975 -7.664117 -203.7701 195.4098 -7.664117 -201.6113 195.354 -4.664117 -201.7365 190.6417 -4.664117 -203.9011 190.6975 -4.664117 -203.7701 195.4098 -4.664117 94.65254 154.9554 -5.59353 92.20403 150.5996 -5.59353 91.56775 149.4744 -5.59353 85.78416 152.7272 -5.59353 88.93144 158.1637 -5.59353 94.65254 154.9554 -0.5935297 92.20403 150.5996 -0.5935297 91.56775 149.4744 -0.5935297 85.78416 152.7272 -0.5935297 88.93144 158.1637 -0.5935297 212.6678 382.6325 -9.320588 212.4349 381.5519 -9.320588 212.0203 379.6357 -9.320588 214.5824 379.09 -9.320588 215.2242 382.0868 -9.320588 212.6678 382.6325 -6.320588 212.4349 381.5519 -6.320588 212.0203 379.6357 -6.320588 214.5824 379.09 -6.320588 215.2242 382.0868 -6.320588 74.59386 350.744 -10.77 74.628 347.5579 -10.77 76.37206 347.5691 -10.77 78.01386 347.5914 -10.77 77.97971 350.7775 -10.77 74.59386 350.744 -7.77 74.628 347.5579 -7.77 76.37206 347.5691 -7.77 78.01386 347.5914 -7.77 77.97971 350.7775 -7.77 32.62858 354.1746 -10.04529 31.49807 354.1746 -10.04529 31.50946 350.7657 -10.04529 31.50947 350.0304 -10.04529 34.88964 350.0416 -10.04529 34.87256 354.1857 -10.04529 32.62858 354.1746 -7.045294 31.49807 354.1746 -7.045294 31.50946 350.7657 -7.045294 31.50947 350.0304 -7.045294 34.88964 350.0416 -7.045294 34.87256 354.1857 -7.045294 361.386 287.9298 -5.386471 365.0958 288.0304 -5.386471 364.9931 291.7624 -5.386471 363.0218 291.7065 -5.386471 361.2834 291.6617 -5.386471 361.386 287.9298 -2.386471 365.0958 288.0304 -2.386471 364.9931 291.7624 -2.386471 363.0218 291.7065 -2.386471 361.2834 291.6617 -2.386471 414.6762 374.3609 -5.179412 415.1251 373.0799 -5.179412 415.7275 371.3866 -5.179412 413.637 370.6511 -5.179412 412.5857 373.6255 -5.179412 414.6762 374.3609 -2.179412 415.1251 373.0799 -2.179412 415.7275 371.3866 -2.179412 413.637 370.6511 -2.179412 412.5857 373.6255 -2.179412 425.1502 337.8779 -4.972353 425.3153 334.703 -4.972353 422.9862 334.5802 -4.972353 422.8267 337.7551 -4.972353 425.1502 337.8779 -1.972353 425.3153 334.703 -1.972353 422.9862 334.5802 -1.972353 422.8267 337.7551 -1.972353 447.106 251.9895 -5.386471 447.2144 248.5472 -5.386471 444.4079 248.4578 -5.386471 444.2996 251.9001 -5.386471 447.106 251.9895 -2.386471 447.2144 248.5472 -2.386471 444.4079 248.4578 -2.386471 444.2996 251.9001 -2.386471 78.58318 288.5038 -8.906471 78.67994 279.8144 -8.906471 75.50987 281.5299 -8.906471 75.4927 287.7239 -8.906471 78.58318 288.5038 -5.906471 78.67994 279.8144 -5.906471 75.50987 281.5299 -5.906471 75.4927 287.7239 -5.906471 607.9135 405.3568 -7.664117 613.9473 401.002 -7.664117 610.2953 395.9326 -7.664117 604.2615 400.2874 -7.664117 607.9135 405.3568 2.335883 613.9473 401.002 2.335883 610.2953 395.9326 2.335883 604.2615 400.2874 2.335883 -232.3876 -103.6025 -3.108824 -226.9558 -100.8401 -3.108824 -225.3481 -104.0152 -3.108824 -230.7799 -106.7665 -3.108824 -232.3876 -103.6025 6.891176 -226.9558 -100.8401 6.891176 -225.3481 -104.0152 6.891176 -230.7799 -106.7665 6.891176 316.9707 162.7657 -4.247647 315.7829 167.2439 -4.247647 325.8328 169.885 -4.247647 327.0149 165.3956 -4.247647 316.9707 162.7657 -1.247647 315.7829 167.2439 -1.247647 325.8328 169.885 -1.247647 327.0149 165.3956 -1.247647 44.7019 -235.6096 1.342941 49.2812 -215.2564 1.342941 57.72439 -217.1612 1.342941 53.14514 -237.5144 1.342941 44.7019 -235.6096 11.34294 49.2812 -215.2564 11.34294 57.72439 -217.1612 11.34294 53.14514 -237.5144 11.34294 146.1298 -270.9994 -2.591177 119.3452 -264.8509 -2.591177 118.51 -268.4938 -2.591177 116.4759 -268.026 -2.591177 117.311 -264.3831 -2.591177 115.8849 -264.0601 -2.591177 115.1293 -267.3576 -2.591177 102.1518 -264.3836 -2.591177 102.9074 -261.086 -2.591177 101.3107 -260.7185 -2.591177 100.8108 -262.8908 -2.591177 99.48123 -262.5789 -2.591177 99.97549 -260.4066 -2.591177 91.42422 -258.4461 -2.591177 89.62325 -266.2889 -2.591177 85.82205 -265.42 -2.591177 87.62302 -257.5773 -2.591177 72.68532 -254.1464 -2.591177 100.421 -133.297 -2.591177 173.8689 -150.1494 -2.591177 146.1298 -270.9994 7.408823 119.3452 -264.8509 7.408823 118.51 -268.4938 7.408823 116.4759 -268.026 7.408823 117.311 -264.3831 7.408823 115.8849 -264.0601 7.408823 115.1293 -267.3576 7.408823 102.1518 -264.3836 7.408823 102.9074 -261.086 7.408823 101.3107 -260.7185 7.408823 100.8108 -262.8908 7.408823 99.48123 -262.5789 7.408823 99.97549 -260.4066 7.408823 91.42422 -258.4461 7.408823 89.62325 -266.2889 7.408823 85.82205 -265.42 7.408823 87.62302 -257.5773 7.408823 72.68532 -254.1464 7.408823 100.421 -133.297 7.408823 173.8689 -150.1494 7.408823 -230.0779 411.7986 -8.906471 -261.9874 411.277 -8.906471 -264.9756 411.2438 -8.906471 -264.9754 413.962 -8.906471 -292.0504 413.8638 -8.906471 -304.02 413.8202 -8.906471 -304.0056 380.8452 -8.906471 -291.9847 380.8553 -8.906471 -291.9945 401.8658 -8.906471 -287.7736 401.8654 -8.906471 -287.7739 398.1335 -8.906471 -284.1608 398.1332 -8.906471 -284.1553 395.5821 -8.906471 -281.6501 395.593 -8.906471 -281.6722 402.9567 -8.906471 -264.8796 403.0001 -8.906471 -264.6798 335.2565 -8.906471 -264.6687 331.1903 -8.906471 -261.8453 331.1901 -8.906471 -261.862 335.8467 -8.906471 -248.0288 335.8904 -8.906471 -242.1831 335.9123 -8.906471 -229.9008 335.9561 -8.906471 -229.884 330.8316 -8.906471 -226.2141 330.8425 -8.906471 -226.2309 335.6328 -8.906471 -213.5907 335.6432 -8.906471 -211.0911 335.6987 -8.906471 -230.0779 411.7986 0.09352875 -261.9874 411.277 0.09352875 -264.9756 411.2438 0.09352875 -264.9754 413.962 0.09352875 -292.0504 413.8638 0.09352875 -304.02 413.8202 0.09352875 -304.0056 380.8452 0.09352875 -291.9847 380.8553 0.09352875 -291.9945 401.8658 0.09352875 -287.7736 401.8654 0.09352875 -287.7739 398.1335 0.09352875 -284.1608 398.1332 0.09352875 -284.1553 395.5821 0.09352875 -281.6501 395.593 0.09352875 -281.6722 402.9567 0.09352875 -264.8796 403.0001 0.09352875 -264.6798 335.2565 0.09352875 -264.6687 331.1903 0.09352875 -261.8453 331.1901 0.09352875 -261.862 335.8467 0.09352875 -248.0288 335.8904 0.09352875 -242.1831 335.9123 0.09352875 -229.9008 335.9561 0.09352875 -229.884 330.8316 0.09352875 -226.2141 330.8425 0.09352875 -226.2309 335.6328 0.09352875 -213.5907 335.6432 0.09352875 -211.0911 335.6987 0.09352875 -211.0911 335.6987 -9.631176 -207.8018 335.7097 -9.631176 -196.0308 335.7648 -9.631176 -196.0027 329.7936 -9.631176 -191.9294 329.8045 -9.631176 -192.2104 390.0285 -9.631176 -190.1709 390.0507 -9.631176 -188.194 390.1285 -9.631176 -188.1715 386.0624 -9.631176 -151.9557 386.239 -9.631176 -152.0345 402.8602 -9.631176 -156.5111 402.8381 -9.631176 -156.528 405.8348 -9.631176 -151.8299 405.868 -9.631176 -151.9201 422.9237 -9.631176 -167.6674 422.8352 -9.631176 -167.6449 419.2035 -9.631176 -184.2444 419.1152 -9.631176 -184.2331 417.0988 -9.631176 -184.2049 412.4533 -9.631176 -192.8455 412.2309 -9.631176 -192.7375 414.4256 -9.631176 -196.3391 414.37 -9.631176 -196.2995 412.2088 -9.631176 -227.033 411.7315 -9.631176 -226.9874 414.2381 -9.631176 -230.0437 414.2271 -9.631176 -230.0779 411.7986 -9.631176 -211.0911 335.6987 -0.631176 -207.8018 335.7097 -0.631176 -196.0308 335.7648 -0.631176 -196.0027 329.7936 -0.631176 -191.9294 329.8045 -0.631176 -192.2104 390.0285 -0.631176 -190.1709 390.0507 -0.631176 -188.194 390.1285 -0.631176 -188.1715 386.0624 -0.631176 -151.9557 386.239 -0.631176 -152.0345 402.8602 -0.631176 -156.5111 402.8381 -0.631176 -156.528 405.8348 -0.631176 -151.8299 405.868 -0.631176 -151.9201 422.9237 -0.631176 -167.6674 422.8352 -0.631176 -167.6449 419.2035 -0.631176 -184.2444 419.1152 -0.631176 -184.2331 417.0988 -0.631176 -184.2049 412.4533 -0.631176 -192.8455 412.2309 -0.631176 -192.7375 414.4256 -0.631176 -196.3391 414.37 -0.631176 -196.2995 412.2088 -0.631176 -227.033 411.7315 -0.631176 -226.9874 414.2381 -0.631176 -230.0437 414.2271 -0.631176 -230.0779 411.7986 -0.631176 35.42953 328.7415 -9.320588 35.43522 327.6498 -9.320588 35.53761 313.3012 -9.320588 46.03045 313.3793 -9.320588 61.08514 313.4798 -9.320588 35.42953 328.7415 -6.320588 35.43522 327.6498 -6.320588 35.53761 313.3012 -6.320588 46.03045 313.3793 -6.320588 61.08514 313.4798 -6.320588 60.92582 328.9981 -9.941765 61.06807 314.9391 -9.941765 61.08514 313.4798 -9.941765 35.42953 328.7415 -9.941765 60.92582 328.9981 -6.941765 61.06807 314.9391 -6.941765 61.08514 313.4798 -6.941765 35.42953 328.7415 -6.941765 35.42953 328.7415 -9.320588 35.43522 327.6498 -9.320588 35.53761 313.3012 -9.320588 46.03045 313.3793 -9.320588 61.08514 313.4798 -9.320588 35.42953 328.7415 0.6794119 35.43522 327.6498 0.6794119 35.53761 313.3012 0.6794119 46.03045 313.3793 0.6794119 61.08514 313.4798 0.6794119 60.92582 328.9981 -9.941765 61.06807 314.9391 -9.941765 61.08514 313.4798 -9.941765 35.42953 328.7415 -9.941765 60.92582 328.9981 0.05823517 61.06807 314.9391 0.05823517 61.08514 313.4798 0.05823517 35.42953 328.7415 0.05823517 -230.0779 411.7986 -8.906471 -261.9874 411.277 -8.906471 -264.9756 411.2438 -8.906471 -264.9754 413.962 -8.906471 -292.0504 413.8638 -8.906471 -304.02 413.8202 -8.906471 -304.0056 380.8452 -8.906471 -291.9847 380.8553 -8.906471 -291.9945 401.8658 -8.906471 -287.7736 401.8654 -8.906471 -287.7739 398.1335 -8.906471 -284.1608 398.1332 -8.906471 -284.1553 395.5821 -8.906471 -281.6501 395.593 -8.906471 -281.6722 402.9567 -8.906471 -264.8796 403.0001 -8.906471 -264.6798 335.2565 -8.906471 -264.6687 331.1903 -8.906471 -261.8453 331.1901 -8.906471 -261.862 335.8467 -8.906471 -248.0288 335.8904 -8.906471 -242.1831 335.9123 -8.906471 -229.9008 335.9561 -8.906471 -229.884 330.8316 -8.906471 -226.2141 330.8425 -8.906471 -226.2309 335.6328 -8.906471 -213.5907 335.6432 -8.906471 -211.0911 335.6987 -8.906471 -230.0779 411.7986 1.093529 -261.9874 411.277 1.093529 -264.9756 411.2438 1.093529 -264.9754 413.962 1.093529 -292.0504 413.8638 1.093529 -304.02 413.8202 1.093529 -304.0056 380.8452 1.093529 -291.9847 380.8553 1.093529 -291.9945 401.8658 1.093529 -287.7736 401.8654 1.093529 -287.7739 398.1335 1.093529 -284.1608 398.1332 1.093529 -284.1553 395.5821 1.093529 -281.6501 395.593 1.093529 -281.6722 402.9567 1.093529 -264.8796 403.0001 1.093529 -264.6798 335.2565 1.093529 -264.6687 331.1903 1.093529 -261.8453 331.1901 1.093529 -261.862 335.8467 1.093529 -248.0288 335.8904 1.093529 -242.1831 335.9123 1.093529 -229.9008 335.9561 1.093529 -229.884 330.8316 1.093529 -226.2141 330.8425 1.093529 -226.2309 335.6328 1.093529 -213.5907 335.6432 1.093529 -211.0911 335.6987 1.093529 -202.6458 397.7715 -9.01 -202.6346 395.4654 -9.01 -201.9812 395.4654 -9.01 -201.7624 344.978 -9.01 -202.3362 344.978 -9.01 -202.3249 343.2179 -9.01 -211.352 343.1738 -9.01 -211.4057 397.7274 -9.01 -202.6458 397.7715 0.9899998 -202.6346 395.4654 0.9899998 -201.9812 395.4654 0.9899998 -201.7624 344.978 0.9899998 -202.3362 344.978 0.9899998 -202.3249 343.2179 0.9899998 -211.352 343.1738 0.9899998 -211.4057 397.7274 0.9899998 -236.5948 397.7623 -9.113529 -235.8199 343.5429 -9.113529 -255.7317 343.2657 -9.113529 -256.5177 397.4851 -9.113529 -236.5948 397.7623 0.8864708 -235.8199 343.5429 0.8864708 -255.7317 343.2657 0.8864708 -256.5177 397.4851 0.8864708 -211.0911 335.6987 -9.631176 -207.8018 335.7097 -9.631176 -196.0308 335.7648 -9.631176 -196.0027 329.7936 -9.631176 -191.9294 329.8045 -9.631176 -192.2104 390.0285 -9.631176 -190.1709 390.0507 -9.631176 -188.194 390.1285 -9.631176 -188.1715 386.0624 -9.631176 -151.9557 386.239 -9.631176 -152.0345 402.8602 -9.631176 -156.5111 402.8381 -9.631176 -156.528 405.8348 -9.631176 -151.8299 405.868 -9.631176 -151.9201 422.9237 -9.631176 -167.6674 422.8352 -9.631176 -167.6449 419.2035 -9.631176 -184.2444 419.1152 -9.631176 -184.2331 417.0988 -9.631176 -184.2049 412.4533 -9.631176 -192.8455 412.2309 -9.631176 -192.7375 414.4256 -9.631176 -196.3391 414.37 -9.631176 -196.2995 412.2088 -9.631176 -227.033 411.7315 -9.631176 -226.9874 414.2381 -9.631176 -230.0437 414.2271 -9.631176 -230.0779 411.7986 -9.631176 -211.0911 335.6987 0.368824 -207.8018 335.7097 0.368824 -196.0308 335.7648 0.368824 -196.0027 329.7936 0.368824 -191.9294 329.8045 0.368824 -192.2104 390.0285 0.368824 -190.1709 390.0507 0.368824 -188.194 390.1285 0.368824 -188.1715 386.0624 0.368824 -151.9557 386.239 0.368824 -152.0345 402.8602 0.368824 -156.5111 402.8381 0.368824 -156.528 405.8348 0.368824 -151.8299 405.868 0.368824 -151.9201 422.9237 0.368824 -167.6674 422.8352 0.368824 -167.6449 419.2035 0.368824 -184.2444 419.1152 0.368824 -184.2331 417.0988 0.368824 -184.2049 412.4533 0.368824 -192.8455 412.2309 0.368824 -192.7375 414.4256 0.368824 -196.3391 414.37 0.368824 -196.2995 412.2088 0.368824 -227.033 411.7315 0.368824 -226.9874 414.2381 0.368824 -230.0437 414.2271 0.368824 -230.0779 411.7986 0.368824 -219.2599 343.1409 -9.01 -219.2711 345.1795 -9.01 -220.0153 345.1796 -9.01 -220.2623 395.8006 -9.01 -219.6772 395.8117 -9.01 -219.6885 397.6833 -9.01 -211.4057 397.7274 -9.01 -211.352 343.1738 -9.01 -219.2599 343.1409 0.9899998 -219.2711 345.1795 0.9899998 -220.0153 345.1796 0.9899998 -220.2623 395.8006 0.9899998 -219.6772 395.8117 0.9899998 -219.6885 397.6833 0.9899998 -211.4057 397.7274 0.9899998 -211.352 343.1738 0.9899998</float_array>
          <technique_common>
            <accessor count="4800" source="#verts-array-array" stride="3">
              <param type="float" name="X"/>
              <param type="float" name="Y"/>
              <param type="float" name="Z"/>
            </accessor>
          </technique_common>
        </source>
        <source id="normals-array">
          <float_array count="14400" id="normals-array-array">-0.5747017 0.5800036 -0.5773333 -0.5799869 -0.5746844 -0.5773673 0.574669 -0.5800307 -0.5773386 0.7071308 -0.003108408 -0.7070759 0.7070735 -0.003094499 -0.7071333 0.7070931 -0.003198199 -0.7071132 0.7071478 -0.003068935 -0.7070591 0.5798917 0.5747647 -0.5773831 -0.5747017 0.5800036 0.5773333 -0.5799869 -0.5746844 0.5773673 0.574669 -0.5800307 0.5773386 0.7071308 -0.003108408 0.7070759 0.7070735 -0.003094499 0.7071333 0.7070931 -0.003198199 0.7071132 0.7071478 -0.003068935 0.7070591 0.5798917 0.5747647 0.5773831 -0.707146 -0.005961437 -0.7070424 -0.7071883 -0.005437671 -0.7070044 -0.5819164 0.5726652 -0.5774322 0.5724496 0.582242 -0.5773176 0.5822091 -0.5724172 -0.5773829 -0.5722763 -0.5823839 -0.5773463 -0.707146 -0.005961437 0.7070424 -0.7071883 -0.005437671 0.7070044 -0.5819164 0.5726652 0.5774322 0.5724496 0.582242 0.5773176 0.5822091 -0.5724172 0.5773829 -0.5722763 -0.5823839 0.5773463 0.7187425 -0.3879532 -0.5769762 0.3739312 -0.2023734 -0.905108 0.2011817 0.3751707 -0.9048607 0.3855324 0.7198194 -0.5772562 0.7197071 -0.3854579 -0.5774461 -0.3855515 -0.7198138 -0.5772505 -0.198882 -0.374588 -0.9056102 0.3763415 -0.1952755 -0.905668 0.7252066 -0.3758618 -0.576891 -0.3793635 -0.7230676 -0.5772838 -0.1966244 -0.3767749 -0.9051958 0.3791314 -0.1975841 -0.9040022 0.722943 -0.3796362 -0.5772605 0.3767905 -0.1971724 -0.9050701 0.7237749 -0.3781794 -0.5771744 -0.3797221 -0.7228694 -0.5772962 -0.1993143 -0.377713 -0.9042161 0.376191 -0.1978566 -0.9051702 0.7235905 -0.3783062 -0.5773225 0.3775775 -0.1970496 -0.9047688 0.7239153 -0.3778044 -0.5772439 -0.379484 -0.72306 -0.5772141 -0.1980611 -0.3770724 -0.9047586 0.3766418 -0.1953324 -0.9055309 0.7249282 -0.3764684 -0.5768455 -0.377908 -0.7235676 -0.5776118 -0.1981913 -0.3791365 -0.9038671 -0.3798245 -0.7227184 -0.5774179 -0.7234654 0.3782662 -0.5775053 -0.4031646 0.3141085 -0.8595313 -0.6310261 0.4933622 -0.598665 -0.3767693 0.1965031 -0.9052245 -0.1967447 -0.3789245 -0.9042719 -0.3759262 -0.7246826 -0.5775072 -0.7251097 0.3754643 -0.5772717 0.3757375 0.7248786 -0.577384 0.1960746 0.3786164 -0.9045465 -0.3795749 0.1983798 -0.9036417 -0.7226517 0.3798159 -0.5775071 0.3770498 0.7240309 -0.5775922 0.1981805 0.3794836 -0.9037238 -0.3766564 0.1971274 -0.9051358 -0.7240275 0.3776099 -0.5772303 0.377632 0.7238357 -0.5774564 0.1968471 0.3782438 -0.9045346 -0.379051 0.1988716 -0.9037535 -0.7209341 0.383714 -0.5770768 0.3853756 0.7198142 -0.5773675 0.7187425 -0.3879532 0.5769762 0.3739312 -0.2023734 0.905108 0.2011817 0.3751707 0.9048607 0.3855324 0.7198194 0.5772562 0.7197071 -0.3854579 0.5774461 -0.3855515 -0.7198138 0.5772505 -0.198882 -0.374588 0.9056102 0.3763415 -0.1952755 0.905668 0.7252066 -0.3758618 0.576891 -0.3793635 -0.7230676 0.5772838 -0.1966244 -0.3767749 0.9051958 0.3791314 -0.1975841 0.9040022 0.722943 -0.3796362 0.5772605 0.3767905 -0.1971724 0.9050701 0.7237749 -0.3781794 0.5771744 -0.3797221 -0.7228694 0.5772962 -0.1993143 -0.377713 0.9042161 0.376191 -0.1978566 0.9051702 0.7235905 -0.3783062 0.5773225 0.3775775 -0.1970496 0.9047688 0.7239153 -0.3778044 0.5772439 -0.379484 -0.72306 0.5772141 -0.1980611 -0.3770724 0.9047586 0.3766418 -0.1953324 0.9055309 0.7249282 -0.3764684 0.5768455 -0.377908 -0.7235676 0.5776118 -0.1981913 -0.3791365 0.9038671 -0.3798245 -0.7227184 0.5774179 -0.7234654 0.3782662 0.5775053 -0.4031646 0.3141085 0.8595313 -0.6310261 0.4933622 0.598665 -0.3767693 0.1965031 0.9052245 -0.1967447 -0.3789245 0.9042719 -0.3759262 -0.7246826 0.5775072 -0.7251097 0.3754643 0.5772717 0.3757375 0.7248786 0.577384 0.1960746 0.3786164 0.9045465 -0.3795749 0.1983798 0.9036417 -0.7226517 0.3798159 0.5775071 0.3770498 0.7240309 0.5775922 0.1981805 0.3794836 0.9037238 -0.3766564 0.1971274 0.9051358 -0.7240275 0.3776099 0.5772303 0.377632 0.7238357 0.5774564 0.1968471 0.3782438 0.9045346 -0.379051 0.1988716 0.9037535 -0.7209341 0.383714 0.5770768 0.3853756 0.7198142 0.5773675 -0.7945169 0.1896287 -0.5768742 -0.4129236 0.09897161 -0.9053722 -0.7946754 0.1875293 -0.577342 0.1870849 0.7947265 -0.5774157 0.09729739 0.4150057 -0.9046013 -0.4146469 0.09649424 -0.9048518 -0.7953609 0.1849736 -0.5772225 0.1857479 0.7950715 -0.5773726 0.7950716 -0.1859738 -0.5772996 -0.1849047 -0.7951482 -0.5775375 -0.09624364 -0.4157876 -0.9043549 -0.1853521 -0.7952379 -0.5772706 -0.7945169 0.1896287 0.5768742 -0.4129236 0.09897161 0.9053722 -0.7946754 0.1875293 0.577342 0.1870849 0.7947265 0.5774157 0.09729739 0.4150057 0.9046013 -0.4146469 0.09649424 0.9048518 -0.7953609 0.1849736 0.5772225 0.1857479 0.7950715 0.5773726 0.7950716 -0.1859738 0.5772996 -0.1849047 -0.7951482 0.5775375 -0.09624364 -0.4157876 0.9043549 -0.1853521 -0.7952379 0.5772706 -0.1658991 0.6882746 -0.7062263 -0.1626091 0.6882975 -0.7069687 0.428989 0.6946507 -0.5774329 0.6947584 -0.4290337 -0.5772701 -0.4288101 -0.6947436 -0.577454 -0.6965079 0.4255757 -0.5777215 -0.1658991 0.6882746 0.7062263 -0.1626091 0.6882975 0.7069687 0.428989 0.6946507 0.5774329 0.6947584 -0.4290337 0.5772701 -0.4288101 -0.6947436 0.577454 -0.6965079 0.4255757 0.5777215 0.3619722 0.7306703 -0.5788757 0.1927876 0.3871369 -0.9016418 0.3471792 0.7399056 -0.5761998 -0.7402109 0.3434201 -0.5780575 -0.3544828 -0.7348363 -0.5782366 -0.1834606 -0.4000851 -0.8979277 -0.3349109 -0.7428629 -0.579646 0.7439023 -0.3395526 -0.5755983 0.3718965 -0.1757236 -0.9114901 0.7249754 -0.3746994 -0.5779368 0.3748318 -0.1985309 -0.9055863 0.7268144 -0.3745602 -0.575713 0.3849909 0.7172142 -0.5808492 0.2080448 0.3944151 -0.8950721 0.3619722 0.7306703 0.5788757 0.1927876 0.3871369 0.9016418 0.3471792 0.7399056 0.5761998 -0.7402109 0.3434201 0.5780575 -0.3544828 -0.7348363 0.5782366 -0.1834606 -0.4000851 0.8979277 -0.3349109 -0.7428629 0.579646 0.7439023 -0.3395526 0.5755983 0.3718965 -0.1757236 0.9114901 0.7249754 -0.3746994 0.5779368 0.3748318 -0.1985309 0.9055863 0.7268144 -0.3745602 0.575713 0.3849909 0.7172142 0.5808492 0.2080448 0.3944151 0.8950721 -0.7106132 0.4020876 -0.5773686 -0.4079926 -0.7065105 -0.5782603 0.7080988 -0.4079488 -0.5763453 0.4013392 0.7109789 -0.5774391 -0.7106132 0.4020876 0.5773686 -0.4079926 -0.7065105 0.5782603 0.7080988 -0.4079488 0.5763453 0.4013392 0.7109789 0.5774391 0.3696762 -0.1988625 -0.9076306 0.7239922 -0.3775685 -0.5773018 -0.3773228 -0.7240192 -0.5774285 -0.1879814 -0.374602 -0.9079297 -0.3652725 -0.7312816 -0.5760237 -0.2021347 -0.3816676 -0.9019265 -0.3854403 -0.7192677 -0.5780051 -0.7237775 0.3770155 -0.577932 0.3803909 0.7232636 -0.5763614 0.7168789 -0.3918512 -0.5766604 0.3696762 -0.1988625 0.9076306 0.7239922 -0.3775685 0.5773018 -0.3773228 -0.7240192 0.5774285 -0.1879814 -0.374602 0.9079297 -0.3652725 -0.7312816 0.5760237 -0.2021347 -0.3816676 0.9019265 -0.3854403 -0.7192677 0.5780051 -0.7237775 0.3770155 0.577932 0.3803909 0.7232636 0.5763614 0.7168789 -0.3918512 0.5766604 0.7070611 0.004779836 -0.7071364 0.5734066 0.5812877 -0.5773296 -0.5812824 0.573373 -0.5773683 -0.5733009 -0.5814072 -0.5773143 0.005010753 -0.7070271 -0.7071687 0.5812946 -0.573383 -0.5773461 0.7070611 0.004779836 0.7071364 0.5734066 0.5812877 0.5773296 -0.5812824 0.573373 0.5773683 -0.5733009 -0.5814072 0.5773143 0.005010753 -0.7070271 0.7071687 0.5812946 -0.573383 0.5773461 -0.545746 -0.6082969 -0.5763126 0.6351163 -0.517431 -0.5734914 0.5116693 0.6329609 -0.5809948 -0.609055 0.542246 -0.5788102 -0.545746 -0.6082969 0.5763126 0.6351163 -0.517431 0.5734914 0.5116693 0.6329609 0.5809948 -0.609055 0.542246 0.5788102 0.749026 0.3242118 -0.5777948 -0.3306941 0.747515 -0.5760753 -0.1665338 0.3826242 -0.9087712 -0.3218483 0.7513804 -0.5760566 -0.761424 -0.2805791 -0.5843875 -0.4421669 -0.4530394 -0.7741084 -0.3974015 0.1179124 -0.9100377 -0.7818313 0.2392324 -0.575767 -0.2335279 -0.7817185 -0.5782568 -0.12408 -0.4108272 -0.9032304 -0.2345501 -0.7817935 -0.5777415 0.7737034 -0.2552389 -0.5798588 0.43674 -0.1273055 -0.8905344 0.04764416 -0.5616389 -0.8260096 0.3208956 -0.7515295 -0.5763935 0.749026 0.3242118 0.5777948 -0.3306941 0.747515 0.5760753 -0.1665338 0.3826242 0.9087712 -0.3218483 0.7513804 0.5760566 -0.761424 -0.2805791 0.5843875 -0.4421669 -0.4530394 0.7741084 -0.3974015 0.1179124 0.9100377 -0.7818313 0.2392324 0.575767 -0.2335279 -0.7817185 0.5782568 -0.12408 -0.4108272 0.9032304 -0.2345501 -0.7817935 0.5777415 0.7737034 -0.2552389 0.5798588 0.43674 -0.1273055 0.8905344 0.04764416 -0.5616389 0.8260096 0.3208956 -0.7515295 0.5763935 -0.1597004 0.6887006 -0.7072392 0.4422204 0.6876446 -0.575835 0.6931409 0.1399565 -0.7070841 0.6335657 0.22474 -0.7403286 0.778519 -0.2472919 -0.5768491 0.4510972 -0.2476488 -0.8574272 0.6702797 -0.4522374 -0.5883931 0.3889443 -0.2473421 -0.8874369 0.6453671 -0.5030871 -0.5748084 0.093095 -0.6928534 -0.7150437 0.09902099 -0.7066646 -0.7005855 0.3263364 -0.2387556 -0.9146039 0.675186 -0.4605253 -0.5762293 -0.4553327 -0.676226 -0.579129 -0.2270493 -0.3560656 -0.9064579 -0.4431607 -0.6869496 -0.5759417 -0.6932303 -0.139622 -0.7070625 -0.6931475 -0.1395974 -0.7071486 -0.6931891 -0.1396865 -0.7070902 -0.2156382 -0.3486716 -0.912101 -0.4271951 -0.6982056 -0.5744679 -0.6916921 -0.1464844 -0.7071806 -0.6920383 -0.1461595 -0.7069091 -0.6849849 0.4439438 -0.577676 -0.1477728 0.6922107 -0.7064046 0.4735442 0.668516 -0.5734477 0.2294476 0.3305513 -0.9154723 -0.1595282 0.6885499 -0.7074247 -0.159995 0.6889773 -0.7069031 -0.1597004 0.6887006 0.7072392 0.4422204 0.6876446 0.575835 0.6931409 0.1399565 0.7070841 0.6335657 0.22474 0.7403286 0.778519 -0.2472919 0.5768491 0.4510972 -0.2476488 0.8574272 0.6702797 -0.4522374 0.5883931 0.3889443 -0.2473421 0.8874369 0.6453671 -0.5030871 0.5748084 0.093095 -0.6928534 0.7150437 0.09902099 -0.7066646 0.7005855 0.3263364 -0.2387556 0.9146039 0.675186 -0.4605253 0.5762293 -0.4553327 -0.676226 0.579129 -0.2270493 -0.3560656 0.9064579 -0.4431607 -0.6869496 0.5759417 -0.6932303 -0.139622 0.7070625 -0.6931475 -0.1395974 0.7071486 -0.6931891 -0.1396865 0.7070902 -0.2156382 -0.3486716 0.912101 -0.4271951 -0.6982056 0.5744679 -0.6916921 -0.1464844 0.7071806 -0.6920383 -0.1461595 0.7069091 -0.6849849 0.4439438 0.577676 -0.1477728 0.6922107 0.7064046 0.4735442 0.668516 0.5734477 0.2294476 0.3305513 0.9154723 -0.1595282 0.6885499 0.7074247 -0.159995 0.6889773 0.7069031 -0.4458851 -0.6839826 -0.5773684 0.6839935 -0.4459125 -0.5773343 0.3572193 -0.2328149 -0.9045395 0.1452798 -0.6918391 -0.7072852 0.6839328 -0.4461479 -0.5772244 0.4467654 0.6832176 -0.5775936 0.234151 0.3566259 -0.9044287 0.4483632 0.6823012 -0.5774388 -0.1439309 0.6926907 -0.7067273 -0.1456486 0.6921393 -0.7069156 -0.6842092 0.4455513 -0.5773576 -0.3571735 0.2327252 -0.9045806 -0.6840421 0.4458272 -0.5773426 -0.4458851 -0.6839826 0.5773684 0.6839935 -0.4459125 0.5773343 0.3572193 -0.2328149 0.9045395 0.1452798 -0.6918391 0.7072852 0.6839328 -0.4461479 0.5772244 0.4467654 0.6832176 0.5775936 0.234151 0.3566259 0.9044287 0.4483632 0.6823012 0.5774388 -0.1439309 0.6926907 0.7067273 -0.1456486 0.6921393 0.7069156 -0.6842092 0.4455513 0.5773576 -0.3571735 0.2327252 0.9045806 -0.6840421 0.4458272 0.5773426 -0.7070159 -0.004634761 -0.7071824 -0.707178 -0.004670431 -0.7070201 -0.30295 0.2993501 -0.9047711 -0.580785 0.573992 -0.5772538 -0.7070376 -0.004638784 -0.7071608 -0.7071931 -0.004792567 -0.7070042 -0.5733668 -0.5812655 -0.5773915 0.5811734 -0.5735206 -0.5773315 0.7070461 0.004670073 -0.707152 0.3029836 -0.2995424 -0.9046962 0.5807938 -0.5739793 -0.5772575 0.5735038 0.5811548 -0.5773668 -0.5812053 0.5734917 -0.577328 -0.7070159 -0.004634761 0.7071824 -0.707178 -0.004670431 0.7070201 -0.30295 0.2993501 0.9047711 -0.580785 0.573992 0.5772538 -0.7070376 -0.004638784 0.7071608 -0.7071931 -0.004792567 0.7070042 -0.5733668 -0.5812655 0.5773915 0.5811734 -0.5735206 0.5773315 0.7070461 0.004670073 0.707152 0.3029836 -0.2995424 0.9046962 0.5807938 -0.5739793 0.5772575 0.5735038 0.5811548 0.5773668 -0.5812053 0.5734917 0.577328 0.5739818 0.5807941 -0.5772548 0.5801946 -0.5744979 -0.5773442 -0.5746424 -0.5800644 -0.5773313 -0.7070577 -0.003322006 -0.7071481 -0.7070878 -0.003484549 -0.7071172 -0.7071348 -0.00340366 -0.7070706 -0.7069823 -0.003650526 -0.7072219 -0.7071192 -0.003939327 -0.7070834 -0.7071545 -0.003685903 -0.7070494 -0.7072803 -0.002941662 -0.7069271 -0.7069935 -0.002715282 -0.7072148 -0.7070358 -0.003254234 -0.7071703 -0.7072035 -0.003128813 -0.7070031 -0.7070335 -0.003012191 -0.7071736 -0.5805621 0.5740014 -0.5774687 0.5739818 0.5807941 0.5772548 0.5801946 -0.5744979 0.5773442 -0.5746424 -0.5800644 0.5773313 -0.7070577 -0.003322006 0.7071481 -0.7070878 -0.003484549 0.7071172 -0.7071348 -0.00340366 0.7070706 -0.7069823 -0.003650526 0.7072219 -0.7071192 -0.003939327 0.7070834 -0.7071545 -0.003685903 0.7070494 -0.7072803 -0.002941662 0.7069271 -0.7069935 -0.002715282 0.7072148 -0.7070358 -0.003254234 0.7071703 -0.7072035 -0.003128813 0.7070031 -0.7070335 -0.003012191 0.7071736 -0.5805621 0.5740014 0.5774687 0.5707833 0.5838843 -0.5773088 0.5835359 -0.5711187 -0.5773295 -0.5710978 -0.5835151 -0.5773711 -0.5838427 0.5707421 -0.5773917 0.5707833 0.5838843 0.5773088 0.5835359 -0.5711187 0.5773295 -0.5710978 -0.5835151 0.5773711 -0.5838427 0.5707421 0.5773917 -0.7456688 0.3326086 -0.5773643 0.332451 0.7457434 -0.5773587 0.745747 -0.3324773 -0.5773389 -0.3326364 -0.7456759 -0.5773392 -0.7456688 0.3326086 0.5773643 0.332451 0.7457434 0.5773587 0.745747 -0.3324773 0.5773389 -0.3326364 -0.7456759 0.5773392 -0.3317613 -0.7461604 -0.5772166 -0.7459442 0.3318122 -0.5774668 0.3320597 0.7460332 -0.5772095 0.7458945 -0.331851 -0.5775087 -0.3317613 -0.7461604 0.5772166 -0.7459442 0.3318122 0.5774668 0.3320597 0.7460332 0.5772095 0.7458945 -0.331851 0.5775087 -0.5823059 0.5723686 -0.5773336 -0.5723521 -0.5822891 -0.5773669 0.582307 -0.5723675 -0.5773334 0.5723509 0.5822901 -0.5773671 -0.5823059 0.5723686 0.5773336 -0.5723521 -0.5822891 0.5773669 0.582307 -0.5723675 0.5773334 0.5723509 0.5822901 0.5773671 -0.7843545 -0.2225503 -0.5790158 0.2175427 -0.7876469 -0.5764438 0.7835115 0.2323861 -0.5762867 -0.2372373 0.7809902 -0.5777307 -0.6227576 0.3351213 -0.7070125 -0.7843545 -0.2225503 0.5790158 0.2175427 -0.7876469 0.5764438 0.7835115 0.2323861 0.5762867 -0.2372373 0.7809902 0.5777307 -0.6227576 0.3351213 0.7070125 0.5788916 0.5758019 -0.5773531 -0.5757697 0.5789236 -0.5773532 -0.5789265 -0.5757727 -0.5773473 0.5756977 -0.5789832 -0.5773652 0.7070658 -0.002230232 -0.7071443 0.7071793 -0.002110684 -0.7070311 0.5788916 0.5758019 0.5773531 -0.5757697 0.5789236 0.5773532 -0.5789265 -0.5757727 0.5773473 0.5756977 -0.5789832 0.5773652 0.7070658 -0.002230232 0.7071443 0.7071793 -0.002110684 0.7070311 0.5822245 -0.5724269 -0.5773579 -0.5725179 -0.5821638 -0.5773288 -0.7069564 -0.00614986 -0.7072304 -0.7070017 -0.006766861 -0.7071795 -0.7072043 -0.00659408 -0.7069785 -0.707123 -0.006057692 -0.7070646 -0.7069351 -0.006372363 -0.7072497 -0.7071796 -0.006500858 -0.7070041 -0.7073035 -0.005493451 -0.7068886 -0.7069057 -0.005372052 -0.7072874 -0.7070391 -0.006071104 -0.7071484 -0.7069711 -0.006532601 -0.7072123 -0.7071205 -0.006721893 -0.7070611 -0.707177 -0.006270866 -0.7070087 -0.5824699 0.5721292 -0.5774054 0.5721897 0.5825207 -0.5772942 0.5822245 -0.5724269 0.5773579 -0.5725179 -0.5821638 0.5773288 -0.7069564 -0.00614986 0.7072304 -0.7070017 -0.006766861 0.7071795 -0.7072043 -0.00659408 0.7069785 -0.707123 -0.006057692 0.7070646 -0.7069351 -0.006372363 0.7072497 -0.7071796 -0.006500858 0.7070041 -0.7073035 -0.005493451 0.7068886 -0.7069057 -0.005372052 0.7072874 -0.7070391 -0.006071104 0.7071484 -0.7069711 -0.006532601 0.7072123 -0.7071205 -0.006721893 0.7070611 -0.707177 -0.006270866 0.7070087 -0.5824699 0.5721292 0.5774054 0.5721897 0.5825207 0.5772942 -0.7774329 -0.2474909 -0.5782269 0.240781 -0.7801438 -0.5774082 0.1260132 -0.4078133 -0.9043279 0.2435185 -0.7795094 -0.5771168 0.6248597 -0.3289548 -0.708053 0.6249652 -0.3313785 -0.7068287 0.6259695 -0.3296481 -0.7067491 0.6246007 -0.3300368 -0.707778 0.7805545 0.2401248 -0.5771263 -0.2406357 0.780124 -0.5774955 -0.1257076 0.4080004 -0.9042861 -0.2435458 0.7795514 -0.5770486 -0.7789576 -0.2442808 -0.5775396 -0.4065456 -0.1259897 -0.9049018 -0.1285036 0.4093126 -0.9032995 -0.2389019 0.779807 -0.5786423 -0.6287851 0.3310413 -0.7035915 -0.7774329 -0.2474909 0.5782269 0.240781 -0.7801438 0.5774082 0.1260132 -0.4078133 0.9043279 0.2435185 -0.7795094 0.5771168 0.6248597 -0.3289548 0.708053 0.6249652 -0.3313785 0.7068287 0.6259695 -0.3296481 0.7067491 0.6246007 -0.3300368 0.707778 0.7805545 0.2401248 0.5771263 -0.2406357 0.780124 0.5774955 -0.1257076 0.4080004 0.9042861 -0.2435458 0.7795514 0.5770486 -0.7789576 -0.2442808 0.5775396 -0.4065456 -0.1259897 0.9049018 -0.1285036 0.4093126 0.9032995 -0.2389019 0.779807 0.5786423 -0.6287851 0.3310413 0.7035915 -0.5816174 -0.5730545 -0.5773472 0.5731073 -0.5815684 -0.5773441 0.7070807 -0.005162455 -0.707114 0.2998775 -0.3037627 -0.9043239 0.5735504 -0.5810274 -0.5774488 0.5818389 0.5727806 -0.5773958 0.005324696 0.7072553 -0.7069382 -0.5732617 0.5813835 -0.577377 -0.2994294 0.3037112 -0.9044896 -0.5731691 0.581472 -0.5773799 -0.58314 -0.5711957 -0.5776532 -0.3056283 -0.2993002 -0.9038865 -0.7071151 0.005354498 -0.7070782 -0.5816174 -0.5730545 0.5773472 0.5731073 -0.5815684 0.5773441 0.7070807 -0.005162455 0.707114 0.2998775 -0.3037627 0.9043239 0.5735504 -0.5810274 0.5774488 0.5818389 0.5727806 0.5773958 0.005324696 0.7072553 0.7069382 -0.5732617 0.5813835 0.577377 -0.2994294 0.3037112 0.9044896 -0.5731691 0.581472 0.5773799 -0.58314 -0.5711957 0.5776532 -0.3056283 -0.2993002 0.9038865 -0.7071151 0.005354498 0.7070782 -0.5835312 0.571101 -0.5773517 0.5713497 0.583331 -0.577308 0.5826477 -0.5720921 -0.5772628 0.006654119 -0.7068265 -0.7073557 -0.5711713 -0.5834518 -0.5773625 -0.5835312 0.571101 0.5773517 0.5713497 0.583331 0.577308 0.5826477 -0.5720921 0.5772628 0.006654119 -0.7068265 0.7073557 -0.5711713 -0.5834518 0.5773625 0.4011072 0.7101117 -0.578666 -0.7105703 0.4036763 -0.5763118 -0.3964961 -0.7137302 -0.5773907 0.7149137 -0.3948541 -0.5770516 0.4011072 0.7101117 0.578666 -0.7105703 0.4036763 0.5763118 -0.3964961 -0.7137302 0.5773907 0.7149137 -0.3948541 0.5770516 -0.5645991 -0.5898808 -0.5772941 0.5900201 -0.5643729 -0.577373 0.3083856 -0.2948235 -0.904421 -0.2944827 -0.307863 -0.9047101 -0.5636277 -0.5909829 -0.5771162 0.01685485 -0.7064409 -0.7075713 0.5896817 -0.5647302 -0.5773693 0.5649865 0.5894279 -0.5773777 0.2951571 0.3080277 -0.9044342 0.3092511 -0.2949453 -0.9040857 0.5906919 -0.5634762 -0.5775619 0.5646407 0.5898099 -0.5773259 -0.01018395 0.7053162 -0.7088197 -0.5856303 0.5696873 -0.5766225 -0.3084042 0.2952281 -0.9042827 0.2945193 0.30815 -0.9046004 0.5643924 0.5900089 -0.5773653 -0.5895651 0.5648069 -0.5774133 -0.30737 0.2951412 -0.9046631 -0.5891365 0.5654052 -0.5772652 -0.5645991 -0.5898808 0.5772941 0.5900201 -0.5643729 0.577373 0.3083856 -0.2948235 0.904421 -0.2944827 -0.307863 0.9047101 -0.5636277 -0.5909829 0.5771162 0.01685485 -0.7064409 0.7075713 0.5896817 -0.5647302 0.5773693 0.5649865 0.5894279 0.5773777 0.2951571 0.3080277 0.9044342 0.3092511 -0.2949453 0.9040857 0.5906919 -0.5634762 0.5775619 0.5646407 0.5898099 0.5773259 -0.01018395 0.7053162 0.7088197 -0.5856303 0.5696873 0.5766225 -0.3084042 0.2952281 0.9042827 0.2945193 0.30815 0.9046004 0.5643924 0.5900089 0.5773653 -0.5895651 0.5648069 0.5774133 -0.30737 0.2951412 0.9046631 -0.5891365 0.5654052 0.5772652 -0.3037109 -0.29989 -0.9043372 -0.580871 -0.5737058 -0.5774518 -0.5738227 0.580954 -0.5772521 0.5809256 0.5736656 -0.5774367 0.3032044 0.2998622 -0.9045163 0.5804745 0.5741904 -0.5773687 0.5744606 -0.580194 -0.577382 -0.5802958 -0.5744333 -0.5773068 -0.3037109 -0.29989 0.9043372 -0.580871 -0.5737058 0.5774518 -0.5738227 0.580954 0.5772521 0.5809256 0.5736656 0.5774367 0.3032044 0.2998622 0.9045163 0.5804745 0.5741904 0.5773687 0.5744606 -0.580194 0.577382 -0.5802958 -0.5744333 0.5773068 0.3048765 -0.7166326 -0.6272863 0.717797 -0.2893293 -0.6332899 0.7199345 0.04029989 -0.692871 0.7018288 0.0841824 -0.707354 0.5425963 0.6032409 -0.5845423 0.305803 0.3045237 -0.9020808 0.5769671 0.5768391 -0.5782436 0.3041017 0.29918 -0.904441 0.5820101 0.5726124 -0.5773901 0.3040581 0.2988114 -0.9045775 0.5828415 0.5717279 -0.5774279 -0.5719892 0.5827691 -0.5772422 -0.5845735 -0.5695299 -0.577849 -0.3070875 -0.2990985 -0.9034586 -0.550218 0.2299111 -0.802746 -0.2258716 0.5481591 -0.8052972 0.303269 0.2988513 -0.9048292 0.5824651 0.5721544 -0.5773852 -0.5722839 0.5824228 -0.5772996 -0.5799852 -0.5751348 -0.5769204 -0.3013219 -0.2987539 -0.9055116 -0.5819425 -0.5727765 -0.5772954 -0.3037149 -0.298981 -0.9046367 -0.5821852 -0.5724608 -0.5773638 -0.3040885 -0.2990405 -0.9044916 -0.5821777 -0.5724577 -0.5773745 0.3048765 -0.7166326 0.6272863 0.717797 -0.2893293 0.6332899 0.7199345 0.04029989 0.692871 0.7018288 0.0841824 0.707354 0.5425963 0.6032409 0.5845423 0.305803 0.3045237 0.9020808 0.5769671 0.5768391 0.5782436 0.3041017 0.29918 0.904441 0.5820101 0.5726124 0.5773901 0.3040581 0.2988114 0.9045775 0.5828415 0.5717279 0.5774279 -0.5719892 0.5827691 0.5772422 -0.5845735 -0.5695299 0.577849 -0.3070875 -0.2990985 0.9034586 -0.550218 0.2299111 0.802746 -0.2258716 0.5481591 0.8052972 0.303269 0.2988513 0.9048292 0.5824651 0.5721544 0.5773852 -0.5722839 0.5824228 0.5772996 -0.5799852 -0.5751348 0.5769204 -0.3013219 -0.2987539 0.9055116 -0.5819425 -0.5727765 0.5772954 -0.3037149 -0.298981 0.9046367 -0.5821852 -0.5724608 0.5773638 -0.3040885 -0.2990405 0.9044916 -0.5821777 -0.5724577 0.5773745 0.7070169 0.001854129 -0.7071942 0.7071752 0.001906196 -0.7070358 0.7071222 0.001628723 -0.7070895 0.7073439 0.0008276433 -0.7068691 0.7071068 8.027591e-05 -0.7071068 0.7068513 0.0008802721 -0.7073616 0.7073608 0.0008809103 -0.7068521 0.7071068 8.028383e-05 -0.7071068 0.7068515 0.0008797771 -0.7073615 0.7073606 0.0008804141 -0.7068523 0.7068929 0.0007503258 -0.7073202 0.707032 0.001649636 -0.7071797 0.578454 -0.5763306 -0.5772643 -0.5763815 -0.5782543 -0.5774135 -0.5785555 0.576158 -0.5773348 0.5761392 0.5785428 -0.5773663 0.7070169 0.001854129 0.7071942 0.7071752 0.001906196 0.7070358 0.7071222 0.001628723 0.7070895 0.7073439 0.0008276433 0.7068691 0.7071068 8.027591e-05 0.7071068 0.7068513 0.0008802721 0.7073616 0.7073608 0.0008809103 0.7068521 0.7071068 8.028383e-05 0.7071068 0.7068515 0.0008797771 0.7073615 0.7073606 0.0008804141 0.7068523 0.7068929 0.0007503258 0.7073202 0.707032 0.001649636 0.7071797 0.578454 -0.5763306 0.5772643 -0.5763815 -0.5782543 0.5774135 -0.5785555 0.576158 0.5773348 0.5761392 0.5785428 0.5773663 0.5747139 -0.5791855 -0.5781419 0.5833981 0.5713358 -0.5772538 -0.4088076 0.682106 -0.6063066 -0.7940306 -0.06516511 -0.6043749 -0.3490884 -0.7038002 -0.6187104 0.003350309 -0.7071029 -0.7071027 0.002958307 -0.7069719 -0.7072355 0.5747139 -0.5791855 0.5781419 0.5833981 0.5713358 0.5772538 -0.4088076 0.682106 0.6063066 -0.7940306 -0.06516511 0.6043749 -0.3490884 -0.7038002 0.6187104 0.003350309 -0.7071029 0.7071027 0.002958307 -0.7069719 0.7072355 0.5743294 0.5803514 -0.5773543 -0.579941 0.5746821 -0.5774158 -0.7072421 -0.003229626 -0.706964 -0.3032582 0.2999522 -0.9044684 0.2997544 0.3030315 -0.90461 0.5743619 0.5803291 -0.5773444 -0.5802527 0.5744154 -0.5773679 -0.5757772 -0.5786686 -0.5776013 -0.301595 -0.3031773 -0.9039491 -0.3014196 0.2998466 -0.9051178 -0.5791453 0.5758382 -0.5770625 -0.5741014 -0.5805817 -0.5773495 0.5804117 -0.5742432 -0.5773794 0.303301 -0.2999992 -0.9044385 -0.299717 -0.3030518 -0.9046156 -0.5740385 -0.5807047 -0.5772884 0.5815938 -0.5731738 -0.5772525 0.3031966 -0.298968 -0.9048149 0.5804922 -0.5741557 -0.5773855 0.5734421 0.5814148 -0.5771664 0.2988138 0.3029988 -0.9049321 0.5743294 0.5803514 0.5773543 -0.579941 0.5746821 0.5774158 -0.7072421 -0.003229626 0.706964 -0.3032582 0.2999522 0.9044684 0.2997544 0.3030315 0.90461 0.5743619 0.5803291 0.5773444 -0.5802527 0.5744154 0.5773679 -0.5757772 -0.5786686 0.5776013 -0.301595 -0.3031773 0.9039491 -0.3014196 0.2998466 0.9051178 -0.5791453 0.5758382 0.5770625 -0.5741014 -0.5805817 0.5773495 0.5804117 -0.5742432 0.5773794 0.303301 -0.2999992 0.9044385 -0.299717 -0.3030518 0.9046156 -0.5740385 -0.5807047 0.5772884 0.5815938 -0.5731738 0.5772525 0.3031966 -0.298968 0.9048149 0.5804922 -0.5741557 0.5773855 0.5734421 0.5814148 0.5771664 0.2988138 0.3029988 0.9049321 -0.2157159 0.7874233 -0.577435 -0.787539 -0.2157469 -0.5772657 0.2157157 -0.7874234 -0.5774349 0.7875387 0.215748 -0.5772657 -0.2157159 0.7874233 0.577435 -0.787539 -0.2157469 0.5772657 0.2157157 -0.7874234 0.5774349 0.7875387 0.215748 0.5772657 -0.333487 -0.7452822 -0.5773569 -0.7451285 0.3339637 -0.5772796 -0.2524804 0.660015 -0.7075548 0.3313599 0.7462231 -0.5773663 0.6609487 0.2527827 -0.7065747 0.7449303 -0.3341318 -0.5774381 -0.333487 -0.7452822 0.5773569 -0.7451285 0.3339637 0.5772796 -0.2524804 0.660015 0.7075548 0.3313599 0.7462231 0.5773663 0.6609487 0.2527827 0.7065747 0.7449303 -0.3341318 0.5774381 0.2264585 -0.7845056 -0.5772932 0.7843029 0.2270848 -0.5773226 -0.2264437 0.7843869 -0.5774604 -0.7846611 -0.2258381 -0.577325 0.2264585 -0.7845056 0.5772932 0.7843029 0.2270848 0.5773226 -0.2264437 0.7843869 0.5774604 -0.7846611 -0.2258381 0.577325 0.5757833 0.5786616 -0.5776023 0.5801213 -0.5745745 -0.5773416 0.004043658 -0.7068703 -0.7073317 -0.5725448 -0.5819656 -0.5775019 -0.5818652 0.5730037 -0.5771478 -0.003771105 0.7071897 -0.7070138 -0.3030196 0.3003794 -0.9044066 -0.5799286 0.5746854 -0.5774249 0.574314 0.5803711 -0.5773498 0.3016049 0.3032204 -0.9039313 0.5757833 0.5786616 0.5776023 0.5801213 -0.5745745 0.5773416 0.004043658 -0.7068703 0.7073317 -0.5725448 -0.5819656 0.5775019 -0.5818652 0.5730037 0.5771478 -0.003771105 0.7071897 0.7070138 -0.3030196 0.3003794 0.9044066 -0.5799286 0.5746854 0.5774249 0.574314 0.5803711 0.5773498 0.3016049 0.3032204 0.9039313 0.5659387 0.5885499 -0.5773407 -0.5883628 0.5660831 -0.57739 -0.5665039 -0.587962 -0.5773855 0.5881754 -0.5663848 -0.577285 0.5659387 0.5885499 0.5773407 -0.5883628 0.5660831 0.57739 -0.5665039 -0.587962 0.5773855 0.5881754 -0.5663848 0.577285 -0.5768954 0.5777195 -0.5774356 -0.5788175 -0.5757607 -0.5774685 0.5757543 -0.5790389 -0.5772529 0.7112068 0.01207407 -0.7028792 0.6986058 -0.0007236281 -0.7155064 0.5891734 0.5672889 -0.5753764 -0.5768954 0.5777195 0.5774356 -0.5788175 -0.5757607 0.5774685 0.5757543 -0.5790389 0.5772529 0.7112068 0.01207407 0.7028792 0.6986058 -0.0007236281 0.7155064 0.5891734 0.5672889 0.5753764 -0.5740182 0.5806945 -0.5773188 -0.5807336 -0.573901 -0.577396 -0.004154136 -0.7072022 -0.7069991 -0.004262054 -0.7069514 -0.7072493 -0.004349217 -0.7072086 -0.7069916 0.5739356 -0.58072 -0.5773753 0.7070919 -0.004327853 -0.7071084 0.57926 0.5757602 -0.5770252 0.002397412 0.7063218 -0.7078868 -0.5739871 0.5807944 -0.5772492 -0.2999628 0.3029905 -0.9045546 0.004101801 0.7069388 -0.7072628 0.004261395 0.7071996 -0.7070011 0.004114029 0.7070357 -0.7071658 -0.5740182 0.5806945 0.5773188 -0.5807336 -0.573901 0.577396 -0.004154136 -0.7072022 0.7069991 -0.004262054 -0.7069514 0.7072493 -0.004349217 -0.7072086 0.7069916 0.5739356 -0.58072 0.5773753 0.7070919 -0.004327853 0.7071084 0.57926 0.5757602 0.5770252 0.002397412 0.7063218 0.7078868 -0.5739871 0.5807944 0.5772492 -0.2999628 0.3029905 0.9045546 0.004101801 0.7069388 0.7072628 0.004261395 0.7071996 0.7070011 0.004114029 0.7070357 0.7071658 0.5698219 0.584719 -0.5774138 0.2977984 0.3055906 -0.9043951 0.5701233 0.5844764 -0.5773619 0.7072767 0.008187042 -0.7068894 0.706782 0.008362533 -0.707382 0.7070873 0.009107278 -0.7070676 0.5845645 -0.57006 -0.5773352 -0.5700311 -0.5845606 -0.5773677 -0.584015 0.570741 -0.5772185 -0.3044956 0.2974163 -0.9048901 -0.5847133 0.5699444 -0.5772986 0.5698219 0.584719 0.5774138 0.2977984 0.3055906 0.9043951 0.5701233 0.5844764 0.5773619 0.7072767 0.008187042 0.7068894 0.706782 0.008362533 0.707382 0.7070873 0.009107278 0.7070676 0.5845645 -0.57006 0.5773352 -0.5700311 -0.5845606 0.5773677 -0.584015 0.570741 0.5772185 -0.3044956 0.2974163 0.9048901 -0.5847133 0.5699444 0.5772986 0.5834778 -0.5711378 -0.5773692 0.5711571 0.5834963 -0.5773314 -0.5863133 0.5687114 -0.5768918 -0.7060433 -0.01077775 -0.7080866 -0.5710265 -0.583603 -0.5773528 0.5834778 -0.5711378 0.5773692 0.5711571 0.5834963 0.5773314 -0.5863133 0.5687114 0.5768918 -0.7060433 -0.01077775 0.7080866 -0.5710265 -0.583603 0.5773528 -0.5324761 -0.6125826 -0.5841333 0.5820519 -0.5726259 -0.5773346 0.7071803 0.006195077 -0.7070061 0.3044714 -0.2987356 -0.9044635 0.5824695 -0.5720975 -0.5774372 0.5726391 0.5820198 -0.5773537 -0.5821874 0.5725036 -0.5773192 -0.707025 -0.005960168 -0.7071634 -0.304409 0.2990653 -0.9043755 -0.5816498 0.5728187 -0.5775484 -0.7190278 -0.04949061 -0.693217 -0.5324761 -0.6125826 0.5841333 0.5820519 -0.5726259 0.5773346 0.7071803 0.006195077 0.7070061 0.3044714 -0.2987356 0.9044635 0.5824695 -0.5720975 0.5774372 0.5726391 0.5820198 0.5773537 -0.5821874 0.5725036 0.5773192 -0.707025 -0.005960168 0.7071634 -0.304409 0.2990653 0.9043755 -0.5816498 0.5728187 0.5775484 -0.7190278 -0.04949061 0.693217 0.5800059 -0.5746884 -0.5773442 -0.5749361 -0.5797904 -0.5773141 -0.7068345 -0.00355478 -0.70737 -0.7074045 -0.003422135 -0.7068006 -0.7068394 -0.003273016 -0.7073665 -0.7077474 -0.002066096 -0.7064625 -0.7062021 -0.002851854 -0.7080046 -0.7074759 -0.004469674 -0.7067234 -0.7072848 -0.002687119 -0.7069236 -0.7068448 -0.002913263 -0.7073626 -0.7069537 -0.004159456 -0.7072476 -0.7078279 -0.002322989 -0.7063811 -0.7065579 -0.001752118 -0.7076531 -0.7076497 -0.001754821 -0.7065613 -0.7066052 -0.001605065 -0.7076061 -0.7068686 -0.003887061 -0.7073343 -0.7078279 -0.002322968 -0.7063811 -0.7065506 -0.001774793 -0.7076603 -0.70711 -0.003477064 -0.707095 -0.7076452 -0.00174062 -0.7065658 -0.7063751 -0.002318181 -0.7078339 -0.7078279 -0.002322946 -0.7063811 -0.7066242 -0.001546088 -0.7075873 -0.7069851 -0.003411633 -0.7072202 -0.5802157 0.5745118 -0.5773093 0.5746819 0.5800005 -0.5773562 0.5800059 -0.5746884 0.5773442 -0.5749361 -0.5797904 0.5773141 -0.7068345 -0.00355478 0.70737 -0.7074045 -0.003422135 0.7068006 -0.7068394 -0.003273016 0.7073665 -0.7077474 -0.002066096 0.7064625 -0.7062021 -0.002851854 0.7080046 -0.7074759 -0.004469674 0.7067234 -0.7072848 -0.002687119 0.7069236 -0.7068448 -0.002913263 0.7073626 -0.7069537 -0.004159456 0.7072476 -0.7078279 -0.002322989 0.7063811 -0.7065579 -0.001752118 0.7076531 -0.7076497 -0.001754821 0.7065613 -0.7066052 -0.001605065 0.7076061 -0.7068686 -0.003887061 0.7073343 -0.7078279 -0.002322968 0.7063811 -0.7065506 -0.001774793 0.7076603 -0.70711 -0.003477064 0.707095 -0.7076452 -0.00174062 0.7065658 -0.7063751 -0.002318181 0.7078339 -0.7078279 -0.002322946 0.7063811 -0.7066242 -0.001546088 0.7075873 -0.7069851 -0.003411633 0.7072202 -0.5802157 0.5745118 0.5773093 0.5746819 0.5800005 0.5773562 0.7297476 -0.37388 -0.5724353 0.3569626 -0.1834734 -0.9159232 0.746347 -0.3461546 -0.5684569 0.3437226 0.7322133 -0.5879783 -0.6993439 0.4203197 -0.5781431 -0.4220883 -0.699426 -0.5767536 -0.2150637 -0.3823332 -0.8986484 -0.3941605 -0.7135773 -0.5791761 0.7297476 -0.37388 0.5724353 0.3569626 -0.1834734 0.9159232 0.746347 -0.3461546 0.5684569 0.3437226 0.7322133 0.5879783 -0.6993439 0.4203197 0.5781431 -0.4220883 -0.699426 0.5767536 -0.2150637 -0.3823332 0.8986484 -0.3941605 -0.7135773 0.5791761 0.7143236 -0.3956076 -0.5772663 0.372649 -0.2063384 -0.9047415 0.2032984 0.3721125 -0.9056501 0.3923001 0.7165549 -0.5767579 0.7139467 -0.396171 -0.5773463 -0.3959594 -0.7140339 -0.5773835 -0.2012064 -0.3708858 -0.9066199 0.3777415 -0.2029191 -0.903402 0.718982 -0.3861831 -0.5778646 -0.382861 -0.7211704 -0.577348 -0.1984461 -0.3760203 -0.9051121 0.3797127 -0.2035405 -0.9024353 0.7163531 -0.3917033 -0.5774138 -0.391347 -0.7166052 -0.5773426 -0.7181476 0.3877342 -0.5778635 -0.3776096 0.2044626 -0.9031091 -0.2064877 -0.3741672 -0.9040806 -0.3932221 -0.7152697 -0.5777245 -0.7169226 0.3907402 -0.5773596 0.3913501 0.7166728 -0.5772566 0.1985859 0.3716862 -0.9068699 -0.3777412 0.1963178 -0.9048596 -0.7241088 0.3777394 -0.5770437 0.3805443 0.7224816 -0.5772404 0.1982892 0.3767354 -0.9048491 -0.3773912 0.1975837 -0.9047301 -0.7237131 0.378008 -0.5773641 0.3792672 0.7232144 -0.5771632 0.1983267 0.3771214 -0.90468 -0.3797652 0.2040408 -0.9023002 -0.7148407 0.3948817 -0.5771233 0.3956446 0.7141555 -0.577449 0.7143236 -0.3956076 0.5772663 0.372649 -0.2063384 0.9047415 0.2032984 0.3721125 0.9056501 0.3923001 0.7165549 0.5767579 0.7139467 -0.396171 0.5773463 -0.3959594 -0.7140339 0.5773835 -0.2012064 -0.3708858 0.9066199 0.3777415 -0.2029191 0.903402 0.718982 -0.3861831 0.5778646 -0.382861 -0.7211704 0.577348 -0.1984461 -0.3760203 0.9051121 0.3797127 -0.2035405 0.9024353 0.7163531 -0.3917033 0.5774138 -0.391347 -0.7166052 0.5773426 -0.7181476 0.3877342 0.5778635 -0.3776096 0.2044626 0.9031091 -0.2064877 -0.3741672 0.9040806 -0.3932221 -0.7152697 0.5777245 -0.7169226 0.3907402 0.5773596 0.3913501 0.7166728 0.5772566 0.1985859 0.3716862 0.9068699 -0.3777412 0.1963178 0.9048596 -0.7241088 0.3777394 0.5770437 0.3805443 0.7224816 0.5772404 0.1982892 0.3767354 0.9048491 -0.3773912 0.1975837 0.9047301 -0.7237131 0.378008 0.5773641 0.3792672 0.7232144 0.5771632 0.1983267 0.3771214 0.90468 -0.3797652 0.2040408 0.9023002 -0.7148407 0.3948817 0.5771233 0.3956446 0.7141555 0.577449 0.6365297 0.5113809 -0.5773383 -0.5112668 0.6365852 -0.5773782 -0.6368572 -0.5109277 -0.5773784 0.5110561 -0.6368196 -0.5773062 0.6365297 0.5113809 0.5773383 -0.5112668 0.6365852 0.5773782 -0.6368572 -0.5109277 0.5773784 0.5110561 -0.6368196 0.5773062 0.7182227 -0.3887449 -0.5770906 0.3739474 -0.202472 -0.9050793 0.201235 0.3750842 -0.9048847 0.3859326 0.7196413 -0.577211 0.7190199 -0.3868921 -0.577343 -0.3875157 -0.7187427 -0.57727 -0.1991788 -0.3738184 -0.9058629 0.3785022 -0.2010502 -0.9035015 0.7210495 -0.3822554 -0.5779 -0.3787838 -0.7233304 -0.5773352 -0.1977599 -0.3776719 -0.9045744 0.3783797 -0.1992435 -0.9039529 0.7217818 -0.3815678 -0.5774401 0.2080939 -0.6761166 -0.7067979 -0.3828666 -0.7211549 -0.5773636 -0.7216446 0.3817453 -0.5774942 -0.377439 0.1995114 -0.904287 -0.2012355 -0.3773788 -0.90393 -0.3840278 -0.720323 -0.5776309 -0.721589 0.3820326 -0.5773737 0.3819145 0.7216742 -0.5773454 0.19644 0.3756647 -0.9056972 -0.379929 0.1984337 -0.9034811 -0.7228119 0.3793487 -0.5776136 0.3795347 0.7231356 -0.577086 0.1984385 0.3767932 -0.9047922 -0.3775198 0.198335 -0.904512 -0.7232565 0.3786582 -0.5775102 0.37915 0.7232966 -0.5771371 0.1966751 0.3764347 -0.9053264 -0.3803268 0.2005519 -0.9028458 -0.7189476 0.387275 -0.5771763 -0.2023409 0.6773902 -0.7072487 0.3871756 0.7188249 -0.5773957 0.7182227 -0.3887449 0.5770906 0.3739474 -0.202472 0.9050793 0.201235 0.3750842 0.9048847 0.3859326 0.7196413 0.577211 0.7190199 -0.3868921 0.577343 -0.3875157 -0.7187427 0.57727 -0.1991788 -0.3738184 0.9058629 0.3785022 -0.2010502 0.9035015 0.7210495 -0.3822554 0.5779 -0.3787838 -0.7233304 0.5773352 -0.1977599 -0.3776719 0.9045744 0.3783797 -0.1992435 0.9039529 0.7217818 -0.3815678 0.5774401 0.2080939 -0.6761166 0.7067979 -0.3828666 -0.7211549 0.5773636 -0.7216446 0.3817453 0.5774942 -0.377439 0.1995114 0.904287 -0.2012355 -0.3773788 0.90393 -0.3840278 -0.720323 0.5776309 -0.721589 0.3820326 0.5773737 0.3819145 0.7216742 0.5773454 0.19644 0.3756647 0.9056972 -0.379929 0.1984337 0.9034811 -0.7228119 0.3793487 0.5776136 0.3795347 0.7231356 0.577086 0.1984385 0.3767932 0.9047922 -0.3775198 0.198335 0.904512 -0.7232565 0.3786582 0.5775102 0.37915 0.7232966 0.5771371 0.1966751 0.3764347 0.9053264 -0.3803268 0.2005519 0.9028458 -0.7189476 0.387275 0.5771763 -0.2023409 0.6773902 0.7072487 0.3871756 0.7188249 0.5773957 -0.5577388 -0.5961925 -0.5774789 -0.5970882 0.5568811 -0.5773813 0.551232 0.60148 -0.5782432 0.601866 -0.5527855 -0.5763554 0.02299711 -0.7068305 -0.707009 -0.5577388 -0.5961925 0.5774789 -0.5970882 0.5568811 0.5773813 0.551232 0.60148 0.5782432 0.601866 -0.5527855 0.5763554 0.02299711 -0.7068305 0.707009 0.5175192 -0.6336816 -0.5749969 0.6155441 0.5376042 -0.5762701 0.308531 0.2366649 -0.9213026 0.6597748 0.487738 -0.571672 -0.5240734 0.626484 -0.5769444 -0.6036028 -0.5543556 -0.5730214 -0.2969889 -0.2660953 -0.9170555 -0.154786 0.2903909 -0.9443063 -0.3980648 0.7270715 -0.5593849 -0.6337288 -0.5126663 -0.5792763 0.5175192 -0.6336816 0.5749969 0.6155441 0.5376042 0.5762701 0.308531 0.2366649 0.9213026 0.6597748 0.487738 0.571672 -0.5240734 0.626484 0.5769444 -0.6036028 -0.5543556 0.5730214 -0.2969889 -0.2660953 0.9170555 -0.154786 0.2903909 0.9443063 -0.3980648 0.7270715 0.5593849 -0.6337288 -0.5126663 0.5792763 0.4504324 -0.681027 -0.5773325 0.681268 0.4499311 -0.5774391 -0.450099 0.6813197 -0.5772472 -0.680936 -0.450506 -0.5773824 0.4504324 -0.681027 0.5773325 0.681268 0.4499311 0.5774391 -0.450099 0.6813197 0.5772472 -0.680936 -0.450506 0.5773824 0.4951364 -0.6492275 -0.5773591 0.6490926 0.4953747 -0.5773065 -0.4957406 0.6487896 -0.577333 -0.6489152 -0.4954951 -0.5774025 0.4951364 -0.6492275 0.5773591 0.6490926 0.4953747 0.5773065 -0.4957406 0.6487896 0.577333 -0.6489152 -0.4954951 0.5774025 -0.2500746 0.3536217 -0.9013403 -0.462509 0.6728464 -0.5773761 0.6702061 0.4657263 -0.5778605 0.3814278 0.2403058 -0.8926175 0.6931946 0.4258155 -0.5815174 0.3505685 0.2374792 -0.9059279 -0.2413697 0.3504322 -0.9049519 -0.4647844 0.6712365 -0.5774227 0.6709154 0.4653271 -0.5773589 0.4661685 -0.6702254 -0.5774815 0.2436274 -0.3524767 -0.9035518 0.4642411 -0.6712704 -0.5778203 0.2437523 -0.352944 -0.9033357 0.462411 -0.6726704 -0.5776596 -0.6710015 -0.4650922 -0.5774481 -0.4726438 0.6647732 -0.5785192 -0.2500746 0.3536217 0.9013403 -0.462509 0.6728464 0.5773761 0.6702061 0.4657263 0.5778605 0.3814278 0.2403058 0.8926175 0.6931946 0.4258155 0.5815174 0.3505685 0.2374792 0.9059279 -0.2413697 0.3504322 0.9049519 -0.4647844 0.6712365 0.5774227 0.6709154 0.4653271 0.5773589 0.4661685 -0.6702254 0.5774815 0.2436274 -0.3524767 0.9035518 0.4642411 -0.6712704 0.5778203 0.2437523 -0.352944 0.9033357 0.462411 -0.6726704 0.5776596 -0.6710015 -0.4650922 0.5774481 -0.4726438 0.6647732 0.5785192 -0.4274962 -0.6955608 -0.5774446 -0.6958639 0.4271833 -0.5773108 0.4273455 0.6957216 -0.5773623 0.6955464 -0.427737 -0.5772835 -0.4274962 -0.6955608 0.5774446 -0.6958639 0.4271833 0.5773108 0.4273455 0.6957216 0.5773623 0.6955464 -0.427737 0.5772835 0.2837907 0.317471 -0.9048066 0.5434778 0.6093473 -0.5773454 0.6088754 -0.5441027 -0.5772547 0.3175752 -0.2835545 -0.9048441 0.6096786 -0.543122 -0.5773305 0.04302698 -0.7050119 -0.7078891 -0.5416673 -0.6113549 -0.5769244 -0.2841381 -0.3180107 -0.904508 0.3181127 -0.2854692 -0.9040529 0.608155 -0.5444442 -0.5776919 0.0417339 -0.7057376 -0.707243 -0.5392818 -0.612667 -0.5777666 -0.2850555 -0.3218134 -0.9028729 -0.5445748 -0.608192 -0.5775299 -0.7035389 -0.04639396 -0.7091408 -0.2880043 -0.3245775 -0.9009456 -0.5508086 -0.6026712 -0.5774057 -0.2877802 -0.3149356 -0.9044325 -0.5492298 -0.6038842 -0.5776422 -0.6067053 0.5461603 -0.5775964 -0.0385615 0.7061105 -0.7070509 0.5437755 0.608867 -0.5775718 0.6086864 -0.544541 -0.5770407 0.3175934 -0.2905113 -0.9026282 0.6041035 -0.5479168 -0.5786589 0.3196268 -0.2845843 -0.9037978 0.2837907 0.317471 0.9048066 0.5434778 0.6093473 0.5773454 0.6088754 -0.5441027 0.5772547 0.3175752 -0.2835545 0.9048441 0.6096786 -0.543122 0.5773305 0.04302698 -0.7050119 0.7078891 -0.5416673 -0.6113549 0.5769244 -0.2841381 -0.3180107 0.904508 0.3181127 -0.2854692 0.9040529 0.608155 -0.5444442 0.5776919 0.0417339 -0.7057376 0.707243 -0.5392818 -0.612667 0.5777666 -0.2850555 -0.3218134 0.9028729 -0.5445748 -0.608192 0.5775299 -0.7035389 -0.04639396 0.7091408 -0.2880043 -0.3245775 0.9009456 -0.5508086 -0.6026712 0.5774057 -0.2877802 -0.3149356 0.9044325 -0.5492298 -0.6038842 0.5776422 -0.6067053 0.5461603 0.5775964 -0.0385615 0.7061105 0.7070509 0.5437755 0.608867 0.5775718 0.6086864 -0.544541 0.5770407 0.3175934 -0.2905113 0.9026282 0.6041035 -0.5479168 0.5786589 0.3196268 -0.2845843 0.9037978 0.3597975 0.7350642 -0.5746533 -0.7306951 0.3595198 -0.5803707 -0.3955546 -0.7124306 -0.5796372 0.7161592 -0.395704 -0.5749212 0.3597975 0.7350642 0.5746533 -0.7306951 0.3595198 0.5803707 -0.3955546 -0.7124306 0.5796372 0.7161592 -0.395704 0.5749212 0.6621689 0.477739 -0.5773195 -0.4777386 0.6621188 -0.5773773 -0.6622244 -0.4776348 -0.577342 0.477134 -0.6625068 -0.5774322 0.247901 -0.3459514 -0.9049104 0.4761248 -0.6635113 -0.5771117 0.6621689 0.477739 0.5773195 -0.4777386 0.6621188 0.5773773 -0.6622244 -0.4776348 0.577342 0.477134 -0.6625068 0.5774322 0.247901 -0.3459514 0.9049104 0.4761248 -0.6635113 0.5771117 0.6768635 0.2150691 -0.7039894 0.7170422 -0.3918411 -0.5764642 0.1925108 -0.6806698 -0.7068438 -0.382239 -0.719557 -0.5797681 -0.7254055 0.3769371 -0.5759386 0.37531 0.7239005 -0.5788873 0.6768635 0.2150691 0.7039894 0.7170422 -0.3918411 0.5764642 0.1925108 -0.6806698 0.7068438 -0.382239 -0.719557 0.5797681 -0.7254055 0.3769371 0.5759386 0.37531 0.7239005 0.5788873 -0.5567924 -0.5972187 -0.5773318 -0.5968588 0.5572139 -0.5772974 0.557149 0.5968149 -0.5774054 0.5972127 -0.556763 -0.5773665 -0.5567924 -0.5972187 0.5773318 -0.5968588 0.5572139 0.5772974 0.557149 0.5968149 0.5774054 0.5972127 -0.556763 0.5773665 -0.6772191 0.4563394 -0.5771729 0.456542 0.6768226 -0.5774778 0.6772888 -0.456066 -0.5773073 -0.455689 -0.6774264 -0.5774435 -0.6772191 0.4563394 0.5771729 0.456542 0.6768226 0.5774778 0.6772888 -0.456066 0.5773073 -0.455689 -0.6774264 0.5774435 -0.705938 0.4102052 -0.5773935 0.4092931 0.7064288 -0.5774405 0.7064258 -0.4096011 -0.5772257 -0.4104554 -0.705835 -0.5773416 -0.705938 0.4102052 0.5773935 0.4092931 0.7064288 0.5774405 0.7064258 -0.4096011 0.5772257 -0.4104554 -0.705835 0.5773416 -0.4448208 -0.6847041 -0.5773342 -0.6846621 0.4448519 -0.57736 0.4450395 0.6845787 -0.5773144 0.684559 -0.4449684 -0.5773925 -0.4448208 -0.6847041 0.5773342 -0.6846621 0.4448519 0.57736 0.4450395 0.6845787 0.5773144 0.684559 -0.4449684 0.5773925 0.04828216 -0.4211266 -0.9057159 0.09079322 -0.812017 -0.5765284 -0.8120603 -0.08469346 -0.5773951 -0.08571896 0.8119217 -0.5774387 -0.04534257 0.4236907 -0.9046713 -0.08630542 0.8120204 -0.5772125 0.8118808 0.08601236 -0.5774526 0.4249504 0.04466794 -0.9041139 0.8124939 0.08226177 -0.5771366 0.4234518 0.04269331 -0.9049121 0.6348521 0.4233107 -0.646352 0.7728396 -0.1539176 -0.6156528 0.3348696 -0.7082514 -0.621484 -0.256943 -0.7241474 -0.6399929 0.04828216 -0.4211266 0.9057159 0.09079322 -0.812017 0.5765284 -0.8120603 -0.08469346 0.5773951 -0.08571896 0.8119217 0.5774387 -0.04534257 0.4236907 0.9046713 -0.08630542 0.8120204 0.5772125 0.8118808 0.08601236 0.5774526 0.4249504 0.04466794 0.9041139 0.8124939 0.08226177 0.5771366 0.4234518 0.04269331 0.9049121 0.6348521 0.4233107 0.646352 0.7728396 -0.1539176 0.6156528 0.3348696 -0.7082514 0.621484 -0.256943 -0.7241474 0.6399929 -0.7092799 0.4041279 -0.5775835 0.3923725 0.7148627 -0.5788049 0.7165981 -0.3934695 -0.575907 -0.4043952 -0.7094934 -0.577134 -0.7092799 0.4041279 0.5775835 0.3923725 0.7148627 0.5788049 0.7165981 -0.3934695 0.575907 -0.4043952 -0.7094934 0.577134 -0.4459144 -0.683961 -0.5773714 -0.683986 0.4459307 -0.5773292 0.4459139 0.6839613 -0.5773714 0.6839864 -0.4459302 -0.5773291 -0.4459144 -0.683961 0.5773714 -0.683986 0.4459307 0.5773292 0.4459139 0.6839613 0.5773714 0.6839864 -0.4459302 0.5773291 -0.2413018 0.3520724 -0.9043332 -0.4611385 0.6737915 -0.5773701 0.673487 0.4615504 -0.5773964 0.6951324 -0.129342 -0.7071504 0.4619281 -0.6732956 -0.5773175 -0.6733809 -0.4617528 -0.5773582 -0.3516925 -0.2411657 -0.9045173 -0.6733352 -0.4618089 -0.5773667 -0.6951605 0.1294218 -0.7071081 -0.4620436 0.6731718 -0.5773694 -0.2413018 0.3520724 0.9043332 -0.4611385 0.6737915 0.5773701 0.673487 0.4615504 0.5773964 0.6951324 -0.129342 0.7071504 0.4619281 -0.6732956 0.5773175 -0.6733809 -0.4617528 0.5773582 -0.3516925 -0.2411657 0.9045173 -0.6733352 -0.4618089 0.5773667 -0.6951605 0.1294218 0.7071081 -0.4620436 0.6731718 0.5773694 -0.7242265 0.3779702 -0.5767447 0.3775673 0.7234663 -0.5779614 0.7259325 -0.3737978 -0.577319 -0.3737826 -0.7258911 -0.5773809 -0.7242265 0.3779702 0.5767447 0.3775673 0.7234663 0.5779614 0.7259325 -0.3737978 0.577319 -0.3737826 -0.7258911 0.5773809 0.5465131 0.6045014 -0.5795701 0.609159 -0.5454476 -0.5756841 0.3128682 -0.2878038 -0.9051422 0.5992406 -0.555276 -0.5766969 -0.562325 -0.59257 -0.5767595 -0.2891413 -0.3069929 -0.9067264 -0.5552262 -0.598817 -0.5771847 -0.5960547 0.5584075 -0.5769748 -0.02069592 0.7067462 -0.7071644 0.5465131 0.6045014 0.5795701 0.609159 -0.5454476 0.5756841 0.3128682 -0.2878038 0.9051422 0.5992406 -0.555276 0.5766969 -0.562325 -0.59257 0.5767595 -0.2891413 -0.3069929 0.9067264 -0.5552262 -0.598817 0.5771847 -0.5960547 0.5584075 0.5769748 -0.02069592 0.7067462 0.7071644 -0.670759 0.4654526 -0.5774394 0.4652055 0.6710433 -0.5773082 0.6709468 -0.4652556 -0.5773799 -0.4655985 -0.6708004 -0.5772736 -0.670759 0.4654526 0.5774394 0.4652055 0.6710433 0.5773082 0.6709468 -0.4652556 0.5773799 -0.4655985 -0.6708004 0.5772736 0.3938624 0.7153238 -0.5772211 0.206463 0.3733972 -0.9044045 -0.3725177 0.2051334 -0.9050695 -0.7162093 0.3920198 -0.5773775 0.3924194 0.7160772 -0.5772698 0.6790145 0.1975204 -0.7070537 0.6787262 0.1977681 -0.7072613 0.7160837 -0.3922875 -0.5773513 -0.3930332 -0.7157605 -0.577245 -0.2052159 -0.3734059 -0.9046847 -0.3925336 -0.7159205 -0.5773866 -0.7158822 0.3927493 -0.5772873 -0.3737311 0.2053653 -0.9045165 -0.2055835 -0.3737613 -0.9044545 -0.3933496 -0.7154566 -0.5774063 -0.7157118 0.3929621 -0.5773538 0.3938624 0.7153238 0.5772211 0.206463 0.3733972 0.9044045 -0.3725177 0.2051334 0.9050695 -0.7162093 0.3920198 0.5773775 0.3924194 0.7160772 0.5772698 0.6790145 0.1975204 0.7070537 0.6787262 0.1977681 0.7072613 0.7160837 -0.3922875 0.5773513 -0.3930332 -0.7157605 0.577245 -0.2052159 -0.3734059 0.9046847 -0.3925336 -0.7159205 0.5773866 -0.7158822 0.3927493 0.5772873 -0.3737311 0.2053653 0.9045165 -0.2055835 -0.3737613 0.9044545 -0.3933496 -0.7154566 0.5774063 -0.7157118 0.3929621 0.5773538 0.6019624 0.5558663 -0.5732834 -0.5773328 0.5773677 -0.5773503 -0.3015017 0.3015206 -0.9045342 -0.5726602 0.5812264 -0.5781316 -0.5820096 -0.5734317 -0.5765769 -0.3015211 -0.3015019 -0.9045339 -0.5773681 -0.5773325 -0.5773502 0.4902762 -0.6392814 -0.5924091 0.7159424 -0.1235737 -0.6871361 0.6019624 0.5558663 0.5732834 -0.5773328 0.5773677 0.5773503 -0.3015017 0.3015206 0.9045342 -0.5726602 0.5812264 0.5781316 -0.5820096 -0.5734317 0.5765769 -0.3015211 -0.3015019 0.9045339 -0.5773681 -0.5773325 0.5773502 0.4902762 -0.6392814 0.5924091 0.7159424 -0.1235737 0.6871361 -0.387167 -0.7189778 -0.5772111 -0.7184103 0.3879962 -0.5773609 0.3879485 0.718447 -0.5773473 0.7188372 -0.3870239 -0.577482 -0.387167 -0.7189778 0.5772111 -0.7184103 0.3879962 0.5773609 0.3879485 0.718447 0.5773473 0.7188372 -0.3870239 0.577482 -0.6387132 -0.5137719 -0.5727861 0.5155765 -0.6295635 -0.581232 0.2642832 -0.3406717 -0.9022733 0.4884946 -0.6517586 -0.5801584 0.6601344 0.482252 -0.5758955 0.3379962 0.2447033 -0.9087788 0.2653826 -0.3547697 -0.8964991 0.4962771 -0.6463335 -0.5796224 0.6585875 0.4824673 -0.577484 0.1122593 0.6969277 -0.7083006 -0.4789957 0.6617921 -0.5767099 -0.6387132 -0.5137719 0.5727861 0.5155765 -0.6295635 0.581232 0.2642832 -0.3406717 0.9022733 0.4884946 -0.6517586 0.5801584 0.6601344 0.482252 0.5758955 0.3379962 0.2447033 0.9087788 0.2653826 -0.3547697 0.8964991 0.4962771 -0.6463335 0.5796224 0.6585875 0.4824673 0.577484 0.1122593 0.6969277 0.7083006 -0.4789957 0.6617921 0.5767099 0.6699108 0.4668404 -0.5773036 0.4682569 -0.6686297 -0.5776416 0.2453829 -0.3504464 -0.9038664 0.4665614 -0.6700438 -0.5773749 -0.6696001 -0.4671424 -0.5774198 -0.3483971 -0.2443155 -0.9049472 -0.6694301 -0.4679005 -0.577003 -0.4662808 0.6701537 -0.577474 0.6699108 0.4668404 0.5773036 0.4682569 -0.6686297 0.5776416 0.2453829 -0.3504464 0.9038664 0.4665614 -0.6700438 0.5773749 -0.6696001 -0.4671424 0.5774198 -0.3483971 -0.2443155 0.9049472 -0.6694301 -0.4679005 0.577003 -0.4662808 0.6701537 0.577474 0.8127437 0.06700436 -0.5787556 0.07802125 -0.8127449 -0.577372 0.04085788 -0.4244075 -0.904549 0.06467077 -0.8151724 -0.5755967 -0.4695706 -0.5294199 -0.7065537 -0.6069572 -0.4398013 -0.66195 -0.7183125 -0.180473 -0.6719052 -0.7417636 0.0905828 -0.664516 -0.6237123 0.4359825 -0.6487698 -0.3147764 0.6854931 -0.6565173 -0.01153411 0.7415536 -0.6707944 0.2793367 0.6973924 -0.6600113 -0.06169119 0.4416468 -0.8950655 -0.3578943 0.6910341 -0.6279997 0.2461172 0.7365062 -0.6300674 0.8127437 0.06700436 0.5787556 0.07802125 -0.8127449 0.577372 0.04085788 -0.4244075 0.904549 0.06467077 -0.8151724 0.5755967 -0.4695706 -0.5294199 0.7065537 -0.6069572 -0.4398013 0.66195 -0.7183125 -0.180473 0.6719052 -0.7417636 0.0905828 0.664516 -0.6237123 0.4359825 0.6487698 -0.3147764 0.6854931 0.6565173 -0.01153411 0.7415536 0.6707944 0.2793367 0.6973924 0.6600113 -0.06169119 0.4416468 0.8950655 -0.3578943 0.6910341 0.6279997 0.2461172 0.7365062 0.6300674 0.402618 -0.7103092 -0.577373 0.2103364 -0.3709504 -0.9045189 0.4030509 -0.7100359 -0.5774071 -0.7100106 -0.4032276 -0.5773149 -0.4031329 0.7100157 -0.5773747 0.7102116 0.4029112 -0.5772885 0.402618 -0.7103092 0.577373 0.2103364 -0.3709504 0.9045189 0.4030509 -0.7100359 0.5774071 -0.7100106 -0.4032276 0.5773149 -0.4031329 0.7100157 0.5773747 0.7102116 0.4029112 0.5772885 -0.7705386 -0.2699736 -0.5773946 -0.2714995 0.7699094 -0.5775184 0.7698672 0.2721588 -0.5772643 0.2706135 -0.7704419 -0.5772241 -0.7705386 -0.2699736 0.5773946 -0.2714995 0.7699094 0.5775184 0.7698672 0.2721588 0.5772643 0.2706135 -0.7704419 0.5772241 -0.05588972 0.8144577 -0.5775249 0.814545 0.05689206 -0.5773039 0.0564657 -0.8145477 -0.5773418 -0.8146942 -0.0554794 -0.5772308 -0.05588972 0.8144577 0.5775249 0.814545 0.05689206 0.5773039 0.0564657 -0.8145477 0.5773418 -0.8146942 -0.0554794 0.5772308 -0.5848856 -0.5696984 -0.5773669 -0.5698923 0.584695 -0.5773686 0.5848825 0.5697659 -0.5773034 0.5695422 -0.5850425 -0.5773621 -0.5848856 -0.5696984 0.5773669 -0.5698923 0.584695 0.5773686 0.5848825 0.5697659 0.5773034 0.5695422 -0.5850425 0.5773621 0.4842813 0.6574264 -0.5772886 0.6573561 -0.4842296 -0.577412 -0.4842821 -0.657426 -0.5772885 -0.6573556 0.4842302 -0.5774121 0.4842813 0.6574264 0.5772886 0.6573561 -0.4842296 0.577412 -0.4842821 -0.657426 0.5772885 -0.6573556 0.4842302 0.5774121 0.6711361 0.4650312 -0.5773407 0.4653988 -0.6708107 -0.5774226 -0.6704729 -0.4659603 -0.5773622 -0.4655948 0.6708013 -0.5772756 0.6711361 0.4650312 0.5773407 0.4653988 -0.6708107 0.5774226 -0.6704729 -0.4659603 0.5773622 -0.4655948 0.6708013 0.5772756 -0.7180904 0.3888195 -0.5772049 0.3888258 0.7178648 -0.5774813 0.7182654 -0.3883598 -0.5772967 -0.3882195 -0.7182434 -0.5774184 -0.7180904 0.3888195 0.5772049 0.3888258 0.7178648 0.5774813 0.7182654 -0.3883598 0.5772967 -0.3882195 -0.7182434 0.5774184 -0.5488731 0.6049009 -0.576917 -0.5912098 -0.5654931 -0.5750553 -0.29886 -0.2775467 -0.9130447 -0.6085845 -0.5465388 -0.5752567 0.55524 -0.5982575 -0.5777512 0.6146772 0.5340789 -0.5804582 0.332117 0.2849098 -0.89918 0.6072512 0.545872 -0.5772952 -0.5488731 0.6049009 0.576917 -0.5912098 -0.5654931 0.5750553 -0.29886 -0.2775467 0.9130447 -0.6085845 -0.5465388 0.5752567 0.55524 -0.5982575 0.5777512 0.6146772 0.5340789 0.5804582 0.332117 0.2849098 0.89918 0.6072512 0.545872 0.5772952 -0.7170427 0.3906047 -0.5773021 0.3913487 0.7166467 -0.5772899 0.7164709 -0.3915405 -0.5773781 -0.3907829 -0.7168417 -0.577431 -0.7170427 0.3906047 0.5773021 0.3913487 0.7166467 0.5772899 0.7164709 -0.3915405 0.5773781 -0.3907829 -0.7168417 0.577431 -0.5886585 -0.5649032 -0.5782435 -0.5663799 0.5888666 -0.5765847 -0.2934905 0.3130969 -0.9032351 -0.5528342 0.6012806 -0.5769194 0.6045222 0.5490541 -0.5771417 0.55931 -0.5926502 -0.5796017 0.2989942 -0.3018315 -0.9052625 0.565528 -0.5910028 -0.5752336 0.2873188 -0.2954465 -0.9111308 0.57427 -0.5826507 -0.5750932 -0.5886585 -0.5649032 0.5782435 -0.5663799 0.5888666 0.5765847 -0.2934905 0.3130969 0.9032351 -0.5528342 0.6012806 0.5769194 0.6045222 0.5490541 0.5771417 0.55931 -0.5926502 0.5796017 0.2989942 -0.3018315 0.9052625 0.565528 -0.5910028 0.5752336 0.2873188 -0.2954465 0.9111308 0.57427 -0.5826507 0.5750932 0.5046651 0.5355808 -0.6771014 0.624586 0.3837484 -0.6801687 0.6977832 0.2212532 -0.6812824 0.2328159 0.3504972 -0.9071651 0.4439933 0.6852183 -0.5773611 0.2338269 0.3584522 -0.9037904 0.4467834 0.6832294 -0.5775657 0.6834841 -0.4469499 -0.5771355 0.3561648 -0.2333078 -0.9048282 0.6835545 -0.4465685 -0.5773472 0.3565254 -0.2317165 -0.9050951 0.7323619 0.05767966 -0.6784682 0.7197333 -0.1131073 -0.6849749 0.6830502 -0.2446559 -0.6881758 0.6275458 -0.3707593 -0.684634 0.5508832 -0.4652075 -0.6928995 0.4744566 -0.5509508 -0.686545 0.3741083 -0.6183871 -0.6911153 0.2673402 -0.6763186 -0.6863836 0.1508064 -0.7065234 -0.6914348 0.02832471 -0.7277319 -0.6852766 -0.1020107 -0.7170252 -0.6895424 -0.2153844 -0.6915803 -0.6894391 -0.3076846 -0.6508717 -0.6940434 -0.3951018 -0.6062093 -0.6902209 -0.4869108 -0.536747 -0.6890722 -0.5608203 -0.4550526 -0.6916702 -0.6188452 -0.3722605 -0.6917028 -0.6917149 -0.245836 -0.6790399 -0.2337 -0.3586921 -0.903728 -0.4672816 -0.671935 -0.5745879 -0.664286 0.4726811 -0.5790482 -0.2073453 0.6430256 -0.7372421 -0.2235711 0.6995269 -0.6787327 -0.03599837 0.7329475 -0.6793321 0.1572447 0.7181984 -0.6778386 0.3416736 0.6502233 -0.6785785 0.5046651 0.5355808 0.6771014 0.624586 0.3837484 0.6801687 0.6977832 0.2212532 0.6812824 0.2328159 0.3504972 0.9071651 0.4439933 0.6852183 0.5773611 0.2338269 0.3584522 0.9037904 0.4467834 0.6832294 0.5775657 0.6834841 -0.4469499 0.5771355 0.3561648 -0.2333078 0.9048282 0.6835545 -0.4465685 0.5773472 0.3565254 -0.2317165 0.9050951 0.7323619 0.05767966 0.6784682 0.7197333 -0.1131073 0.6849749 0.6830502 -0.2446559 0.6881758 0.6275458 -0.3707593 0.684634 0.5508832 -0.4652075 0.6928995 0.4744566 -0.5509508 0.686545 0.3741083 -0.6183871 0.6911153 0.2673402 -0.6763186 0.6863836 0.1508064 -0.7065234 0.6914348 0.02832471 -0.7277319 0.6852766 -0.1020107 -0.7170252 0.6895424 -0.2153844 -0.6915803 0.6894391 -0.3076846 -0.6508717 0.6940434 -0.3951018 -0.6062093 0.6902209 -0.4869108 -0.536747 0.6890722 -0.5608203 -0.4550526 0.6916702 -0.6188452 -0.3722605 0.6917028 -0.6917149 -0.245836 0.6790399 -0.2337 -0.3586921 0.903728 -0.4672816 -0.671935 0.5745879 -0.664286 0.4726811 0.5790482 -0.2073453 0.6430256 0.7372421 -0.2235711 0.6995269 0.6787327 -0.03599837 0.7329475 0.6793321 0.1572447 0.7181984 0.6778386 0.3416736 0.6502233 0.6785785 -0.4705871 0.6675058 -0.5770475 -0.6671551 -0.4703399 -0.5776543 0.4705876 -0.6675055 -0.5770474 0.6671548 0.4703403 -0.5776543 -0.4705871 0.6675058 0.5770475 -0.6671551 -0.4703399 0.5776543 0.4705876 -0.6675055 0.5770474 0.6671548 0.4703403 0.5776543 -0.3821447 -0.7215279 -0.5773759 -0.7215599 0.3821617 -0.5773246 0.3821439 0.7215282 -0.577376 0.7215604 -0.3821609 -0.5773245 -0.3821447 -0.7215279 0.5773759 -0.7215599 0.3821617 0.5773246 0.3821439 0.7215282 0.577376 0.7215604 -0.3821609 0.5773245 -0.4231257 -0.654193 -0.6268941 -0.7152689 -0.2445051 -0.6546813 -0.7257248 0.00888729 -0.6879277 -0.358846 -0.2680685 -0.8940743 -0.6744878 -0.4600265 -0.5774442 -0.4605691 0.6742116 -0.5773342 0.6741922 0.4605571 -0.5773665 0.4612879 -0.6736177 -0.5774536 0.2389696 -0.3687888 -0.8982697 0.6835183 -0.2768861 -0.6753791 0.4981054 -0.5844516 -0.6405524 0.0805259 -0.7537424 -0.6522178 -0.4231257 -0.654193 0.6268941 -0.7152689 -0.2445051 0.6546813 -0.7257248 0.00888729 0.6879277 -0.358846 -0.2680685 0.8940743 -0.6744878 -0.4600265 0.5774442 -0.4605691 0.6742116 0.5773342 0.6741922 0.4605571 0.5773665 0.4612879 -0.6736177 0.5774536 0.2389696 -0.3687888 0.8982697 0.6835183 -0.2768861 0.6753791 0.4981054 -0.5844516 0.6405524 0.0805259 -0.7537424 0.6522178 0.4513928 -0.6800582 -0.5777242 -0.6812192 -0.4507841 -0.5768311 -0.5538184 0.5780816 -0.5992552 -0.343895 0.2388738 -0.9081164 -0.6959272 -0.1323424 -0.7058122 -0.6766475 0.4555238 -0.5784861 0.4498795 0.6815243 -0.5771768 0.6808351 -0.4506454 -0.5773927 0.3672718 -0.3679536 -0.8542374 0.4513928 -0.6800582 0.5777242 -0.6812192 -0.4507841 0.5768311 -0.5538184 0.5780816 0.5992552 -0.343895 0.2388738 0.9081164 -0.6959272 -0.1323424 0.7058122 -0.6766475 0.4555238 0.5784861 0.4498795 0.6815243 0.5771768 0.6808351 -0.4506454 0.5773927 0.3672718 -0.3679536 0.8542374 -0.6476234 0.4972085 -0.57738 -0.3382277 0.259263 -0.9046462 -0.6480499 0.4967446 -0.5773007 0.4959666 0.6484579 -0.5775115 0.2592883 0.3392512 -0.9042556 -0.05183558 0.7181554 -0.6939495 0.1128019 0.7320357 -0.6718627 0.3282416 0.6594741 -0.6762776 0.553473 0.5073896 -0.6604721 0.6813842 0.2753962 -0.678139 0.7368872 0.06573368 -0.6728123 0.7163904 -0.2399094 -0.6551552 0.5100133 -0.5583664 -0.6543037 0.2114696 -0.7157037 -0.6656191 0.3251569 -0.2604835 -0.9090772 0.647626 -0.4970905 -0.5774786 -0.4969165 -0.6479497 -0.5772652 -0.6476234 0.4972085 0.57738 -0.3382277 0.259263 0.9046462 -0.6480499 0.4967446 0.5773007 0.4959666 0.6484579 0.5775115 0.2592883 0.3392512 0.9042556 -0.05183558 0.7181554 0.6939495 0.1128019 0.7320357 0.6718627 0.3282416 0.6594741 0.6762776 0.553473 0.5073896 0.6604721 0.6813842 0.2753962 0.678139 0.7368872 0.06573368 0.6728123 0.7163904 -0.2399094 0.6551552 0.5100133 -0.5583664 0.6543037 0.2114696 -0.7157037 0.6656191 0.3251569 -0.2604835 0.9090772 0.647626 -0.4970905 0.5774786 -0.4969165 -0.6479497 0.5772652 -0.5349824 -0.6165191 -0.5776659 0.6148506 -0.5371946 -0.5773913 0.5385423 0.6135181 -0.5775532 -0.6200761 0.5326293 -0.5760309 -0.5277363 -0.6224143 -0.5780094 -0.2775816 -0.3118168 -0.9086907 -0.321925 0.2893704 -0.9014594 -0.616512 0.535751 -0.5769609 -0.5349824 -0.6165191 0.5776659 0.6148506 -0.5371946 0.5773913 0.5385423 0.6135181 0.5775532 -0.6200761 0.5326293 0.5760309 -0.5277363 -0.6224143 0.5780094 -0.2775816 -0.3118168 0.9086907 -0.321925 0.2893704 0.9014594 -0.616512 0.535751 0.5769609 -0.3117418 0.2916464 -0.9043005 -0.5958711 0.5581766 -0.5773877 0.5576233 0.5963685 -0.5774087 0.2918332 0.3117066 -0.9042524 0.5570318 0.5967064 -0.5776305 0.5973292 -0.5568721 -0.5771406 -0.559762 -0.5947022 -0.5770579 -0.2922425 -0.3095872 -0.9048481 -0.5587108 -0.595253 -0.5775085 -0.597288 0.5564567 -0.5775838 -0.3126923 0.2905142 -0.9043368 -0.2909063 -0.3121879 -0.904385 -0.5575317 -0.5965926 -0.5772657 -0.5964176 0.5575626 -0.5774166 -0.3117418 0.2916464 0.9043005 -0.5958711 0.5581766 0.5773877 0.5576233 0.5963685 0.5774087 0.2918332 0.3117066 0.9042524 0.5570318 0.5967064 0.5776305 0.5973292 -0.5568721 0.5771406 -0.559762 -0.5947022 0.5770579 -0.2922425 -0.3095872 0.9048481 -0.5587108 -0.595253 0.5775085 -0.597288 0.5564567 0.5775838 -0.3126923 0.2905142 0.9043368 -0.2909063 -0.3121879 0.904385 -0.5575317 -0.5965926 0.5772657 -0.5964176 0.5575626 0.5774166 0.4646801 0.6708988 -0.5778989 0.6694407 -0.4687879 -0.57627 0.3451202 -0.241884 -0.906854 0.6742263 -0.4602057 -0.5776068 -0.4644443 -0.6722595 -0.5765056 -0.6714314 0.4634765 -0.5782468 -0.3525886 0.2379073 -0.9050312 -0.6739217 0.4622462 -0.5763315 0.4646801 0.6708988 0.5778989 0.6694407 -0.4687879 0.57627 0.3451202 -0.241884 0.906854 0.6742263 -0.4602057 0.5776068 -0.4644443 -0.6722595 0.5765056 -0.6714314 0.4634765 0.5782468 -0.3525886 0.2379073 0.9050312 -0.6739217 0.4622462 0.5763315 0.5754357 0.5792013 -0.5774076 0.579742 -0.5749084 -0.5773902 -0.5749529 -0.5797783 -0.5773095 -0.5792542 0.5754968 -0.5772937 0.5754357 0.5792013 0.5774076 0.579742 -0.5749084 0.5773902 -0.5749529 -0.5797783 0.5773095 -0.5792542 0.5754968 0.5772937 -0.7450905 -0.3340553 -0.5772757 -0.3336308 0.7452085 -0.5773688 0.7452556 0.3336003 -0.5773257 0.3339674 -0.7450095 -0.577431 -0.7450905 -0.3340553 0.5772757 -0.3336308 0.7452085 0.5773688 0.7452556 0.3336003 0.5773257 0.3339674 -0.7450095 0.577431 0.5767532 -0.5779751 -0.5773219 0.3012351 -0.3017459 -0.9045479 -0.002824438 -0.7064038 -0.7078034 0.5757347 -0.5793732 -0.576937 0.7070165 0.0002756632 -0.707197 0.7071698 0.0001903546 -0.7070437 0.5771805 0.5774904 -0.5773798 -0.0006383765 0.7073124 -0.7069009 -0.5778219 0.5767817 -0.5774467 -0.301772 0.3015363 -0.9044388 -0.5778094 0.5768906 -0.5773504 -0.3008346 0.3012013 -0.9048626 -0.5766617 0.5781169 -0.5772712 -0.5775163 -0.5772097 -0.5773248 0.5776577 -0.5770962 -0.5772967 0.3014795 -0.3011858 -0.9046531 -0.3014995 -0.3012684 -0.9046189 -0.5775902 -0.5771485 -0.5773121 -1.32497e-05 -0.7071069 -0.7071067 -0.0004759714 -0.7069591 -0.7072543 0.5767532 -0.5779751 0.5773219 0.3012351 -0.3017459 0.9045479 -0.002824438 -0.7064038 0.7078034 0.5757347 -0.5793732 0.576937 0.7070165 0.0002756632 0.707197 0.7071698 0.0001903546 0.7070437 0.5771805 0.5774904 0.5773798 -0.0006383765 0.7073124 0.7069009 -0.5778219 0.5767817 0.5774467 -0.301772 0.3015363 0.9044388 -0.5778094 0.5768906 0.5773504 -0.3008346 0.3012013 0.9048626 -0.5766617 0.5781169 0.5772712 -0.5775163 -0.5772097 0.5773248 0.5776577 -0.5770962 0.5772967 0.3014795 -0.3011858 0.9046531 -0.3014995 -0.3012684 0.9046189 -0.5775902 -0.5771485 0.5773121 -1.32497e-05 -0.7071069 0.7071067 -0.0004759714 -0.7069591 0.7072543 0.6244777 -0.3315718 -0.7071688 0.6246346 -0.3313698 -0.707125 0.240346 -0.7802358 -0.577465 -0.3304885 -0.6253043 -0.7069455 -0.7805063 -0.2398327 -0.577313 -0.6246342 0.3316103 -0.7070125 -0.2395155 0.7805123 -0.5774364 0.7806151 0.2395845 -0.5772688 0.6244777 -0.3315718 0.7071688 0.6246346 -0.3313698 0.707125 0.240346 -0.7802358 0.577465 -0.3304885 -0.6253043 0.7069455 -0.7805063 -0.2398327 0.577313 -0.6246342 0.3316103 0.7070125 -0.2395155 0.7805123 0.5774364 0.7806151 0.2395845 0.5772688 -0.6778444 0.4542969 -0.5780496 -0.3564925 0.23761 -0.9035788 -0.6765375 0.4574692 -0.5770779 -0.1328286 0.6943395 -0.707283 0.4582669 0.6757911 -0.5773195 0.2395624 0.35288 -0.9044808 0.4580239 0.6758374 -0.5774581 0.6760541 -0.4579457 -0.5772665 -0.4578438 -0.6759755 -0.5774393 -0.6947178 -0.1333338 -0.7068163 -0.6778444 0.4542969 0.5780496 -0.3564925 0.23761 0.9035788 -0.6765375 0.4574692 0.5770779 -0.1328286 0.6943395 0.707283 0.4582669 0.6757911 0.5773195 0.2395624 0.35288 0.9044808 0.4580239 0.6758374 0.5774581 0.6760541 -0.4579457 0.5772665 -0.4578438 -0.6759755 0.5774393 -0.6947178 -0.1333338 0.7068163 0.7452467 0.333713 -0.577272 -0.3336667 0.745146 -0.5774288 -0.7453549 -0.3333979 -0.5773144 -0.251169 -0.6613546 -0.7067703 0.334447 -0.7447071 -0.5775435 0.7452467 0.333713 0.577272 -0.3336667 0.745146 0.5774288 -0.7453549 -0.3333979 0.5773144 -0.251169 -0.6613546 0.7067703 0.334447 -0.7447071 0.5775435 0.7880635 0.212852 -0.5776244 -0.2183738 0.7874659 -0.5763769 -0.6158594 0.3450695 -0.7082685 -0.6170878 0.346949 -0.7062783 -0.7854798 -0.2227567 -0.5774088 -0.4077977 -0.112406 -0.9061269 -0.1099658 0.4114662 -0.9047669 -0.2100455 0.7890185 -0.577348 -0.7889302 -0.2105422 -0.5772878 0.2103524 -0.7888734 -0.5774346 0.7890215 0.2101903 -0.5772911 0.4120515 0.1101131 -0.9044825 0.1101063 -0.4118744 -0.904564 0.2104384 -0.7888807 -0.5773932 0.611777 -0.3545364 -0.70713 0.6119726 -0.3544184 -0.7070199 0.608811 -0.3570454 -0.7084263 0.6126125 -0.3569904 -0.7051693 0.7880635 0.212852 0.5776244 -0.2183738 0.7874659 0.5763769 -0.6158594 0.3450695 0.7082685 -0.6170878 0.346949 0.7062783 -0.7854798 -0.2227567 0.5774088 -0.4077977 -0.112406 0.9061269 -0.1099658 0.4114662 0.9047669 -0.2100455 0.7890185 0.577348 -0.7889302 -0.2105422 0.5772878 0.2103524 -0.7888734 0.5774346 0.7890215 0.2101903 0.5772911 0.4120515 0.1101131 0.9044825 0.1101063 -0.4118744 0.904564 0.2104384 -0.7888807 0.5773932 0.611777 -0.3545364 0.70713 0.6119726 -0.3544184 0.7070199 0.608811 -0.3570454 0.7084263 0.6126125 -0.3569904 0.7051693 0.5823163 -0.5723281 -0.5773632 0.7071178 0.006148579 -0.707069 0.7070312 0.006111998 -0.707156 0.707267 0.006558641 -0.7069161 0.7068809 0.006539954 -0.7073023 0.5723936 0.5822837 -0.5773311 -0.5823516 0.5723007 -0.5773547 -0.3038551 0.2988709 -0.904626 0.2991306 0.3039262 -0.9045163 0.572882 0.5817478 -0.577387 -0.5819977 0.5727382 -0.5772778 -0.7067021 -0.00493884 -0.707494 -0.7074927 -0.004997681 -0.706703 -0.5725374 -0.5820595 -0.5774146 0.5821513 -0.5725784 -0.5772814 0.30366 -0.2987658 -0.9047263 -0.2993312 -0.304142 -0.9043774 -0.5723051 -0.5823587 -0.5773433 0.5823163 -0.5723281 0.5773632 0.7071178 0.006148579 0.707069 0.7070312 0.006111998 0.707156 0.707267 0.006558641 0.7069161 0.7068809 0.006539954 0.7073023 0.5723936 0.5822837 0.5773311 -0.5823516 0.5723007 0.5773547 -0.3038551 0.2988709 0.904626 0.2991306 0.3039262 0.9045163 0.572882 0.5817478 0.577387 -0.5819977 0.5727382 0.5772778 -0.7067021 -0.00493884 0.707494 -0.7074927 -0.004997681 0.706703 -0.5725374 -0.5820595 0.5774146 0.5821513 -0.5725784 0.5772814 0.30366 -0.2987658 0.9047263 -0.2993312 -0.304142 0.9043774 -0.5723051 -0.5823587 0.5773433 0.7070617 0.007386756 -0.7071133 0.7105859 -0.003678428 -0.7036009 0.7040365 -0.005200493 -0.7101448 0.7069387 0.00475834 -0.7072588 0.704686 0.01241107 -0.7094108 0.7097321 0.01112347 -0.7043839 0.7069684 0.002910201 -0.7072392 0.7067772 0.004317686 -0.707423 0.7072756 0.004733365 -0.7069221 0.704809 0.01102227 -0.7093115 0.7098778 0.009041481 -0.7042668 0.7069902 0.0004141445 -0.7072232 0.5791675 -0.5752887 -0.577588 -0.573949 -0.5807069 -0.5773751 -0.5807305 0.5739753 -0.5773252 0.5725789 0.5818313 -0.5776034 0.7070617 0.007386756 0.7071133 0.7105859 -0.003678428 0.7036009 0.7040365 -0.005200493 0.7101448 0.7069387 0.00475834 0.7072588 0.704686 0.01241107 0.7094108 0.7097321 0.01112347 0.7043839 0.7069684 0.002910201 0.7072392 0.7067772 0.004317686 0.707423 0.7072756 0.004733365 0.7069221 0.704809 0.01102227 0.7093115 0.7098778 0.009041481 0.7042668 0.7069902 0.0004141445 0.7072232 0.5791675 -0.5752887 0.577588 -0.573949 -0.5807069 0.5773751 -0.5807305 0.5739753 0.5773252 0.5725789 0.5818313 0.5776034 0.7440634 -0.3361841 -0.5773646 0.3360395 0.7441684 -0.5773134 -0.7441684 0.3359342 -0.5773748 -0.3361013 -0.7441134 -0.5773483 0.7440634 -0.3361841 0.5773646 0.3360395 0.7441684 0.5773134 -0.7441684 0.3359342 0.5773748 -0.3361013 -0.7441134 0.5773483 0.7075201 0.001363957 -0.7066919 0.7068391 0.0008972738 -0.7073738 0.7069433 0.00223807 -0.7072667 0.7075317 0.00140083 -0.7066802 0.7065798 0.001704322 -0.7076313 0.7072327 0.00293769 -0.7069747 0.7071012 0.002525516 -0.7071079 0.7070533 0.002680706 -0.7071552 0.7071179 0.002780686 -0.7070901 0.6987976 0.02644314 -0.7148305 0.72502 -0.008962485 -0.6886695 0.6947029 -0.03219969 -0.7185757 0.579334 -0.57541 -0.5773001 -0.5753804 -0.5792668 -0.5773971 -0.5785706 0.5763236 -0.5771544 -0.001575114 0.7066208 -0.7075907 0.5750087 0.5797141 -0.5773184 0.7075201 0.001363957 0.7066919 0.7068391 0.0008972738 0.7073738 0.7069433 0.00223807 0.7072667 0.7075317 0.00140083 0.7066802 0.7065798 0.001704322 0.7076313 0.7072327 0.00293769 0.7069747 0.7071012 0.002525516 0.7071079 0.7070533 0.002680706 0.7071552 0.7071179 0.002780686 0.7070901 0.6987976 0.02644314 0.7148305 0.72502 -0.008962485 0.6886695 0.6947029 -0.03219969 0.7185757 0.579334 -0.57541 0.5773001 -0.5753804 -0.5792668 0.5773971 -0.5785706 0.5763236 0.5771544 -0.001575114 0.7066208 0.7075907 0.5750087 0.5797141 0.5773184 0.3368606 -0.7437589 -0.5773626 0.7440689 0.3360199 -0.5774531 0.3889595 0.1754928 -0.9043853 0.744018 0.336322 -0.5773428 0.249526 0.6616528 -0.7070731 -0.3364754 0.7439302 -0.5773666 -0.7438869 -0.3366701 -0.5773088 0.3368606 -0.7437589 0.5773626 0.7440689 0.3360199 0.5774531 0.3889595 0.1754928 0.9043853 0.744018 0.336322 0.5773428 0.249526 0.6616528 0.7070731 -0.3364754 0.7439302 0.5773666 -0.7438869 -0.3366701 0.5773088 0.2239591 -0.7850887 -0.5774756 -0.7849936 -0.2246938 -0.5773194 -0.2275809 0.783821 -0.5777816 0.3389667 0.6208293 -0.7068752 0.344574 0.6192596 -0.7055398 0.3484027 0.6154194 -0.7070181 0.3474282 0.6154503 -0.7074706 0.3463154 0.6163893 -0.7071986 0.3451123 0.616815 -0.7074155 0.3434188 0.6177592 -0.7074157 0.3429443 0.6184554 -0.7070376 0.3441098 0.6180855 -0.7067947 0.3448536 0.6173273 -0.7070947 0.3432422 0.61763 -0.7076143 0.3438785 0.6184874 -0.7065556 0.7855296 0.2225712 -0.5774126 0.2239591 -0.7850887 0.5774756 -0.7849936 -0.2246938 0.5773194 -0.2275809 0.783821 0.5777816 0.3389667 0.6208293 0.7068752 0.344574 0.6192596 0.7055398 0.3484027 0.6154194 0.7070181 0.3474282 0.6154503 0.7074706 0.3463154 0.6163893 0.7071986 0.3451123 0.616815 0.7074155 0.3434188 0.6177592 0.7074157 0.3429443 0.6184554 0.7070376 0.3441098 0.6180855 0.7067947 0.3448536 0.6173273 0.7070947 0.3432422 0.61763 0.7076143 0.3438785 0.6184874 0.7065556 0.7855296 0.2225712 0.5774126 -0.5744426 -0.5802165 -0.5773773 -0.5802442 0.5744688 -0.5773234 0.5745258 0.5801481 -0.5773632 0.7070023 0.003825168 -0.7072009 0.7070911 0.004132606 -0.7071104 0.7071578 0.003949455 -0.7070447 0.7069095 0.004330822 -0.7072908 0.7073791 0.00401925 -0.7068229 0.7070304 0.003340457 -0.7071753 0.7069138 0.004123279 -0.7072877 0.7073653 0.003848439 -0.7068377 0.7069502 0.003465664 -0.7072548 0.707009 0.004198801 -0.7071921 0.7070046 0.004737651 -0.7071931 0.7073488 0.004210437 -0.7068521 0.5801066 -0.5745848 -0.5773462 -0.5744426 -0.5802165 0.5773773 -0.5802442 0.5744688 0.5773234 0.5745258 0.5801481 0.5773632 0.7070023 0.003825168 0.7072009 0.7070911 0.004132606 0.7071104 0.7071578 0.003949455 0.7070447 0.7069095 0.004330822 0.7072908 0.7073791 0.00401925 0.7068229 0.7070304 0.003340457 0.7071753 0.7069138 0.004123279 0.7072877 0.7073653 0.003848439 0.7068377 0.7069502 0.003465664 0.7072548 0.707009 0.004198801 0.7071921 0.7070046 0.004737651 0.7071931 0.7073488 0.004210437 0.7068521 0.5801066 -0.5745848 0.5773462 0.2253244 -0.7847733 -0.5773732 -0.7847423 -0.2254931 -0.5773494 -0.2249144 0.7849656 -0.5772716 0.3435343 0.6180965 -0.707065 0.3423557 0.6182516 -0.7075009 0.3418838 0.6191116 -0.7069768 0.3330762 0.6205307 -0.7099309 0.3386781 0.6249138 -0.7034059 0.3377446 0.6178878 -0.7100305 0.3304285 0.6249205 -0.7073128 0.3397486 0.6235509 -0.7040988 0.343102 0.6170398 -0.708197 0.3411845 0.6195411 -0.7069384 0.3418892 0.6190741 -0.707007 0.7847611 0.2255597 -0.5772978 0.2253244 -0.7847733 0.5773732 -0.7847423 -0.2254931 0.5773494 -0.2249144 0.7849656 0.5772716 0.3435343 0.6180965 0.707065 0.3423557 0.6182516 0.7075009 0.3418838 0.6191116 0.7069768 0.3330762 0.6205307 0.7099309 0.3386781 0.6249138 0.7034059 0.3377446 0.6178878 0.7100305 0.3304285 0.6249205 0.7073128 0.3397486 0.6235509 0.7040988 0.343102 0.6170398 0.708197 0.3411845 0.6195411 0.7069384 0.3418892 0.6190741 0.707007 0.7847611 0.2255597 0.5772978 0.7193665 -0.3862783 -0.5773222 0.6770062 0.2048772 -0.7068861 0.5731633 0.5358163 -0.6199877 0.02234623 0.7677263 -0.6403881 -0.5479863 0.5633561 -0.6183372 -0.1877422 0.3836065 -0.9042118 0.3825394 0.1875132 -0.9047112 0.7755508 0.05484555 -0.6288982 0.515551 0.5762308 -0.634165 -0.008929859 0.7735292 -0.6336977 -0.5552551 0.5459539 -0.6273963 -0.7787936 -0.04085787 -0.6259482 -0.5182555 -0.5727514 -0.6351119 0.3277148 -0.7477942 -0.5774139 0.1714021 -0.3908813 -0.9043413 -0.3902433 -0.1713038 -0.9046354 -0.6585045 0.2573772 -0.7071979 -0.7775521 -0.02440788 -0.6283446 -0.5279091 -0.5681052 -0.6313228 -0.2504828 -0.6613498 -0.7070182 0.07433753 -0.7810397 -0.620041 0.5913392 -0.4890451 -0.641212 0.1753354 -0.3890441 -0.9043794 -0.2499526 -0.6614617 -0.7071012 -0.2497415 -0.6616152 -0.7070322 -0.4164711 -0.3899159 -0.8212901 -0.3849986 -0.7199953 -0.5773932 0.202877 -0.6767442 -0.7077134 0.2048639 -0.6779284 -0.7060056 0.2056277 -0.6758388 -0.7077847 0.7193665 -0.3862783 0.5773222 0.6770062 0.2048772 0.7068861 0.5731633 0.5358163 0.6199877 0.02234623 0.7677263 0.6403881 -0.5479863 0.5633561 0.6183372 -0.1877422 0.3836065 0.9042118 0.3825394 0.1875132 0.9047112 0.7755508 0.05484555 0.6288982 0.515551 0.5762308 0.634165 -0.008929859 0.7735292 0.6336977 -0.5552551 0.5459539 0.6273963 -0.7787936 -0.04085787 0.6259482 -0.5182555 -0.5727514 0.6351119 0.3277148 -0.7477942 0.5774139 0.1714021 -0.3908813 0.9043413 -0.3902433 -0.1713038 0.9046354 -0.6585045 0.2573772 0.7071979 -0.7775521 -0.02440788 0.6283446 -0.5279091 -0.5681052 0.6313228 -0.2504828 -0.6613498 0.7070182 0.07433753 -0.7810397 0.620041 0.5913392 -0.4890451 0.641212 0.1753354 -0.3890441 0.9043794 -0.2499526 -0.6614617 0.7071012 -0.2497415 -0.6616152 0.7070322 -0.4164711 -0.3899159 0.8212901 -0.3849986 -0.7199953 0.5773932 0.202877 -0.6767442 0.7077134 0.2048639 -0.6779284 0.7060056 0.2056277 -0.6758388 0.7077847 -0.4434645 -0.6868908 -0.575778 0.6857999 -0.4412305 -0.5787868 0.6929681 0.1403922 -0.7071671 0.4453839 0.6851486 -0.576372 -0.1537404 0.6903688 -0.7069334 -0.6836101 0.4449067 -0.5785631 -0.4434645 -0.6868908 0.575778 0.6857999 -0.4412305 0.5787868 0.6929681 0.1403922 0.7071671 0.4453839 0.6851486 0.576372 -0.1537404 0.6903688 0.7069334 -0.6836101 0.4449067 0.5785631 0.3260392 -0.7486206 -0.5772916 0.6579016 -0.2587673 -0.7072517 0.6626483 -0.253287 -0.7047999 0.3692231 -0.4174941 -0.8302849 0.6746092 -0.4545215 -0.5816465 0.3669706 -0.2495742 -0.896128 0.6878404 -0.4390619 -0.5780141 0.6914454 0.1482957 -0.7070443 0.6915095 0.1502226 -0.7065746 0.690567 0.1510357 -0.7073227 0.6907986 0.1491198 -0.707503 0.609086 0.4979775 -0.6172785 0.2819366 0.6486912 -0.7069027 0.405671 0.1752862 -0.8970539 0.6860347 -0.2105794 -0.6964285 0.7035058 -0.1428676 -0.6961813 0.7149194 -0.07103568 -0.6955891 0.7207831 0.01202287 -0.6930564 0.7137869 0.1062675 -0.6922539 0.6928295 0.1848582 -0.6970041 0.6730925 0.2479562 -0.6967526 0.6460597 0.3155609 -0.6950023 0.6119067 0.3688063 -0.6996799 0.5866243 0.4067478 -0.7003057 0.564036 0.4330799 -0.7030685 0.5398346 0.4720026 -0.6969879 0.5036134 0.5028516 -0.7025053 0.420469 0.003343195 -0.9073007 0.7593941 -0.2198883 -0.6123478 0.6893053 0.1596491 -0.7066614 0.6878258 0.1525428 -0.7096664 0.6922278 0.1473078 -0.7064851 0.437063 0.6904201 -0.5764513 0.22552 0.3585028 -0.9058788 0.6902745 0.1521814 -0.7073627 0.3552474 -0.2304536 -0.9059197 0.6833245 -0.4471777 -0.5771479 0.4467565 0.6832943 -0.5775098 0.05646873 0.6247804 -0.7787559 -0.3155755 0.7527761 -0.5777025 -0.1833573 0.4030402 -0.8966263 0.2347032 0.6634252 -0.7104797 -0.3396585 0.7423841 -0.5774928 -0.6576602 0.253439 -0.7094024 -0.6589244 0.2588327 -0.7062749 -0.6567898 0.2589388 -0.7082216 -0.1699704 0.392893 -0.9037395 -0.326483 0.7483566 -0.5773832 -0.6358342 0.2841898 -0.7176009 -0.6569284 0.2900683 -0.6959206 -0.6643529 0.2476488 -0.7051988 -0.2076208 0.3972289 -0.8939255 0.35352 0.1774575 -0.9184402 0.7497303 0.3240658 -0.5769625 -0.3262969 0.7484184 -0.5774082 -0.7484935 -0.3263296 -0.5772924 -0.262327 -0.6548704 -0.7087519 -0.2649585 -0.6567592 -0.7060201 -0.3933396 -0.1722956 -0.9031047 -0.7461058 -0.3314983 -0.5774383 -0.2545292 -0.6596816 -0.7071315 -0.2540532 -0.6601237 -0.7068902 -0.2554463 -0.6584721 -0.7079278 -0.2561658 -0.6598997 -0.7063367 -0.2580833 -0.6564475 -0.7088509 -0.2613318 -0.6580833 -0.7061388 -0.3903979 -0.1698533 -0.9048422 -0.7490226 -0.3250901 -0.5773055 -0.2592343 -0.6579072 -0.7070755 0.3260392 -0.7486206 0.5772916 0.6579016 -0.2587673 0.7072517 0.6626483 -0.253287 0.7047999 0.3692231 -0.4174941 0.8302849 0.6746092 -0.4545215 0.5816465 0.3669706 -0.2495742 0.896128 0.6878404 -0.4390619 0.5780141 0.6914454 0.1482957 0.7070443 0.6915095 0.1502226 0.7065746 0.690567 0.1510357 0.7073227 0.6907986 0.1491198 0.707503 0.609086 0.4979775 0.6172785 0.2819366 0.6486912 0.7069027 0.405671 0.1752862 0.8970539 0.6860347 -0.2105794 0.6964285 0.7035058 -0.1428676 0.6961813 0.7149194 -0.07103568 0.6955891 0.7207831 0.01202287 0.6930564 0.7137869 0.1062675 0.6922539 0.6928295 0.1848582 0.6970041 0.6730925 0.2479562 0.6967526 0.6460597 0.3155609 0.6950023 0.6119067 0.3688063 0.6996799 0.5866243 0.4067478 0.7003057 0.564036 0.4330799 0.7030685 0.5398346 0.4720026 0.6969879 0.5036134 0.5028516 0.7025053 0.420469 0.003343195 0.9073007 0.7593941 -0.2198883 0.6123478 0.6893053 0.1596491 0.7066614 0.6878258 0.1525428 0.7096664 0.6922278 0.1473078 0.7064851 0.437063 0.6904201 0.5764513 0.22552 0.3585028 0.9058788 0.6902745 0.1521814 0.7073627 0.3552474 -0.2304536 0.9059197 0.6833245 -0.4471777 0.5771479 0.4467565 0.6832943 0.5775098 0.05646873 0.6247804 0.7787559 -0.3155755 0.7527761 0.5777025 -0.1833573 0.4030402 0.8966263 0.2347032 0.6634252 0.7104797 -0.3396585 0.7423841 0.5774928 -0.6576602 0.253439 0.7094024 -0.6589244 0.2588327 0.7062749 -0.6567898 0.2589388 0.7082216 -0.1699704 0.392893 0.9037395 -0.326483 0.7483566 0.5773832 -0.6358342 0.2841898 0.7176009 -0.6569284 0.2900683 0.6959206 -0.6643529 0.2476488 0.7051988 -0.2076208 0.3972289 0.8939255 0.35352 0.1774575 0.9184402 0.7497303 0.3240658 0.5769625 -0.3262969 0.7484184 0.5774082 -0.7484935 -0.3263296 0.5772924 -0.262327 -0.6548704 0.7087519 -0.2649585 -0.6567592 0.7060201 -0.3933396 -0.1722956 0.9031047 -0.7461058 -0.3314983 0.5774383 -0.2545292 -0.6596816 0.7071315 -0.2540532 -0.6601237 0.7068902 -0.2554463 -0.6584721 0.7079278 -0.2561658 -0.6598997 0.7063367 -0.2580833 -0.6564475 0.7088509 -0.2613318 -0.6580833 0.7061388 -0.3903979 -0.1698533 0.9048422 -0.7490226 -0.3250901 0.5773055 -0.2592343 -0.6579072 0.7070755 0.7887921 -0.1975735 -0.582041 0.6231513 0.3288085 -0.7096249 0.2382871 0.7821257 -0.5757592 -0.3417002 0.6189316 -0.7072231 -0.7850779 0.2249672 -0.5770983 -0.2254871 -0.7844945 -0.5776885 -0.1199479 -0.4075587 -0.905267 -0.1993973 -0.7949998 -0.5729015 0.7887921 -0.1975735 0.582041 0.6231513 0.3288085 0.7096249 0.2382871 0.7821257 0.5757592 -0.3417002 0.6189316 0.7072231 -0.7850779 0.2249672 0.5770983 -0.2254871 -0.7844945 0.5776885 -0.1199479 -0.4075587 0.905267 -0.1993973 -0.7949998 0.5729015 -0.1417507 -0.8040421 -0.5774279 -0.8041502 0.1417698 -0.5772727 0.1417501 0.8040422 -0.577428 0.8041504 -0.1417691 -0.5772726 -0.1417507 -0.8040421 0.5774279 -0.8041502 0.1417698 0.5772727 0.1417501 0.8040422 0.577428 0.8041504 -0.1417691 0.5772726 0.02297497 -0.4373897 -0.8989785 0.03036274 -0.815314 -0.5782224 -0.8156442 -0.03717455 -0.5773583 -0.04303935 0.8148259 -0.5781059 -0.02012867 0.4325749 -0.9013733 -0.03919832 0.8144231 -0.578946 0.7481419 0.2584867 -0.6111206 0.6780433 -0.3466182 -0.6481614 0.4031495 0.02735753 -0.9147251 0.8168981 0.06118783 -0.5735273 0.04620072 -0.8137304 -0.5794035 0.02297497 -0.4373897 0.8989785 0.03036274 -0.815314 0.5782224 -0.8156442 -0.03717455 0.5773583 -0.04303935 0.8148259 0.5781059 -0.02012867 0.4325749 0.9013733 -0.03919832 0.8144231 0.578946 0.7481419 0.2584867 0.6111206 0.6780433 -0.3466182 0.6481614 0.4031495 0.02735753 0.9147251 0.8168981 0.06118783 0.5735273 0.04620072 -0.8137304 0.5794035 -0.1885925 -0.3776367 -0.9065448 0.3791339 -0.1783556 -0.9079905 0.7409961 -0.3447771 -0.5762409 -0.3371987 -0.7419907 -0.5794366 -0.1831313 -0.3981868 -0.8988382 -0.3586346 -0.7334851 -0.5773914 -0.7335498 0.3586275 -0.5773136 0.3587751 0.7334383 -0.5773635 0.7333073 -0.3591709 -0.5772838 0.3805594 -0.1826603 -0.9065372 0.7358864 -0.3556635 -0.5761724 -0.3675029 -0.7295411 -0.5768113 -0.1885925 -0.3776367 0.9065448 0.3791339 -0.1783556 0.9079905 0.7409961 -0.3447771 0.5762409 -0.3371987 -0.7419907 0.5794366 -0.1831313 -0.3981868 0.8988382 -0.3586346 -0.7334851 0.5773914 -0.7335498 0.3586275 0.5773136 0.3587751 0.7334383 0.5773635 0.7333073 -0.3591709 0.5772838 0.3805594 -0.1826603 0.9065372 0.7358864 -0.3556635 0.5761724 -0.3675029 -0.7295411 0.5768113 -0.7762737 0.2530607 -0.5773728 0.2527756 0.7763713 -0.5773665 0.7764338 -0.2526044 -0.5773575 -0.2529026 -0.7763762 -0.5773043 -0.7762737 0.2530607 0.5773728 0.2527756 0.7763713 0.5773665 0.7764338 -0.2526044 0.5773575 -0.2529026 -0.7763762 0.5773043 -0.8176369 0.1475086 -0.5565169 -0.4380028 -0.5762958 -0.6899541 0.1261053 -0.802144 -0.583663 0.8124131 0.09020622 -0.5760623 0.1149425 0.783251 -0.6109878 -0.8176369 0.1475086 0.5565169 -0.4380028 -0.5762958 0.6899541 0.1261053 -0.802144 0.583663 0.8124131 0.09020622 0.5760623 0.1149425 0.783251 0.6109878 -0.04883539 -0.8150235 -0.5773663 -0.8150401 0.04864314 -0.5773591 0.04855054 0.8150496 -0.5773534 0.8150601 -0.0487444 -0.5773223 -0.04883539 -0.8150235 0.5773663 -0.8150401 0.04864314 0.5773591 0.04855054 0.8150496 0.5773534 0.8150601 -0.0487444 0.5773223 -0.4473909 -0.6828899 -0.577497 -0.23403 -0.3574155 -0.9041483 -0.4466985 -0.6833913 -0.5774398 0.6833236 -0.4469871 -0.5772966 0.6920546 0.1449694 -0.7071381 0.3576425 -0.2332389 -0.9042629 0.683963 -0.4458141 -0.5774464 0.3570142 -0.2331633 -0.9045307 0.6835937 -0.4464961 -0.5773568 0.4467466 0.6834071 -0.5773839 0.2333865 0.3571417 -0.9044228 0.6920315 0.1456381 -0.7070233 0.4462694 0.6836855 -0.5774235 -0.6835717 0.4465792 -0.5773186 -0.356753 0.2331425 -0.9046391 -0.6834652 0.4467488 -0.5773134 -0.4473909 -0.6828899 0.577497 -0.23403 -0.3574155 0.9041483 -0.4466985 -0.6833913 0.5774398 0.6833236 -0.4469871 0.5772966 0.6920546 0.1449694 0.7071381 0.3576425 -0.2332389 0.9042629 0.683963 -0.4458141 0.5774464 0.3570142 -0.2331633 0.9045307 0.6835937 -0.4464961 0.5773568 0.4467466 0.6834071 0.5773839 0.2333865 0.3571417 0.9044228 0.6920315 0.1456381 0.7070233 0.4462694 0.6836855 0.5774235 -0.6835717 0.4465792 0.5773186 -0.356753 0.2331425 0.9046391 -0.6834652 0.4467488 0.5773134 -0.4482813 -0.6824681 -0.577305 -0.2339985 -0.3560756 -0.904685 -0.4489548 -0.6819723 -0.5773676 0.681965 -0.4490031 -0.5773387 0.3568712 -0.2343521 -0.9042799 0.6824742 -0.4480795 -0.5774546 0.3557787 -0.2344311 -0.9046898 0.6818297 -0.4492823 -0.5772813 0.4492284 0.6817483 -0.5774193 0.2348091 0.3562173 -0.9044191 0.4491756 0.6818219 -0.5773735 -0.6819236 0.4491006 -0.5773118 -0.355742 0.2344547 -0.9046981 -0.6817604 0.4493844 -0.5772836 -0.6925725 -0.1429312 -0.707046 -0.4482813 -0.6824681 0.577305 -0.2339985 -0.3560756 0.904685 -0.4489548 -0.6819723 0.5773676 0.681965 -0.4490031 0.5773387 0.3568712 -0.2343521 0.9042799 0.6824742 -0.4480795 0.5774546 0.3557787 -0.2344311 0.9046898 0.6818297 -0.4492823 0.5772813 0.4492284 0.6817483 0.5774193 0.2348091 0.3562173 0.9044191 0.4491756 0.6818219 0.5773735 -0.6819236 0.4491006 0.5773118 -0.355742 0.2344547 0.9046981 -0.6817604 0.4493844 0.5772836 -0.6925725 -0.1429312 0.707046 0.3084037 -0.7560225 -0.5773363 0.7560081 0.3083834 -0.577366 -0.3080466 0.756134 -0.5773809 -0.7561702 -0.3080757 -0.577318 0.3084037 -0.7560225 0.5773363 0.7560081 0.3083834 0.577366 -0.3080466 0.756134 0.5773809 -0.7561702 -0.3080757 0.577318 -0.6863147 0.442313 -0.5773486 -0.4426117 -0.6860781 -0.5774008 0.6860281 -0.4427912 -0.5773227 0.4430844 0.6857491 -0.5774292 -0.6865401 0.4422529 -0.5771265 -0.3581997 0.230255 -0.904807 0.2310134 0.3582202 -0.9046055 0.4427051 0.6860629 -0.5773473 -0.6875617 0.4407757 -0.5770405 -0.3561494 0.2295476 -0.9057955 -0.1480399 0.6921755 -0.7063833 0.230828 0.3571986 -0.9050567 0.4443057 0.6850772 -0.5772882 -0.6850033 0.4442582 -0.5774124 -0.357087 0.2323002 -0.904724 0.2326143 0.358691 -0.9040085 0.4439173 0.6851128 -0.5775447 -0.68391 0.4458865 -0.5774533 -0.3576745 0.233133 -0.9042776 0.2325392 0.356763 -0.9047904 0.445263 0.6845865 -0.5771327 -0.682965 0.4468179 -0.5778517 -0.3577693 0.2348722 -0.9037899 -0.1406319 0.6913722 -0.7086799 -0.1447187 0.6947993 -0.7044931 0.2297228 0.3579198 -0.905053 0.4422811 0.6863704 -0.5773068 -0.6865128 0.4419993 -0.5773533 -0.3579324 0.2309173 -0.9047439 0.2315242 0.3577731 -0.9046518 0.4431795 0.6858583 -0.5772264 -0.6863147 0.442313 0.5773486 -0.4426117 -0.6860781 0.5774008 0.6860281 -0.4427912 0.5773227 0.4430844 0.6857491 0.5774292 -0.6865401 0.4422529 0.5771265 -0.3581997 0.230255 0.904807 0.2310134 0.3582202 0.9046055 0.4427051 0.6860629 0.5773473 -0.6875617 0.4407757 0.5770405 -0.3561494 0.2295476 0.9057955 -0.1480399 0.6921755 0.7063833 0.230828 0.3571986 0.9050567 0.4443057 0.6850772 0.5772882 -0.6850033 0.4442582 0.5774124 -0.357087 0.2323002 0.904724 0.2326143 0.358691 0.9040085 0.4439173 0.6851128 0.5775447 -0.68391 0.4458865 0.5774533 -0.3576745 0.233133 0.9042776 0.2325392 0.356763 0.9047904 0.445263 0.6845865 0.5771327 -0.682965 0.4468179 0.5778517 -0.3577693 0.2348722 0.9037899 -0.1406319 0.6913722 0.7086799 -0.1447187 0.6947993 0.7044931 0.2297228 0.3579198 0.905053 0.4422811 0.6863704 0.5773068 -0.6865128 0.4419993 0.5773533 -0.3579324 0.2309173 0.9047439 0.2315242 0.3577731 0.9046518 0.4431795 0.6858583 0.5772264 -0.7460751 -0.331669 -0.57738 -0.3317871 0.746057 -0.5773354 0.7461348 0.3316049 -0.5773396 0.3314976 -0.7461775 -0.5773461 -0.7460751 -0.331669 0.57738 -0.3317871 0.746057 0.5773354 0.7461348 0.3316049 0.5773396 0.3314976 -0.7461775 0.5773461 0.4483093 0.6823529 -0.5774195 -0.1429817 0.6925333 -0.7070742 -0.1432349 0.6924973 -0.7070581 -0.1432151 0.692402 -0.7071555 -0.6824425 0.4483188 -0.5773062 -0.4481799 -0.6824737 -0.5773772 0.6825536 -0.4481403 -0.5773135 0.4483093 0.6823529 0.5774195 -0.1429817 0.6925333 0.7070742 -0.1432349 0.6924973 0.7070581 -0.1432151 0.692402 0.7071555 -0.6824425 0.4483188 0.5773062 -0.4481799 -0.6824737 0.5773772 0.6825536 -0.4481403 0.5773135 0.340116 -0.7422991 -0.5773328 0.7422766 0.3401059 -0.5773677 -0.3401148 0.7422995 -0.577333 -0.7422773 -0.3401045 -0.5773676 0.340116 -0.7422991 0.5773328 0.7422766 0.3401059 0.5773677 -0.3401148 0.7422995 0.577333 -0.7422773 -0.3401045 0.5773676 0.7248934 -0.1627596 -0.669357 0.7389979 0.1709531 -0.6516572 0.5247628 0.5578598 -0.6429747 0.4074683 0.158382 -0.8993802 0.7550187 0.3103222 -0.5776218 -0.2994945 0.7586651 -0.5785588 -0.2171831 0.425605 -0.87846 0.001686217 0.7475369 -0.6642182 -0.4048721 0.6557611 -0.6372252 -0.6240382 0.3818852 -0.6817184 -0.7216785 0.1818382 -0.6679184 -0.735337 -0.2452115 -0.6317838 -0.4500557 -0.6008287 -0.6606472 -0.1885976 -0.7157693 -0.6723877 0.216638 -0.743527 -0.6326418 0.06134766 -0.5316126 -0.844763 -0.2958525 -0.6423668 -0.7069909 -0.4126322 -0.1731735 -0.894285 -0.1960522 0.3917315 -0.8989494 -0.360913 0.7299806 -0.5804051 -0.7465452 -0.32741 -0.5792003 0.3201266 -0.7516616 -0.5766488 0.6655468 -0.2498208 -0.7033043 0.6597258 -0.2454568 -0.7102907 0.1854979 -0.396311 -0.8991819 -0.07448998 -0.7475261 -0.6600424 0.1956081 -0.7099945 -0.6764949 0.5512308 -0.5443543 -0.6323156 0.7248934 -0.1627596 0.669357 0.7389979 0.1709531 0.6516572 0.5247628 0.5578598 0.6429747 0.4074683 0.158382 0.8993802 0.7550187 0.3103222 0.5776218 -0.2994945 0.7586651 0.5785588 -0.2171831 0.425605 0.87846 0.001686217 0.7475369 0.6642182 -0.4048721 0.6557611 0.6372252 -0.6240382 0.3818852 0.6817184 -0.7216785 0.1818382 0.6679184 -0.735337 -0.2452115 0.6317838 -0.4500557 -0.6008287 0.6606472 -0.1885976 -0.7157693 0.6723877 0.216638 -0.743527 0.6326418 0.06134766 -0.5316126 0.844763 -0.2958525 -0.6423668 0.7069909 -0.4126322 -0.1731735 0.894285 -0.1960522 0.3917315 0.8989494 -0.360913 0.7299806 0.5804051 -0.7465452 -0.32741 0.5792003 0.3201266 -0.7516616 0.5766488 0.6655468 -0.2498208 0.7033043 0.6597258 -0.2454568 0.7102907 0.1854979 -0.396311 0.8991819 -0.07448998 -0.7475261 0.6600424 0.1956081 -0.7099945 0.6764949 0.5512308 -0.5443543 0.6323156 0.3441788 -0.7404202 -0.5773377 0.7404041 0.3441713 -0.5773628 -0.3441784 0.7404204 -0.5773378 -0.7404044 -0.3441709 -0.5773627 0.3441788 -0.7404202 0.5773377 0.7404041 0.3441713 0.5773628 -0.3441784 0.7404204 0.5773378 -0.7404044 -0.3441709 0.5773627 -0.7411297 -0.3426467 -0.5773387 0.3426222 -0.7411212 -0.5773642 0.7411632 0.3425627 -0.5773455 -0.3426422 0.7411278 -0.5773438 -0.7410345 -0.3428769 -0.5773243 -0.3868496 -0.1789561 -0.9046116 -0.7411297 -0.3426467 0.5773387 0.3426222 -0.7411212 0.5773642 0.7411632 0.3425627 0.5773455 -0.3426422 0.7411278 0.5773438 -0.7410345 -0.3428769 0.5773243 -0.3868496 -0.1789561 0.9046116 0.7430838 0.3383897 -0.5773378 -0.338382 0.7430678 -0.5773628 -0.743084 -0.3383893 -0.5773377 0.3383823 -0.7430677 -0.5773628 0.7430838 0.3383897 0.5773378 -0.338382 0.7430678 0.5773628 -0.743084 -0.3383893 0.5773377 0.3383823 -0.7430677 0.5773628 -0.2893008 -0.3105608 -0.9054596 -0.5349921 -0.6138627 -0.5804792 -0.2624639 -0.327943 -0.9075054 -0.497821 -0.6466058 -0.5779924 -0.6505848 0.4931911 -0.5774963 -0.3393154 0.253358 -0.905911 -0.6788548 0.4460539 -0.58326 -0.3782301 0.2477326 -0.8919476 -0.6500905 0.496375 -0.575321 0.5081703 0.6390942 -0.5773401 0.3074195 0.3391753 -0.8890745 0.5409671 0.6041351 -0.5851285 0.2506725 0.3345418 -0.90843 0.5012579 0.6474956 -0.5740122 0.7451048 -0.1027638 -0.6589829 0.4780879 -0.6366698 -0.6050484 -0.5438817 -0.6116202 -0.574555 -0.2893008 -0.3105608 0.9054596 -0.5349921 -0.6138627 0.5804792 -0.2624639 -0.327943 0.9075054 -0.497821 -0.6466058 0.5779924 -0.6505848 0.4931911 0.5774963 -0.3393154 0.253358 0.905911 -0.6788548 0.4460539 0.58326 -0.3782301 0.2477326 0.8919476 -0.6500905 0.496375 0.575321 0.5081703 0.6390942 0.5773401 0.3074195 0.3391753 0.8890745 0.5409671 0.6041351 0.5851285 0.2506725 0.3345418 0.90843 0.5012579 0.6474956 0.5740122 0.7451048 -0.1027638 0.6589829 0.4780879 -0.6366698 0.6050484 -0.5438817 -0.6116202 0.574555 0.5814048 0.5740765 -0.5765454 -0.5887822 0.5674912 -0.5755773 -0.7030022 -0.01260637 -0.7110759 -0.7067158 0.0009486512 -0.7074969 -0.7070111 0.002460763 -0.7071981 -0.5782231 -0.5767506 -0.5770761 0.5816514 -0.5736099 -0.5767611 0.5535789 -0.2192804 -0.8034093 0.7317166 -0.2683549 -0.6265592 0.6957101 0.3461519 -0.6294174 0.5275052 0.2376271 -0.8156419 0.7067156 -0.01019969 -0.7074242 0.7072309 -0.01056597 -0.7069037 0.5814048 0.5740765 0.5765454 -0.5887822 0.5674912 0.5755773 -0.7030022 -0.01260637 0.7110759 -0.7067158 0.0009486512 0.7074969 -0.7070111 0.002460763 0.7071981 -0.5782231 -0.5767506 0.5770761 0.5816514 -0.5736099 0.5767611 0.5535789 -0.2192804 0.8034093 0.7317166 -0.2683549 0.6265592 0.6957101 0.3461519 0.6294174 0.5275052 0.2376271 0.8156419 0.7067156 -0.01019969 0.7074242 0.7072309 -0.01056597 0.7069037 0.3416002 0.6192468 -0.7069956 0.7847009 0.2258014 -0.5772852 0.2256646 -0.7846558 -0.5774001 -0.784741 -0.2256388 -0.5772943 -0.2261057 0.7844746 -0.5774736 0.3416002 0.6192468 0.7069956 0.7847009 0.2258014 0.5772852 0.2256646 -0.7846558 0.5774001 -0.784741 -0.2256388 0.5772943 -0.2261057 0.7844746 0.5774736 -0.335026 0.744512 -0.5774595 -0.6608896 0.2514573 -0.7071027 -0.6611249 0.2511486 -0.7069924 -0.7444407 -0.3354651 -0.5772965 0.3352223 -0.7444443 -0.5774328 0.7445507 0.3352702 -0.5772678 -0.335026 0.744512 0.5774595 -0.6608896 0.2514573 0.7071027 -0.6611249 0.2511486 0.7069924 -0.7444407 -0.3354651 0.5772965 0.3352223 -0.7444443 0.5774328 0.7445507 0.3352702 0.5772678 -0.6836403 0.4464493 -0.5773377 0.4472273 0.6832071 -0.5772485 0.6922997 0.1438699 -0.7071227 0.6887116 0.1501949 -0.7093079 0.6933755 0.1504711 -0.7046906 0.682763 -0.4474565 -0.5775962 -0.4461717 -0.6838374 -0.577319 -0.6836403 0.4464493 0.5773377 0.4472273 0.6832071 0.5772485 0.6922997 0.1438699 0.7071227 0.6887116 0.1501949 0.7093079 0.6933755 0.1504711 0.7046906 0.682763 -0.4474565 0.5775962 -0.4461717 -0.6838374 0.577319 0.6841408 -0.4451778 -0.5777266 -0.4820258 -0.6638397 -0.5718111 -0.2694604 -0.3308888 -0.9043803 0.07243746 -0.7030795 -0.7074122 -0.465511 -0.664073 -0.5850696 -0.6859726 -0.1711293 -0.7072174 -0.70388 0.4122086 -0.5784782 -0.1860489 0.6821959 -0.7071029 0.4276689 0.6981242 -0.5742141 0.6946446 0.1398732 -0.7056234 0.691794 0.1391723 -0.7085564 0.6841408 -0.4451778 0.5777266 -0.4820258 -0.6638397 0.5718111 -0.2694604 -0.3308888 0.9043803 0.07243746 -0.7030795 0.7074122 -0.465511 -0.664073 0.5850696 -0.6859726 -0.1711293 0.7072174 -0.70388 0.4122086 0.5784782 -0.1860489 0.6821959 0.7071029 0.4276689 0.6981242 0.5742141 0.6946446 0.1398732 0.7056234 0.691794 0.1391723 0.7085564 0.4437218 0.6854385 -0.5773085 0.2314633 0.3588558 -0.9042385 0.4423173 0.6862263 -0.5774504 0.2313444 0.3582476 -0.9045101 0.4430515 0.6858116 -0.5773802 -0.6858865 0.4430242 -0.5773122 -0.3566059 0.2314473 -0.9051323 -0.1472419 0.6921698 -0.7065556 -0.6858691 0.4429847 -0.5773631 -0.6913855 -0.1494954 -0.7068502 -0.3578728 0.2306819 -0.9048276 -0.6860131 0.4428572 -0.5772898 -0.691146 -0.149073 -0.7071735 -0.44275 -0.6860445 -0.5773347 -0.2311636 -0.3582951 -0.9045374 -0.3577778 0.2312436 -0.9047217 -0.6857582 0.443276 -0.5772712 -0.6912318 -0.1490159 -0.7071017 -0.4428686 -0.6859316 -0.5773779 0.6862747 -0.4424931 -0.5772581 0.359047 -0.2306852 -0.9043614 -0.2303612 -0.3579099 -0.9048946 -0.4436132 -0.6853836 -0.577457 0.1485978 -0.6917002 -0.7067316 0.6862341 -0.4423703 -0.5774005 0.691222 0.1489553 -0.7071241 0.6912619 0.1490262 -0.7070701 0.6912192 0.1493129 -0.7070514 0.691097 0.1491452 -0.7072062 0.6912761 0.1490276 -0.707056 0.6911859 0.1491008 -0.7071287 0.4432039 0.6856679 -0.5774338 0.2316871 0.358432 -0.9043493 0.3579912 -0.2312322 -0.9046403 0.1479269 -0.691312 -0.707252 0.6856162 -0.4435348 -0.577241 0.3579433 -0.2312773 -0.9046477 0.6853854 -0.4436962 -0.5773911 0.4437218 0.6854385 0.5773085 0.2314633 0.3588558 0.9042385 0.4423173 0.6862263 0.5774504 0.2313444 0.3582476 0.9045101 0.4430515 0.6858116 0.5773802 -0.6858865 0.4430242 0.5773122 -0.3566059 0.2314473 0.9051323 -0.1472419 0.6921698 0.7065556 -0.6858691 0.4429847 0.5773631 -0.6913855 -0.1494954 0.7068502 -0.3578728 0.2306819 0.9048276 -0.6860131 0.4428572 0.5772898 -0.691146 -0.149073 0.7071735 -0.44275 -0.6860445 0.5773347 -0.2311636 -0.3582951 0.9045374 -0.3577778 0.2312436 0.9047217 -0.6857582 0.443276 0.5772712 -0.6912318 -0.1490159 0.7071017 -0.4428686 -0.6859316 0.5773779 0.6862747 -0.4424931 0.5772581 0.359047 -0.2306852 0.9043614 -0.2303612 -0.3579099 0.9048946 -0.4436132 -0.6853836 0.577457 0.1485978 -0.6917002 0.7067316 0.6862341 -0.4423703 0.5774005 0.691222 0.1489553 0.7071241 0.6912619 0.1490262 0.7070701 0.6912192 0.1493129 0.7070514 0.691097 0.1491452 0.7072062 0.6912761 0.1490276 0.707056 0.6911859 0.1491008 0.7071287 0.4432039 0.6856679 0.5774338 0.2316871 0.358432 0.9043493 0.3579912 -0.2312322 0.9046403 0.1479269 -0.691312 0.707252 0.6856162 -0.4435348 0.577241 0.3579433 -0.2312773 0.9046477 0.6853854 -0.4436962 0.5773911 0.6823642 -0.4501235 -0.5759929 0.4556622 0.6753831 -0.5798531 -0.09719419 0.6936275 -0.7137465 -0.6614972 0.4839673 -0.5728849 -0.6940957 -0.1459044 -0.7049419 -0.4484976 -0.6810454 -0.5788152 0.6823642 -0.4501235 0.5759929 0.4556622 0.6753831 0.5798531 -0.09719419 0.6936275 0.7137465 -0.6614972 0.4839673 0.5728849 -0.6940957 -0.1459044 0.7049419 -0.4484976 -0.6810454 0.5788152 -0.7478289 0.3458187 -0.566711 0.3981361 0.7100931 -0.5807369 0.7115104 -0.4062613 -0.5733278 -0.3443824 -0.72972 -0.5906856 -0.7478289 0.3458187 0.566711 0.3981361 0.7100931 0.5807369 0.7115104 -0.4062613 0.5733278 -0.3443824 -0.72972 0.5906856 -0.5088668 -0.6296872 -0.5869826 -0.6821536 0.4468716 -0.5787679 -0.1533041 0.6903548 -0.7070418 0.433331 0.6913751 -0.5781217 0.6511069 -0.5046095 -0.5669472 -0.5088668 -0.6296872 0.5869826 -0.6821536 0.4468716 0.5787679 -0.1533041 0.6903548 0.7070418 0.433331 0.6913751 0.5781217 0.6511069 -0.5046095 0.5669472 -0.4114277 -0.7051913 -0.5774362 -0.7053327 0.4114107 -0.5772755 0.4109165 0.7054472 -0.5774876 0.7055784 -0.4110923 -0.5772021 -0.4114277 -0.7051913 0.5774362 -0.7053327 0.4114107 0.5772755 0.4109165 0.7054472 0.5774876 0.7055784 -0.4110923 0.5772021 -0.5767022 0.5768283 -0.5785186 -0.7070627 0.007873411 -0.7071071 -0.7070455 0.007927083 -0.7071236 -0.5847773 -0.5696307 -0.5775434 -0.01899203 -0.7041266 -0.7098204 -0.02458721 -0.7076329 -0.7061523 0.2339456 -0.7325488 -0.6392509 0.5067504 -0.5275386 -0.6818409 0.7251094 -0.2588408 -0.6381361 0.7285542 0.2256422 -0.6467568 0.5845186 0.3980614 -0.7070255 0.5159292 0.5430265 -0.6625249 0.2017085 0.7325225 -0.6501727 -0.005302569 0.7066021 -0.7075913 -0.003800648 0.7071015 -0.7071019 -0.00541529 0.7075932 -0.7065993 -0.00736347 0.7071816 -0.7069936 -0.5767022 0.5768283 0.5785186 -0.7070627 0.007873411 0.7071071 -0.7070455 0.007927083 0.7071236 -0.5847773 -0.5696307 0.5775434 -0.01899203 -0.7041266 0.7098204 -0.02458721 -0.7076329 0.7061523 0.2339456 -0.7325488 0.6392509 0.5067504 -0.5275386 0.6818409 0.7251094 -0.2588408 0.6381361 0.7285542 0.2256422 0.6467568 0.5845186 0.3980614 0.7070255 0.5159292 0.5430265 0.6625249 0.2017085 0.7325225 0.6501727 -0.005302569 0.7066021 0.7075913 -0.003800648 0.7071015 0.7071019 -0.00541529 0.7075932 0.7065993 -0.00736347 0.7071816 0.7069936 0.5792506 0.5754178 -0.577376 0.3026355 0.3010866 -0.9043 0.5782203 0.5764858 -0.5773434 -0.5768592 0.5778975 -0.5772937 -0.7046677 0.007709458 -0.7094956 -0.5841082 -0.571644 -0.5762297 0.5765419 -0.5780274 -0.5774805 0.3010466 -0.3022947 -0.9044274 0.5764696 -0.5782382 -0.5773417 0.3134866 -0.3026913 -0.9000579 0.01182743 -0.7025293 -0.7115566 -0.002736795 -0.7068641 -0.7073441 -0.003364291 -0.7071366 -0.707069 0.5751732 -0.5795984 -0.5772706 0.5792506 0.5754178 0.577376 0.3026355 0.3010866 0.9043 0.5782203 0.5764858 0.5773434 -0.5768592 0.5778975 0.5772937 -0.7046677 0.007709458 0.7094956 -0.5841082 -0.571644 0.5762297 0.5765419 -0.5780274 0.5774805 0.3010466 -0.3022947 0.9044274 0.5764696 -0.5782382 0.5773417 0.3134866 -0.3026913 0.9000579 0.01182743 -0.7025293 0.7115566 -0.002736795 -0.7068641 0.7073441 -0.003364291 -0.7071366 0.707069 0.5751732 -0.5795984 0.5772706 0.09498639 -0.7281544 -0.6787995 -0.4162968 -0.6775544 -0.6063143 -0.2699641 -0.4539364 -0.8491532 -0.5714711 -0.5847904 -0.5757091 -0.5836329 0.5691867 -0.5791366 0.4009564 0.6877031 -0.605226 0.2825339 0.4604408 -0.8415277 -0.2961282 0.2978604 -0.9075171 -0.5804517 0.5747534 -0.5768314 0.5685002 0.5846005 -0.5788348 0.3001877 0.3104959 -0.9019311 -0.07755957 0.6765842 -0.7322693 -0.07028859 0.7300326 -0.6797882 0.83711 0.09690352 -0.5383832 0.09498639 -0.7281544 0.6787995 -0.4162968 -0.6775544 0.6063143 -0.2699641 -0.4539364 0.8491532 -0.5714711 -0.5847904 0.5757091 -0.5836329 0.5691867 0.5791366 0.4009564 0.6877031 0.605226 0.2825339 0.4604408 0.8415277 -0.2961282 0.2978604 0.9075171 -0.5804517 0.5747534 0.5768314 0.5685002 0.5846005 0.5788348 0.3001877 0.3104959 0.9019311 -0.07755957 0.6765842 0.7322693 -0.07028859 0.7300326 0.6797882 0.83711 0.09690352 0.5383832 -0.2107167 0.8001747 -0.5615327 -0.6623391 0.2475967 -0.7071087 -0.7435982 -0.3368124 -0.5775976 0.3389879 -0.7432061 -0.5768291 0.7453798 0.3303732 -0.5790186 0.2651623 0.6553643 -0.7072387 0.4065314 0.1979055 -0.8919449 0.7633086 0.2326171 -0.6027017 0.4549885 0.5414936 -0.7069443 -0.2107167 0.8001747 0.5615327 -0.6623391 0.2475967 0.7071087 -0.7435982 -0.3368124 0.5775976 0.3389879 -0.7432061 0.5768291 0.7453798 0.3303732 0.5790186 0.2651623 0.6553643 0.7072387 0.4065314 0.1979055 0.8919449 0.7633086 0.2326171 0.6027017 0.4549885 0.5414936 0.7069443 -0.3993324 -0.7112019 -0.5785547 0.7120006 -0.4011431 -0.5763153 0.3827335 0.7225697 -0.5756806 -0.7211114 0.3806199 -0.5789014 -0.3993324 -0.7112019 0.5785547 0.7120006 -0.4011431 0.5763153 0.3827335 0.7225697 0.5756806 -0.7211114 0.3806199 0.5789014 0.1892907 -0.6813739 -0.7070351 0.7109739 -0.4014834 -0.577345 0.4015778 0.7108996 -0.5773708 0.2097391 0.3714961 -0.9044336 0.4013601 0.7110081 -0.5773886 -0.7109756 0.4015019 -0.5773299 -0.401648 -0.7108398 -0.5773956 0.1892907 -0.6813739 0.7070351 0.7109739 -0.4014834 0.577345 0.4015778 0.7108996 0.5773708 0.2097391 0.3714961 0.9044336 0.4013601 0.7110081 0.5773886 -0.7109756 0.4015019 0.5773299 -0.401648 -0.7108398 0.5773956 -0.1100938 -0.8082361 -0.5784754 -0.8102088 0.09981081 -0.5775808 0.115232 0.8098709 -0.5751789 0.8062133 -0.1252662 -0.5782114 -0.1100938 -0.8082361 0.5784754 -0.8102088 0.09981081 0.5775808 0.115232 0.8098709 0.5751789 0.8062133 -0.1252662 0.5782114 -0.3497738 -0.7379666 -0.5771166 -0.7376675 0.349632 -0.5775847 0.3497735 0.7379667 -0.5771166 0.7376677 -0.3496317 -0.5775847 -0.3497738 -0.7379666 0.5771166 -0.7376675 0.349632 0.5775847 0.3497735 0.7379667 0.5771166 0.7376677 -0.3496317 0.5775847 -0.00437071 -0.7071826 -0.7070174 -0.5812121 -0.5734754 -0.5773374 -0.5734653 0.5811959 -0.5773637 0.004597114 0.7070771 -0.7071216 0.5814159 0.5733169 -0.5772895 0.7068117 -0.004484525 -0.7073875 0.7073511 -0.004417895 -0.7068485 0.7052991 0.0004211651 -0.7089097 0.7127052 -0.012234 -0.701357 0.7053545 -0.02634698 -0.7083649 0.7070989 -0.02368562 -0.7067178 0.564628 -0.5882637 -0.5789137 -0.00437071 -0.7071826 0.7070174 -0.5812121 -0.5734754 0.5773374 -0.5734653 0.5811959 0.5773637 0.004597114 0.7070771 0.7071216 0.5814159 0.5733169 0.5772895 0.7068117 -0.004484525 0.7073875 0.7073511 -0.004417895 0.7068485 0.7052991 0.0004211651 0.7089097 0.7127052 -0.012234 0.701357 0.7053545 -0.02634698 0.7083649 0.7070989 -0.02368562 0.7067178 0.564628 -0.5882637 0.5789137 0.3886706 0.1732304 -0.9049455 0.6613317 0.4521429 -0.5985041 0.5734005 -0.5812474 -0.5773763 0.2875309 -0.4222204 -0.8596836 0.3313159 -0.7461732 -0.5774558 -0.7462341 -0.331512 -0.5772647 -0.6597294 0.254428 -0.7071234 -0.3314241 0.7461576 -0.577414 0.7462157 0.3315042 -0.577293 0.3886706 0.1732304 0.9049455 0.6613317 0.4521429 0.5985041 0.5734005 -0.5812474 0.5773763 0.2875309 -0.4222204 0.8596836 0.3313159 -0.7461732 0.5774558 -0.7462341 -0.331512 0.5772647 -0.6597294 0.254428 0.7071234 -0.3314241 0.7461576 0.577414 0.7462157 0.3315042 0.577293 0.1697214 -0.6863307 -0.7072092 0.1697645 -0.6865333 -0.7070022 -0.4362036 -0.6918638 -0.5753702 -0.6871042 -0.1524306 -0.7103891 -0.6966146 -0.1483002 -0.7019509 -0.6821156 0.4460617 -0.579437 -0.1585362 0.6890328 -0.7071776 -0.1585246 0.6891963 -0.7070208 -0.1586756 0.6889164 -0.7072596 -0.1588908 0.6891275 -0.7070056 0.4337796 0.6918096 -0.5772649 0.689313 0.1575135 -0.707133 0.6893207 0.1575988 -0.7071065 0.6946666 -0.4278472 -0.5782604 0.1697214 -0.6863307 0.7072092 0.1697645 -0.6865333 0.7070022 -0.4362036 -0.6918638 0.5753702 -0.6871042 -0.1524306 0.7103891 -0.6966146 -0.1483002 0.7019509 -0.6821156 0.4460617 0.579437 -0.1585362 0.6890328 0.7071776 -0.1585246 0.6891963 0.7070208 -0.1586756 0.6889164 0.7072596 -0.1588908 0.6891275 0.7070056 0.4337796 0.6918096 0.5772649 0.689313 0.1575135 0.707133 0.6893207 0.1575988 0.7071065 0.6946666 -0.4278472 0.5782604 -0.3368161 0.7437744 -0.5773686 -0.7438601 -0.3366481 -0.5773562 0.3363933 -0.7439574 -0.5773794 0.1756628 -0.3886198 -0.9044984 0.3365165 -0.7439342 -0.5773375 0.6616172 -0.2494638 -0.7071283 0.7438608 0.3367162 -0.5773156 -0.3368161 0.7437744 0.5773686 -0.7438601 -0.3366481 0.5773562 0.3363933 -0.7439574 0.5773794 0.1756628 -0.3886198 0.9044984 0.3365165 -0.7439342 0.5773375 0.6616172 -0.2494638 0.7071283 0.7438608 0.3367162 0.5773156 0.3295739 -0.7467516 -0.577705 -0.7458722 -0.3321788 -0.577349 -0.3896977 -0.173417 -0.904468 -0.7447257 -0.3341322 -0.5777017 -0.3345009 0.7450849 -0.5770248 0.7472258 0.3297277 -0.5770037 0.3295739 -0.7467516 0.577705 -0.7458722 -0.3321788 0.577349 -0.3896977 -0.173417 0.904468 -0.7447257 -0.3341322 0.5777017 -0.3345009 0.7450849 0.5770248 0.7472258 0.3297277 0.5770037 -0.1307198 -0.8063164 -0.5768589 -0.8048393 0.1409084 -0.5765228 0.139454 0.803781 -0.57835 0.8059407 -0.1293917 -0.5776828 -0.1307198 -0.8063164 0.5768589 -0.8048393 0.1409084 0.5765228 0.139454 0.803781 0.57835 0.8059407 -0.1293917 0.5776828 0.5806752 -0.5740793 -0.5772774 -0.5740072 -0.5806016 -0.5774231 -0.5806748 0.5740797 -0.5772775 0.5740069 0.5806019 -0.5774232 0.5806752 -0.5740793 0.5772774 -0.5740072 -0.5806016 0.5774231 -0.5806748 0.5740797 0.5772775 0.5740069 0.5806019 0.5774232 0.3830532 0.7210797 -0.5773338 0.7218401 -0.3811745 -0.577627 -0.3799754 -0.7227604 -0.577266 -0.7230856 0.3788789 -0.5775794 0.3687199 0.7275413 -0.5785579 0.1976522 0.3863087 -0.9009435 0.3830532 0.7210797 0.5773338 0.7218401 -0.3811745 0.577627 -0.3799754 -0.7227604 0.577266 -0.7230856 0.3788789 0.5775794 0.3687199 0.7275413 0.5785579 0.1976522 0.3863087 0.9009435 -0.5738707 0.5807734 -0.5773861 -0.5808922 -0.5738057 -0.5773312 0.5737875 -0.5808724 -0.5773692 0.581341 0.5732594 -0.5774222 0.004710993 0.7073211 -0.7068767 -0.5738707 0.5807734 0.5773861 -0.5808922 -0.5738057 0.5773312 0.5737875 -0.5808724 0.5773692 0.581341 0.5732594 0.5774222 0.004710993 0.7073211 0.7068767 -0.5813387 -0.5739946 -0.5766936 -0.5733393 0.580675 -0.5780127 0.5813385 0.5739948 -0.5766937 0.5733395 -0.5806748 -0.5780126 -0.5813387 -0.5739946 0.5766936 -0.5733393 0.580675 0.5780127 0.5813385 0.5739948 0.5766937 0.5733395 -0.5806748 0.5780126 0.3397561 0.239775 -0.9094359 0.6646841 0.4759911 -0.5758711 0.4664434 -0.6700696 -0.5774403 0.2436096 -0.3526239 -0.9034992 0.4674916 -0.6684901 -0.5784226 -0.6753374 -0.4615993 -0.5751917 -0.4545339 0.6771584 -0.578667 0.674878 0.4602373 -0.57682 0.3397561 0.239775 0.9094359 0.6646841 0.4759911 0.5758711 0.4664434 -0.6700696 0.5774403 0.2436096 -0.3526239 0.9034992 0.4674916 -0.6684901 0.5784226 -0.6753374 -0.4615993 0.5751917 -0.4545339 0.6771584 0.578667 0.674878 0.4602373 0.57682 -0.5423515 -0.610771 -0.5769 -0.610169 0.5420964 -0.5777761 0.5470188 0.6072488 -0.5762112 0.6061681 -0.5457642 -0.5785341 -0.5423515 -0.610771 0.5769 -0.610169 0.5420964 0.5777761 0.5470188 0.6072488 0.5762112 0.6061681 -0.5457642 0.5785341 -0.4289914 -0.6947292 -0.5773367 -0.6947129 0.4289814 -0.5773638 0.4289911 0.6947293 -0.5773368 0.6947131 -0.4289811 -0.5773638 -0.4289914 -0.6947292 0.5773367 -0.6947129 0.4289814 0.5773638 0.4289911 0.6947293 0.5773368 0.6947131 -0.4289811 0.5773638 -0.1750091 -0.7978113 -0.576948 -0.7968219 0.1782739 -0.5773156 0.1744525 0.7972587 -0.5778796 0.7984065 -0.1712221 -0.5772608 -0.1750091 -0.7978113 0.576948 -0.7968219 0.1782739 0.5773156 0.1744525 0.7972587 0.5778796 0.7984065 -0.1712221 0.5772608 -0.3766864 -0.7245677 -0.577156 -0.7249349 0.3750602 -0.5777536 0.3685675 0.7281542 -0.5778836 0.7282244 -0.3704118 -0.5766146 -0.3766864 -0.7245677 0.577156 -0.7249349 0.3750602 0.5777536 0.3685675 0.7281542 0.5778836 0.7282244 -0.3704118 0.5766146 -0.3900853 -0.7179851 -0.5764815 -0.7136136 0.3970269 -0.57717 0.3937021 0.7147975 -0.577982 0.7188363 -0.3865856 -0.5777767 -0.3900853 -0.7179851 0.5764815 -0.7136136 0.3970269 0.57717 0.3937021 0.7147975 0.577982 0.7188363 -0.3865856 0.5777767 0.4893929 -0.6532713 -0.5776948 -0.6536606 -0.489684 -0.5770073 -0.4893925 0.6532715 -0.5776948 0.6536603 0.4896844 -0.5770073 0.4893929 -0.6532713 0.5776948 -0.6536606 -0.489684 0.5770073 -0.4893925 0.6532715 0.5776948 0.6536603 0.4896844 0.5770073 -0.7847229 -0.2257448 -0.5772774 0.2254002 -0.7846843 -0.5774645 0.7848077 0.2256109 -0.5772145 -0.2258738 0.7845625 -0.5774449 -0.7847229 -0.2257448 0.5772774 0.2254002 -0.7846843 0.5774645 0.7848077 0.2256109 0.5772145 -0.2258738 0.7845625 0.5774449 0.7073148 0.001965124 -0.7068959 0.5786405 -0.5760112 -0.5773961 0.3023437 -0.3008882 -0.9044637 0.578436 -0.5762892 -0.5773236 0.001158963 -0.7070983 -0.7071143 -0.5760154 -0.5786208 -0.5774117 -0.7072221 -0.001640367 -0.7069895 -0.7070861 -0.001332628 -0.7071262 -0.5786169 0.5760547 -0.5773764 -0.3022656 0.3009103 -0.9044825 -0.7073325 -0.000722616 -0.7068806 -0.7068341 -0.0008657699 -0.7073789 -0.57864 0.5760805 -0.5773275 -0.001735333 0.7070023 -0.7072091 0.5759574 0.5787878 -0.5773021 0.7073283 0.0007119608 -0.7068848 0.7066892 0.00131984 -0.7075229 0.7073148 0.001965124 0.7068959 0.5786405 -0.5760112 0.5773961 0.3023437 -0.3008882 0.9044637 0.578436 -0.5762892 0.5773236 0.001158963 -0.7070983 0.7071143 -0.5760154 -0.5786208 0.5774117 -0.7072221 -0.001640367 0.7069895 -0.7070861 -0.001332628 0.7071262 -0.5786169 0.5760547 0.5773764 -0.3022656 0.3009103 0.9044825 -0.7073325 -0.000722616 0.7068806 -0.7068341 -0.0008657699 0.7073789 -0.57864 0.5760805 0.5773275 -0.001735333 0.7070023 0.7072091 0.5759574 0.5787878 0.5773021 0.7073283 0.0007119608 0.7068848 0.7066892 0.00131984 0.7075229 0.5801758 -0.5739369 -0.5779209 -0.5710336 -0.5835918 -0.5773571 -0.5835968 0.5710428 -0.577343 0.5710434 0.5835831 -0.5773562 0.7083205 0.003866397 -0.7058804 0.5801758 -0.5739369 0.5779209 -0.5710336 -0.5835918 0.5773571 -0.5835968 0.5710428 0.577343 0.5710434 0.5835831 0.5773562 0.7083205 0.003866397 0.7058804 -0.005484803 -0.7073524 -0.7068398 -0.5821485 -0.572454 -0.5774075 -0.5795625 0.5737533 -0.5787179 -0.0002254554 0.7110266 -0.7031651 0.5839954 0.5700692 -0.5779018 0.7070947 -0.004852139 -0.7071022 0.7063149 -0.002394175 -0.7078938 0.7078615 -0.002317565 -0.7063475 0.7068716 -0.003998778 -0.7073306 0.7073394 -0.004066437 -0.7068624 0.7070822 -0.004806983 -0.707115 0.5734847 -0.5811799 -0.5773605 -0.005484803 -0.7073524 0.7068398 -0.5821485 -0.572454 0.5774075 -0.5795625 0.5737533 0.5787179 -0.0002254554 0.7110266 0.7031651 0.5839954 0.5700692 0.5779018 0.7070947 -0.004852139 0.7071022 0.7063149 -0.002394175 0.7078938 0.7078615 -0.002317565 0.7063475 0.7068716 -0.003998778 0.7073306 0.7073394 -0.004066437 0.7068624 0.7070822 -0.004806983 0.707115 0.5734847 -0.5811799 0.5773605 -0.5811165 -0.5735714 -0.5773383 -0.5737279 0.5809048 -0.5773958 0.004357558 0.7071785 -0.7070216 0.5811863 0.5735008 -0.5773381 0.7069056 -0.004194288 -0.7072954 0.7071704 -0.003835881 -0.7070327 0.7071873 -0.00436393 -0.7070128 0.7070107 -0.004399214 -0.7071892 0.7072639 -0.004684634 -0.7069341 0.7070697 -0.005168793 -0.707125 0.5733754 -0.5812557 -0.5773928 -0.5811165 -0.5735714 0.5773383 -0.5737279 0.5809048 0.5773958 0.004357558 0.7071785 0.7070216 0.5811863 0.5735008 0.5773381 0.7069056 -0.004194288 0.7072954 0.7071704 -0.003835881 0.7070327 0.7071873 -0.00436393 0.7070128 0.7070107 -0.004399214 0.7071892 0.7072639 -0.004684634 0.7069341 0.7070697 -0.005168793 0.707125 0.5733754 -0.5812557 0.5773928 0.2362671 -0.7814999 -0.577439 -0.3336484 -0.6235329 -0.7070258 -0.7816798 -0.236013 -0.5772993 -0.2361381 0.7815518 -0.5774215 0.7816477 0.2361684 -0.5772793 0.2362671 -0.7814999 0.577439 -0.3336484 -0.6235329 0.7070258 -0.7816798 -0.236013 0.5772993 -0.2361381 0.7815518 0.5774215 0.7816477 0.2361684 0.5772793 0.5810684 -0.5735706 -0.5773874 0.5739005 0.5807586 -0.5773714 -0.580776 0.5739247 -0.5773298 -0.573958 -0.5806918 -0.5773814 0.004425657 -0.7072553 -0.7069444 0.004888084 -0.707075 -0.7071217 0.5810684 -0.5735706 0.5773874 0.5739005 0.5807586 0.5773714 -0.580776 0.5739247 0.5773298 -0.573958 -0.5806918 0.5773814 0.004425657 -0.7072553 0.7069444 0.004888084 -0.707075 0.7071217 -0.5765477 0.5781469 -0.5773551 -0.5781517 -0.5765525 -0.5773455 0.5765484 -0.5781464 -0.577355 0.5781511 0.5765531 -0.5773456 -0.5765477 0.5781469 0.5773551 -0.5781517 -0.5765525 0.5773455 0.5765484 -0.5781464 0.577355 0.5781511 0.5765531 0.5773456 -0.4342342 -0.6914106 -0.5774011 -0.6914714 0.4342724 -0.5772995 0.434234 0.6914107 -0.5774011 0.6914716 -0.4342722 -0.5772995 -0.4342342 -0.6914106 0.5774011 -0.6914714 0.4342724 0.5772995 0.434234 0.6914107 0.5774011 0.6914716 -0.4342722 0.5772995 0.8018221 0.1541194 -0.5773461 0.153737 -0.8019261 -0.5773036 -0.3970446 -0.585061 -0.7071487 -0.3967753 -0.5852239 -0.707165 -0.8018404 -0.1540351 -0.5773433 -0.1540642 0.8018217 -0.5773614 0.8018221 0.1541194 0.5773461 0.153737 -0.8019261 0.5773036 -0.3970446 -0.585061 0.7071487 -0.3967753 -0.5852239 0.707165 -0.8018404 -0.1540351 0.5773433 -0.1540642 0.8018217 0.5773614 0.5883854 0.5660821 -0.5773679 0.5662997 -0.5881719 -0.5773719 -0.5880906 -0.5664105 -0.5773461 -0.7070305 0.01346838 -0.7070548 -0.5660582 0.5884363 -0.5773394 0.5883854 0.5660821 0.5773679 0.5662997 -0.5881719 0.5773719 -0.5880906 -0.5664105 0.5773461 -0.7070305 0.01346838 0.7070548 -0.5660582 0.5884363 0.5773394 0.5760436 0.5786835 -0.5773207 0.3003892 0.3020742 -0.9047196 0.5769991 0.5779878 -0.5770634 0.706499 0.0005776003 -0.7077138 0.5789247 -0.5758622 -0.5772598 0.3020066 -0.3004084 -0.9047358 0.7071268 0.002409478 -0.7070827 0.5790561 -0.575679 -0.5773108 -0.575786 -0.5788952 -0.5773654 -0.5789153 0.5757951 -0.5773361 0.5760436 0.5786835 0.5773207 0.3003892 0.3020742 0.9047196 0.5769991 0.5779878 0.5770634 0.706499 0.0005776003 0.7077138 0.5789247 -0.5758622 0.5772598 0.3020066 -0.3004084 0.9047358 0.7071268 0.002409478 0.7070827 0.5790561 -0.575679 0.5773108 -0.575786 -0.5788952 0.5773654 -0.5789153 0.5757951 0.5773361 -0.7275544 0.2529383 -0.63772 -0.3440986 0.7016484 -0.6239277 -0.01694118 0.7069479 -0.7070627 0.2733862 0.7254268 -0.6316771 0.4781557 0.5204661 -0.7074477 0.2186494 0.561237 -0.7982515 -0.2347245 0.5382614 -0.8094313 -0.3133402 0.7128071 -0.6274742 0.3031301 0.7164887 -0.6282962 0.2319321 0.543753 -0.8065607 -0.2341443 0.539106 -0.8090372 -0.5594024 0.2234016 -0.7982234 -0.7061541 0.335144 -0.6237186 -0.5223062 0.2382933 -0.8187872 -0.7156915 0.3146762 -0.6235099 -0.2750815 0.7208559 -0.6361579 -0.3040696 0.3056655 -0.9022806 -0.7048053 0.001442601 -0.7093993 -0.5640042 0.593771 -0.5738774 0.1199691 0.7194447 -0.6841102 0.2323227 0.6811158 -0.6943395 0.2965765 0.6517025 -0.6980875 0.3569376 0.6235537 -0.6955404 0.4388657 0.5758752 -0.689757 0.518463 0.502868 -0.6916067 0.5468531 0.4515958 -0.7049915 0.6114344 0.3972847 -0.6843339 0.642176 0.308403 -0.7017817 0.6824307 0.2433283 -0.6892602 0.7268086 0.09836579 -0.6797598 0.5817152 -0.5729899 -0.5773127 0.3032258 -0.2943992 -0.9063019 0.5537277 -0.6065105 -0.5705529 0.2648021 -0.2954229 -0.9179353 0.7071119 0.002832784 -0.707096 0.5028902 0.2585541 -0.8247735 0.723791 0.3231681 -0.609663 0.6927944 -0.335578 -0.6382971 0.2898305 -0.720151 -0.6303815 -0.3399687 -0.7048185 -0.6226173 -0.2457513 -0.5191762 -0.8185734 0.279139 -0.4597981 -0.8430108 0.4109393 -0.6799218 -0.6073181 0.004228275 -0.7060475 -0.7081519 0.3053683 -0.3073618 -0.9012652 0.5726749 -0.580939 -0.5784059 -0.5774595 -0.5775291 -0.5770622 -0.2998957 -0.3005137 -0.9054027 -0.5715901 -0.5825559 -0.5778523 -0.7063107 -0.01223391 -0.7077962 -0.7077326 -0.01212517 -0.7063763 -0.7275544 0.2529383 0.63772 -0.3440986 0.7016484 0.6239277 -0.01694118 0.7069479 0.7070627 0.2733862 0.7254268 0.6316771 0.4781557 0.5204661 0.7074477 0.2186494 0.561237 0.7982515 -0.2347245 0.5382614 0.8094313 -0.3133402 0.7128071 0.6274742 0.3031301 0.7164887 0.6282962 0.2319321 0.543753 0.8065607 -0.2341443 0.539106 0.8090372 -0.5594024 0.2234016 0.7982234 -0.7061541 0.335144 0.6237186 -0.5223062 0.2382933 0.8187872 -0.7156915 0.3146762 0.6235099 -0.2750815 0.7208559 0.6361579 -0.3040696 0.3056655 0.9022806 -0.7048053 0.001442601 0.7093993 -0.5640042 0.593771 0.5738774 0.1199691 0.7194447 0.6841102 0.2323227 0.6811158 0.6943395 0.2965765 0.6517025 0.6980875 0.3569376 0.6235537 0.6955404 0.4388657 0.5758752 0.689757 0.518463 0.502868 0.6916067 0.5468531 0.4515958 0.7049915 0.6114344 0.3972847 0.6843339 0.642176 0.308403 0.7017817 0.6824307 0.2433283 0.6892602 0.7268086 0.09836579 0.6797598 0.5817152 -0.5729899 0.5773127 0.3032258 -0.2943992 0.9063019 0.5537277 -0.6065105 0.5705529 0.2648021 -0.2954229 0.9179353 0.7071119 0.002832784 0.707096 0.5028902 0.2585541 0.8247735 0.723791 0.3231681 0.609663 0.6927944 -0.335578 0.6382971 0.2898305 -0.720151 0.6303815 -0.3399687 -0.7048185 0.6226173 -0.2457513 -0.5191762 0.8185734 0.279139 -0.4597981 0.8430108 0.4109393 -0.6799218 0.6073181 0.004228275 -0.7060475 0.7081519 0.3053683 -0.3073618 0.9012652 0.5726749 -0.580939 0.5784059 -0.5774595 -0.5775291 0.5770622 -0.2998957 -0.3005137 0.9054027 -0.5715901 -0.5825559 0.5778523 -0.7063107 -0.01223391 0.7077962 -0.7077326 -0.01212517 0.7063763 0.01507216 0.7069071 -0.7071458 -0.2380748 0.522088 -0.8189899 -0.3330049 0.7077106 -0.6230999 0.3129923 0.7138527 -0.6264584 0.2312908 0.5360883 -0.8118583 -0.01245957 0.7063074 -0.7077956 -0.01336929 0.7073849 -0.7067021 -0.01314839 0.7066451 -0.7074459 0.5655373 0.5889125 -0.5773644 0.5837267 -0.5719794 -0.5762836 0.0004958677 -0.7069372 -0.7072761 0.001497383 -0.7069556 -0.7072564 -0.5769126 -0.5779824 -0.5771553 -0.5713717 0.5843283 -0.5762767 0.01507216 0.7069071 0.7071458 -0.2380748 0.522088 0.8189899 -0.3330049 0.7077106 0.6230999 0.3129923 0.7138527 0.6264584 0.2312908 0.5360883 0.8118583 -0.01245957 0.7063074 0.7077956 -0.01336929 0.7073849 0.7067021 -0.01314839 0.7066451 0.7074459 0.5655373 0.5889125 0.5773644 0.5837267 -0.5719794 0.5762836 0.0004958677 -0.7069372 0.7072761 0.001497383 -0.7069556 0.7072564 -0.5769126 -0.5779824 0.5771553 -0.5713717 0.5843283 0.5762767 -0.3008639 0.3014832 -0.904759 -0.5773118 0.5773887 -0.5773504 0.5773877 0.5773128 -0.5773504 0.7072041 -0.0003514375 -0.7070094 0.7070268 -0.0004065993 -0.7071866 0.5772638 -0.5774285 -0.5773584 0.3014918 -0.3015312 -0.9045339 0.577312 -0.5773886 -0.5773502 -0.578286 -0.576563 -0.5772005 -0.3014597 -0.300561 -0.9048675 -0.5774887 -0.5772283 -0.5773338 -0.7070715 0.0001596003 -0.7071421 -0.5768063 0.5779945 -0.5772494 -0.3008639 0.3014832 0.904759 -0.5773118 0.5773887 0.5773504 0.5773877 0.5773128 0.5773504 0.7072041 -0.0003514375 0.7070094 0.7070268 -0.0004065993 0.7071866 0.5772638 -0.5774285 0.5773584 0.3014918 -0.3015312 0.9045339 0.577312 -0.5773886 0.5773502 -0.578286 -0.576563 0.5772005 -0.3014597 -0.300561 0.9048675 -0.5774887 -0.5772283 0.5773338 -0.7070715 0.0001596003 0.7071421 -0.5768063 0.5779945 0.5772494 0.5776367 0.5770143 -0.5773997 0.5768306 -0.5779654 -0.5772542 -0.001375966 -0.7071166 -0.7070957 -0.578464 -0.5762282 -0.5773565 -0.5764937 0.57816 -0.5773959 0.5776367 0.5770143 0.5773997 0.5768306 -0.5779654 0.5772542 -0.001375966 -0.7071166 0.7070957 -0.578464 -0.5762282 0.5773565 -0.5764937 0.57816 0.5773959 -0.7476741 -0.3282338 -0.5772747 -0.3281909 0.7475761 -0.577426 0.7476726 0.3282364 -0.577275 0.3281936 -0.7475752 -0.5774256 -0.7476741 -0.3282338 0.5772747 -0.3281909 0.7475761 0.577426 0.7476726 0.3282364 0.577275 0.3281936 -0.7475752 0.5774256 -0.203623 0.8015607 -0.5621727 0.4545949 0.5414553 -0.7072268 0.4542922 0.5418268 -0.7071367 0.7781677 0.1975527 -0.5961779 0.3243911 -0.7493653 -0.5772538 -0.7489179 -0.3249268 -0.5775332 -0.203623 0.8015607 0.5621727 0.4545949 0.5414553 0.7072268 0.4542922 0.5418268 0.7071367 0.7781677 0.1975527 0.5961779 0.3243911 -0.7493653 0.5772538 -0.7489179 -0.3249268 0.5775332 -0.5608884 0.5933472 -0.5773589 -0.5934078 -0.5608311 -0.5773524 0.5608336 -0.5934095 -0.5773481 0.5942828 0.5597158 -0.5775346 0.02112607 0.7072031 -0.7066947 -0.5608884 0.5933472 0.5773589 -0.5934078 -0.5608311 0.5773524 0.5608336 -0.5934095 0.5773481 0.5942828 0.5597158 0.5775346 0.02112607 0.7072031 0.7066947 0.4901809 -0.6529125 -0.5774322 -0.6529401 -0.4903224 -0.5772809 -0.4897007 0.6533697 -0.5773224 0.6534032 0.4896051 -0.5773657 0.4901809 -0.6529125 0.5774322 -0.6529401 -0.4903224 0.5772809 -0.4897007 0.6533697 0.5773224 0.6534032 0.4896051 0.5773657 0.4765936 -0.6630462 -0.5772594 0.2486333 -0.3457588 -0.904783 0.4771508 -0.6626017 -0.5773093 -0.6626364 -0.4770229 -0.5773753 -0.4766572 0.6630001 -0.5772597 -0.248656 0.3458733 -0.904733 -0.4775997 0.6621797 -0.5774224 0.662281 0.4776379 -0.5772745 0.4765936 -0.6630462 0.5772594 0.2486333 -0.3457588 0.904783 0.4771508 -0.6626017 0.5773093 -0.6626364 -0.4770229 0.5773753 -0.4766572 0.6630001 0.5772597 -0.248656 0.3458733 0.904733 -0.4775997 0.6621797 0.5774224 0.662281 0.4776379 0.5772745 -0.4398159 -0.6879028 -0.5773661 -0.6878877 0.4398937 -0.5773249 0.4401496 0.6877148 -0.5773359 0.6877317 -0.4400729 -0.5773742 -0.4398159 -0.6879028 0.5773661 -0.6878877 0.4398937 0.5773249 0.4401496 0.6877148 0.5773359 0.6877317 -0.4400729 0.5773742 0.1923144 -0.793482 -0.5774092 -0.7934539 -0.192654 -0.5773347 -0.1920842 0.793625 -0.5772894 0.7936502 0.191744 -0.5773679 0.1923144 -0.793482 0.5774092 -0.7934539 -0.192654 0.5773347 -0.1920842 0.793625 0.5772894 0.7936502 0.191744 0.5773679 -0.2787895 -0.767428 -0.5773479 -0.7674249 0.2787885 -0.5773526 0.2787887 0.7674282 -0.5773481 0.7674253 -0.2787875 -0.5773525 -0.2787895 -0.767428 0.5773479 -0.7674249 0.2787885 0.5773526 0.2787887 0.7674282 0.5773481 0.7674253 -0.2787875 0.5773525 -0.5831422 -0.5714386 -0.5774106 -0.5714983 0.5832032 -0.57729 0.5831419 0.5714389 -0.5774107 0.5714987 -0.5832029 -0.5772899 -0.5831422 -0.5714386 0.5774106 -0.5714983 0.5832032 0.57729 0.5831419 0.5714389 0.5774107 0.5714987 -0.5832029 0.5772899 0.5117298 -0.6362593 -0.5773273 -0.6362343 -0.511709 -0.5773732 -0.5117293 0.6362595 -0.5773273 0.6362339 0.5117094 -0.5773733 0.5117298 -0.6362593 0.5773273 -0.6362343 -0.511709 0.5773732 -0.5117293 0.6362595 0.5773273 0.6362339 0.5117094 0.5773733 -0.7431732 0.3399428 -0.5763095 -0.3324869 -0.7457037 -0.5773894 0.7457816 -0.3324604 -0.577304 0.3392733 0.7418438 -0.5784129 -0.7431732 0.3399428 0.5763095 -0.3324869 -0.7457037 0.5773894 0.7457816 -0.3324604 0.577304 0.3392733 0.7418438 0.5784129 -0.002006448 0.7070122 -0.7071985 0.5754978 0.5792009 -0.5773462 0.7071688 0.002036655 -0.7070419 0.7070389 0.002036303 -0.7071717 0.5790329 -0.5756917 -0.5773214 -0.57581 -0.578882 -0.5773547 -0.3015717 -0.3023932 -0.9042195 0.001587156 -0.7066028 -0.7076086 0.001588956 -0.7076059 -0.7066055 -0.5767388 -0.5778607 -0.5774508 -0.7070256 -0.001611331 -0.7071862 -0.3015706 -0.3023702 -0.9042275 0.001220921 -0.7067201 -0.7074922 0.001941447 -0.7072602 -0.7069506 0.001526922 -0.7070807 -0.7071312 -0.5714906 -0.5823983 -0.5781097 -0.7098799 -0.002976343 -0.7043165 -0.3045091 -0.299048 -0.9043476 -0.580747 -0.5735504 -0.5777308 -0.7068094 0.0009242793 -0.7074035 -0.5779905 0.5765818 -0.5774776 -0.002006448 0.7070122 0.7071985 0.5754978 0.5792009 0.5773462 0.7071688 0.002036655 0.7070419 0.7070389 0.002036303 0.7071717 0.5790329 -0.5756917 0.5773214 -0.57581 -0.578882 0.5773547 -0.3015717 -0.3023932 0.9042195 0.001587156 -0.7066028 0.7076086 0.001588956 -0.7076059 0.7066055 -0.5767388 -0.5778607 0.5774508 -0.7070256 -0.001611331 0.7071862 -0.3015706 -0.3023702 0.9042275 0.001220921 -0.7067201 0.7074922 0.001941447 -0.7072602 0.7069506 0.001526922 -0.7070807 0.7071312 -0.5714906 -0.5823983 0.5781097 -0.7098799 -0.002976343 0.7043165 -0.3045091 -0.299048 0.9043476 -0.580747 -0.5735504 0.5777308 -0.7068094 0.0009242793 0.7074035 -0.5779905 0.5765818 0.5774776 0.7848042 0.22532 -0.5773329 -0.2253402 0.7847754 -0.5773642 -0.7846366 -0.2261682 -0.577229 0.2260937 -0.7844769 -0.5774752 0.7848042 0.22532 0.5773329 -0.2253402 0.7847754 0.5773642 -0.7846366 -0.2261682 0.577229 0.2260937 -0.7844769 0.5774752 -0.2260941 0.7845757 -0.5773408 -0.7844381 -0.2267385 -0.5772751 0.2266591 -0.7843455 -0.577432 0.7845813 0.2260431 -0.5773532 -0.2260941 0.7845757 0.5773408 -0.7844381 -0.2267385 0.5772751 0.2266591 -0.7843455 0.577432 0.7845813 0.2260431 0.5773532 -0.2393725 0.7806207 -0.5773492 0.7806192 0.2393723 -0.5773513 0.2393727 -0.7806207 -0.5773492 -0.7806193 -0.239372 -0.5773513 -0.2393725 0.7806207 0.5773492 0.7806192 0.2393723 0.5773513 0.2393727 -0.7806207 0.5773492 -0.7806193 -0.239372 0.5773513 0.7781418 0.203731 -0.5941288 0.5932874 0.006612396 -0.8049635 0.7749478 0.01797738 -0.6317695 0.5654381 -0.5324642 -0.6298902 0.431506 -0.4097435 -0.803687 0.3403224 -0.7410439 -0.5788218 -0.2409191 -0.6662221 -0.7057663 -0.7400623 -0.3443804 -0.5776764 -0.6650098 0.2405071 -0.707049 -0.6648348 0.2421112 -0.706666 -0.6639455 0.2432624 -0.7071066 -0.222752 0.7964076 -0.5622424 0.7781418 0.203731 0.5941288 0.5932874 0.006612396 0.8049635 0.7749478 0.01797738 0.6317695 0.5654381 -0.5324642 0.6298902 0.431506 -0.4097435 0.803687 0.3403224 -0.7410439 0.5788218 -0.2409191 -0.6662221 0.7057663 -0.7400623 -0.3443804 0.5776764 -0.6650098 0.2405071 0.707049 -0.6648348 0.2421112 0.706666 -0.6639455 0.2432624 0.7071066 -0.222752 0.7964076 0.5622424 -0.02128147 0.7064581 -0.7074349 0.5595689 0.5947156 -0.5772313 0.5937031 -0.5605884 -0.5772844 -0.5604947 -0.5936587 -0.577421 -0.5938844 0.5603686 -0.5773113 -0.02128147 0.7064581 0.7074349 0.5595689 0.5947156 0.5772313 0.5937031 -0.5605884 0.5772844 -0.5604947 -0.5936587 0.577421 -0.5938844 0.5603686 0.5773113 0.6341905 -0.3124057 -0.7072518 0.635742 -0.3111853 -0.7063963 0.6350416 -0.3099577 -0.7075651 0.7725311 0.26443 -0.5772975 -0.264416 0.7724581 -0.5774017 -0.7725268 -0.2644395 -0.5772989 0.2640231 -0.7725536 -0.5774536 0.6341905 -0.3124057 0.7072518 0.635742 -0.3111853 0.7063963 0.6350416 -0.3099577 0.7075651 0.7725311 0.26443 0.5772975 -0.264416 0.7724581 0.5774017 -0.7725268 -0.2644395 0.5772989 0.2640231 -0.7725536 0.5774536 -0.2139149 0.7839213 -0.5828446 -0.6192533 0.3602778 -0.6976569 -0.7810389 -0.2360683 -0.5781435 0.227262 -0.7839322 -0.5777563 0.7819572 0.2398227 -0.5753504 -0.2139149 0.7839213 0.5828446 -0.6192533 0.3602778 0.6976569 -0.7810389 -0.2360683 0.5781435 0.227262 -0.7839322 0.5777563 0.7819572 0.2398227 0.5753504 0.5712758 0.5835335 -0.5771764 0.7069113 0.006843286 -0.7072691 0.5838077 -0.5707204 -0.5774485 -0.5710641 -0.5837061 -0.5772114 -0.5835656 0.5709266 -0.5774894 0.5712758 0.5835335 0.5771764 0.7069113 0.006843286 0.7072691 0.5838077 -0.5707204 0.5774485 -0.5710641 -0.5837061 0.5772114 -0.5835656 0.5709266 0.5774894 -0.4431922 -0.6858536 -0.5772222 -0.2310132 -0.3582298 -0.9046018 -0.3585403 0.2311594 -0.9044413 -0.6860845 0.442579 -0.5774183 -0.4438507 -0.6852096 -0.5774811 0.1480584 -0.6917747 -0.7067718 0.6860446 -0.4427264 -0.5773527 0.6913228 0.1499275 -0.70682 0.6907614 0.1497992 -0.7073958 0.6912349 0.1489639 -0.7071096 0.3581381 -0.2312474 -0.9045782 -0.2313677 -0.3581592 -0.9045391 -0.4430967 -0.6858027 -0.577356 0.6859395 -0.4429352 -0.5773175 0.4428757 0.6859274 -0.5773775 0.231366 0.3582818 -0.904491 0.44297 0.6858676 -0.5773761 -0.685915 0.4429686 -0.5773209 -0.3590253 0.2311218 -0.9042585 0.2303532 0.3590268 -0.9044541 0.4420633 0.6862849 -0.5775751 -0.6856258 0.4434192 -0.5773185 -0.6912915 -0.148106 -0.7072345 -0.4431922 -0.6858536 0.5772222 -0.2310132 -0.3582298 0.9046018 -0.3585403 0.2311594 0.9044413 -0.6860845 0.442579 0.5774183 -0.4438507 -0.6852096 0.5774811 0.1480584 -0.6917747 0.7067718 0.6860446 -0.4427264 0.5773527 0.6913228 0.1499275 0.70682 0.6907614 0.1497992 0.7073958 0.6912349 0.1489639 0.7071096 0.3581381 -0.2312474 0.9045782 -0.2313677 -0.3581592 0.9045391 -0.4430967 -0.6858027 0.577356 0.6859395 -0.4429352 0.5773175 0.4428757 0.6859274 0.5773775 0.231366 0.3582818 0.904491 0.44297 0.6858676 0.5773761 -0.685915 0.4429686 0.5773209 -0.3590253 0.2311218 0.9042585 0.2303532 0.3590268 0.9044541 0.4420633 0.6862849 0.5775751 -0.6856258 0.4434192 0.5773185 -0.6912915 -0.148106 0.7072345 -0.6861499 0.4425917 -0.5773308 -0.3583753 0.2310645 -0.904531 -0.6862835 0.4423732 -0.5773395 -0.3569074 0.2311878 -0.9050797 -0.6853213 0.4441362 -0.5771289 -0.4421244 -0.6865006 -0.577272 -0.2306099 -0.3586565 -0.9045356 -0.4426091 -0.6859828 -0.577516 -0.2316892 -0.358318 -0.9043939 -0.443022 -0.6858435 -0.5773649 0.6859654 -0.4428998 -0.5773139 0.4429879 0.6858312 -0.5774056 -0.1487085 0.6914033 -0.7069988 -0.6861499 0.4425917 0.5773308 -0.3583753 0.2310645 0.904531 -0.6862835 0.4423732 0.5773395 -0.3569074 0.2311878 0.9050797 -0.6853213 0.4441362 0.5771289 -0.4421244 -0.6865006 0.577272 -0.2306099 -0.3586565 0.9045356 -0.4426091 -0.6859828 0.577516 -0.2316892 -0.358318 0.9043939 -0.443022 -0.6858435 0.5773649 0.6859654 -0.4428998 0.5773139 0.4429879 0.6858312 0.5774056 -0.1487085 0.6914033 0.7069988 -0.4423979 -0.6863011 -0.5772997 -0.2308931 -0.3582059 -0.9046419 -0.6912361 -0.1492231 -0.7070538 -0.3582307 0.2310368 -0.9045954 -0.6863107 0.442387 -0.5772966 -0.4423001 -0.6862827 -0.5773965 0.148777 -0.6911741 -0.7072085 0.1490767 -0.6913975 -0.7069269 0.6863403 -0.4422484 -0.5773676 0.3578575 -0.2310929 -0.9047287 -0.231505 -0.3588146 -0.9042442 -0.4422963 -0.6862576 -0.5774292 -0.2312448 -0.3583944 -0.9044773 -0.3552112 0.231509 -0.9056647 -0.6845343 0.44577 -0.5768032 -0.4428983 -0.6858097 -0.5774998 0.6853752 -0.443794 -0.5773281 0.3580388 -0.2316743 -0.9045083 0.6892062 -0.4387913 -0.5765908 0.4379395 0.6885063 -0.5780728 0.2312605 0.3585342 -0.904418 0.4424867 0.6861667 -0.5773913 -0.686201 0.4425367 -0.5773123 -0.3581208 0.2310122 -0.9046451 0.2314209 0.3573899 -0.9048297 0.4424669 0.6865133 -0.5769944 -0.150091 0.6904777 -0.7076109 -0.695294 0.430703 -0.5753791 -0.6841633 -0.16096 -0.7113455 -0.4423979 -0.6863011 0.5772997 -0.2308931 -0.3582059 0.9046419 -0.6912361 -0.1492231 0.7070538 -0.3582307 0.2310368 0.9045954 -0.6863107 0.442387 0.5772966 -0.4423001 -0.6862827 0.5773965 0.148777 -0.6911741 0.7072085 0.1490767 -0.6913975 0.7069269 0.6863403 -0.4422484 0.5773676 0.3578575 -0.2310929 0.9047287 -0.231505 -0.3588146 0.9042442 -0.4422963 -0.6862576 0.5774292 -0.2312448 -0.3583944 0.9044773 -0.3552112 0.231509 0.9056647 -0.6845343 0.44577 0.5768032 -0.4428983 -0.6858097 0.5774998 0.6853752 -0.443794 0.5773281 0.3580388 -0.2316743 0.9045083 0.6892062 -0.4387913 0.5765908 0.4379395 0.6885063 0.5780728 0.2312605 0.3585342 0.904418 0.4424867 0.6861667 0.5773913 -0.686201 0.4425367 0.5773123 -0.3581208 0.2310122 0.9046451 0.2314209 0.3573899 0.9048297 0.4424669 0.6865133 0.5769944 -0.150091 0.6904777 0.7076109 -0.695294 0.430703 0.5753791 -0.6841633 -0.16096 0.7113455 -0.4380026 -0.6884574 -0.5780832 -0.231332 -0.3584769 -0.9044224 -0.358017 0.2310836 -0.904668 -0.6860246 0.4428339 -0.5772941 -0.4434159 -0.6854679 -0.5775085 -0.2317489 -0.3604716 -0.9035224 -0.3584595 0.2292134 -0.9049685 -0.6866465 0.4416802 -0.5774385 -0.442734 -0.6859807 -0.5774227 0.6864071 -0.4423542 -0.5772071 0.3585023 -0.2305269 -0.9046178 -0.2307137 -0.3588416 -0.9044357 -0.4423459 -0.6861458 -0.5775241 0.1484741 -0.6914357 -0.7070164 0.1497334 -0.6913832 -0.7068021 0.686642 -0.4416853 -0.5774399 0.4420295 0.6865335 -0.5773056 0.2307529 0.3580925 -0.9047226 0.6912751 0.1491532 -0.7070305 0.6911362 0.1492287 -0.7071503 0.6912332 0.1493718 -0.7070253 0.3566561 -0.2311402 -0.905191 -0.2326654 -0.3589408 -0.9038962 -0.4425475 -0.686121 -0.577399 0.6861668 -0.4426004 -0.5773041 0.4429914 0.6857782 -0.577466 -0.1485167 0.6915166 -0.7069283 0.2311588 0.358536 -0.9044432 0.442481 0.6861623 -0.577401 -0.6862489 0.4424861 -0.5772941 -0.3592318 0.2307747 -0.9042652 0.2299926 0.3594601 -0.9043737 0.4391109 0.6884303 -0.577274 -0.1507389 0.6900942 -0.7078473 -0.6869421 0.4416449 -0.5771137 -0.6909437 -0.1552294 -0.7060458 -0.4380026 -0.6884574 0.5780832 -0.231332 -0.3584769 0.9044224 -0.358017 0.2310836 0.904668 -0.6860246 0.4428339 0.5772941 -0.4434159 -0.6854679 0.5775085 -0.2317489 -0.3604716 0.9035224 -0.3584595 0.2292134 0.9049685 -0.6866465 0.4416802 0.5774385 -0.442734 -0.6859807 0.5774227 0.6864071 -0.4423542 0.5772071 0.3585023 -0.2305269 0.9046178 -0.2307137 -0.3588416 0.9044357 -0.4423459 -0.6861458 0.5775241 0.1484741 -0.6914357 0.7070164 0.1497334 -0.6913832 0.7068021 0.686642 -0.4416853 0.5774399 0.4420295 0.6865335 0.5773056 0.2307529 0.3580925 0.9047226 0.6912751 0.1491532 0.7070305 0.6911362 0.1492287 0.7071503 0.6912332 0.1493718 0.7070253 0.3566561 -0.2311402 0.905191 -0.2326654 -0.3589408 0.9038962 -0.4425475 -0.686121 0.577399 0.6861668 -0.4426004 0.5773041 0.4429914 0.6857782 0.577466 -0.1485167 0.6915166 0.7069283 0.2311588 0.358536 0.9044432 0.442481 0.6861623 0.577401 -0.6862489 0.4424861 0.5772941 -0.3592318 0.2307747 0.9042652 0.2299926 0.3594601 0.9043737 0.4391109 0.6884303 0.577274 -0.1507389 0.6900942 0.7078473 -0.6869421 0.4416449 0.5771137 -0.6909437 -0.1552294 0.7060458 -0.6858795 0.4430297 -0.5773162 -0.3576949 0.2313178 -0.9047356 -0.6860172 0.4429825 -0.5771888 -0.3583897 0.2307811 -0.9045977 -0.1490011 0.6910761 -0.707257 -0.6860557 0.4427897 -0.5772909 -0.4428387 -0.6859112 -0.5774251 -0.2321806 -0.3530386 -0.906342 -0.4488174 -0.6827822 -0.5765166 0.678604 -0.4521306 -0.5788563 0.3607791 -0.2403042 -0.9011616 0.1486328 -0.6912345 -0.7071798 0.6860557 -0.4428154 -0.5772713 0.443048 0.6857321 -0.5774772 0.231732 0.3586013 -0.9042706 0.4427852 0.6859534 -0.577416 -0.6858795 0.4430297 0.5773162 -0.3576949 0.2313178 0.9047356 -0.6860172 0.4429825 0.5771888 -0.3583897 0.2307811 0.9045977 -0.1490011 0.6910761 0.707257 -0.6860557 0.4427897 0.5772909 -0.4428387 -0.6859112 0.5774251 -0.2321806 -0.3530386 0.906342 -0.4488174 -0.6827822 0.5765166 0.678604 -0.4521306 0.5788563 0.3607791 -0.2403042 0.9011616 0.1486328 -0.6912345 0.7071798 0.6860557 -0.4428154 0.5772713 0.443048 0.6857321 0.5774772 0.231732 0.3586013 0.9042706 0.4427852 0.6859534 0.577416 -0.6911131 -0.1492452 -0.7071694 -0.3572358 0.2313172 -0.9049171 -0.6853068 0.4440519 -0.577211 -0.4431821 -0.6857397 -0.5773653 -0.2314533 -0.3584192 -0.9044142 -0.4427618 -0.6859995 -0.5773792 0.6860216 -0.4427996 -0.5773239 0.3577894 -0.2312208 -0.904723 0.6858124 -0.4432003 -0.5772649 0.6911798 0.1488645 -0.7071844 0.3579063 -0.2314268 -0.9046241 0.6857252 -0.4432918 -0.5772983 0.3581504 -0.2313218 -0.9045543 0.6860598 -0.4427666 -0.5773039 0.4426466 0.6860707 -0.577383 0.2312699 0.3583192 -0.9045008 0.4428803 0.6859195 -0.5773833 -0.6861045 0.4427194 -0.5772869 -0.6911131 -0.1492452 0.7071694 -0.3572358 0.2313172 0.9049171 -0.6853068 0.4440519 0.577211 -0.4431821 -0.6857397 0.5773653 -0.2314533 -0.3584192 0.9044142 -0.4427618 -0.6859995 0.5773792 0.6860216 -0.4427996 0.5773239 0.3577894 -0.2312208 0.904723 0.6858124 -0.4432003 0.5772649 0.6911798 0.1488645 0.7071844 0.3579063 -0.2314268 0.9046241 0.6857252 -0.4432918 0.5772983 0.3581504 -0.2313218 0.9045543 0.6860598 -0.4427666 0.5773039 0.4426466 0.6860707 0.577383 0.2312699 0.3583192 0.9045008 0.4428803 0.6859195 0.5773833 -0.6861045 0.4427194 0.5772869 0.6857023 -0.4432331 -0.5773706 0.6914156 0.1488257 -0.706962 0.6911296 0.1487342 -0.7072609 0.3581752 -0.2315552 -0.9044848 0.1471552 -0.6911793 -0.7075426 0.6852638 -0.4442615 -0.5771007 0.443063 0.685757 -0.5774362 0.2316279 0.3584303 -0.9043651 0.4429485 0.6858646 -0.5773961 -0.6859336 0.4429652 -0.5773014 -0.3578229 0.231221 -0.9047097 -0.1486374 0.6914864 -0.7069325 0.2311438 0.3582717 -0.9045518 0.4463219 0.6832108 -0.5779445 -0.145923 0.6933383 -0.705683 -0.1493218 0.690945 -0.7073175 -0.6859393 0.4429128 -0.5773348 -0.3581917 0.2312559 -0.9045548 -0.6860806 0.4427183 -0.5773161 -0.6911639 -0.1491174 -0.7071468 -0.6912425 -0.1491398 -0.7070651 -0.4426313 -0.6860861 -0.5773762 -0.2312373 -0.3583427 -0.9044998 -0.6911838 -0.1489074 -0.7071715 -0.4430536 -0.6858287 -0.5773582 0.6857023 -0.4432331 0.5773706 0.6914156 0.1488257 0.706962 0.6911296 0.1487342 0.7072609 0.3581752 -0.2315552 0.9044848 0.1471552 -0.6911793 0.7075426 0.6852638 -0.4442615 0.5771007 0.443063 0.685757 0.5774362 0.2316279 0.3584303 0.9043651 0.4429485 0.6858646 0.5773961 -0.6859336 0.4429652 0.5773014 -0.3578229 0.231221 0.9047097 -0.1486374 0.6914864 0.7069325 0.2311438 0.3582717 0.9045518 0.4463219 0.6832108 0.5779445 -0.145923 0.6933383 0.705683 -0.1493218 0.690945 0.7073175 -0.6859393 0.4429128 0.5773348 -0.3581917 0.2312559 0.9045548 -0.6860806 0.4427183 0.5773161 -0.6911639 -0.1491174 0.7071468 -0.6912425 -0.1491398 0.7070651 -0.4426313 -0.6860861 0.5773762 -0.2312373 -0.3583427 0.9044998 -0.6911838 -0.1489074 0.7071715 -0.4430536 -0.6858287 0.5773582 0.4427379 0.6860028 -0.5773936 0.2313407 0.358375 -0.9044605 0.6911476 0.1485454 -0.707283 0.4433355 0.6857005 -0.5772941 -0.686017 0.4428031 -0.5773267 -0.4428461 -0.6859412 -0.5773838 0.1490213 -0.6913416 -0.7069933 0.148982 -0.6911205 -0.7072177 0.6860474 -0.4427842 -0.5773051 0.4427379 0.6860028 0.5773936 0.2313407 0.358375 0.9044605 0.6911476 0.1485454 0.707283 0.4433355 0.6857005 0.5772941 -0.686017 0.4428031 0.5773267 -0.4428461 -0.6859412 0.5773838 0.1490213 -0.6913416 0.7069933 0.148982 -0.6911205 0.7072177 0.6860474 -0.4427842 0.5773051 0.7968377 -0.1783135 -0.5772815 -0.1782929 -0.7967427 -0.577419 -0.7968375 0.1783142 -0.5772816 0.1782924 0.7967428 -0.5774191 0.7968377 -0.1783135 0.5772815 -0.1782929 -0.7967427 0.577419 -0.7968375 0.1783142 0.5772816 0.1782924 0.7967428 0.5774191 0.65855 -0.2569928 -0.7072953 0.3289072 -0.747283 -0.5773977 -0.7474233 -0.3287918 -0.5772819 -0.3302181 0.7465218 -0.5776341 0.2525561 0.6602507 -0.7073079 0.7469077 0.3306162 -0.5769071 0.65855 -0.2569928 0.7072953 0.3289072 -0.747283 0.5773977 -0.7474233 -0.3287918 0.5772819 -0.3302181 0.7465218 0.5776341 0.2525561 0.6602507 0.7073079 0.7469077 0.3306162 0.5769071 0.5874604 0.5670312 -0.5773784 0.5680161 -0.5863782 -0.5775104 -0.5862457 -0.5684273 -0.5772403 -0.5673622 0.5872452 -0.5772723 0.5874604 0.5670312 0.5773784 0.5680161 -0.5863782 0.5775104 -0.5862457 -0.5684273 0.5772403 -0.5673622 0.5872452 0.5772723 -0.5747017 0.5800036 -0.5773333 -0.5799869 -0.5746844 -0.5773673 0.574669 -0.5800307 -0.5773386 0.7071308 -0.003108408 -0.7070759 0.7070735 -0.003094499 -0.7071333 0.7070931 -0.003198199 -0.7071132 0.7071478 -0.003068935 -0.7070591 0.5798917 0.5747647 -0.5773831 -0.5747017 0.5800036 0.5773333 -0.5799869 -0.5746844 0.5773673 0.574669 -0.5800307 0.5773386 0.7071308 -0.003108408 0.7070759 0.7070735 -0.003094499 0.7071333 0.7070931 -0.003198199 0.7071132 0.7071478 -0.003068935 0.7070591 0.5798917 0.5747647 0.5773831 0.5923019 0.5620399 -0.5773123 0.5620213 -0.5922422 -0.5773918 -0.5926558 -0.5617355 -0.5772455 -0.5616151 0.592569 -0.5774517 0.5923019 0.5620399 0.5773123 0.5620213 -0.5922422 0.5773918 -0.5926558 -0.5617355 0.5772455 -0.5616151 0.592569 0.5774517 0.7861166 0.2207925 -0.5772966 0.6162047 -0.3474172 -0.706819 0.2192615 -0.7864156 -0.5774729 -0.7880425 -0.2154245 -0.5766986 -0.2156603 0.7869696 -0.578074 0.7861166 0.2207925 0.5772966 0.6162047 -0.3474172 0.706819 0.2192615 -0.7864156 0.5774729 -0.7880425 -0.2154245 0.5766986 -0.2156603 0.7869696 0.578074 -0.4433978 0.6855275 -0.5774516 -0.691084 0.1492251 -0.7072021 -0.6857757 -0.4433667 -0.5771808 0.444005 -0.6851707 -0.5774086 0.6853263 0.4438856 -0.5773158 -0.4433978 0.6855275 0.5774516 -0.691084 0.1492251 0.7072021 -0.6857757 -0.4433667 0.5771808 0.444005 -0.6851707 0.5774086 0.6853263 0.4438856 0.5773158 -0.5832905 0.5713922 -0.5773068 -0.572273 -0.5821581 -0.5775773 0.007078205 -0.7078779 -0.7062993 0.5842483 -0.5702158 -0.5775014 0.5713489 0.5832468 -0.5773938 -0.5832905 0.5713922 0.5773068 -0.572273 -0.5821581 0.5775773 0.007078205 -0.7078779 0.7062993 0.5842483 -0.5702158 0.5775014 0.5713489 0.5832468 0.5773938 -0.001759955 0.706545 -0.707666 -0.5784041 0.5764698 -0.5771752 -0.7067303 -0.001183655 -0.7074821 -0.5764795 -0.5783925 -0.5771771 0.5795116 -0.5752239 -0.5773073 0.5747411 0.5799923 -0.5773055 -0.001759955 0.706545 0.707666 -0.5784041 0.5764698 0.5771752 -0.7067303 -0.001183655 0.7074821 -0.5764795 -0.5783925 0.5771771 0.5795116 -0.5752239 0.5773073 0.5747411 0.5799923 0.5773055 -0.5613642 -0.5928864 -0.5773699 0.5929068 -0.561383 -0.5773306 0.5610311 0.5932644 -0.5773054 -0.01910552 0.7065533 -0.7074019 -0.592553 0.5618317 -0.5772575 -0.5613642 -0.5928864 0.5773699 0.5929068 -0.561383 0.5773306 0.5610311 0.5932644 0.5773054 -0.01910552 0.7065533 0.7074019 -0.592553 0.5618317 0.5772575 0.3534896 0.7360616 -0.5772854 0.6662623 0.2352494 -0.7076385 0.7369696 -0.3517869 -0.5771671 -0.3524563 -0.7364461 -0.5774269 -0.7365437 0.352503 -0.5772738 0.3534896 0.7360616 0.5772854 0.6662623 0.2352494 0.7076385 0.7369696 -0.3517869 0.5771671 -0.3524563 -0.7364461 0.5774269 -0.7365437 0.352503 0.5772738 0.546352 0.6068094 -0.5773057 0.606731 -0.5463519 -0.5773881 -0.5469735 -0.606332 -0.5772187 -0.6062253 0.5468067 -0.5774888 0.546352 0.6068094 0.5773057 0.606731 -0.5463519 0.5773881 -0.5469735 -0.606332 0.5772187 -0.6062253 0.5468067 0.5774888 0.5587928 0.5953498 -0.5773293 0.5953282 -0.5587726 -0.5773712 -0.5587931 -0.5953496 -0.5773293 -0.595328 0.5587728 -0.5773712 0.5587928 0.5953498 0.5773293 0.5953282 -0.5587726 0.5773712 -0.5587931 -0.5953496 0.5773293 -0.595328 0.5587728 0.5773712 0.5030264 0.6532025 -0.5659425 0.4296946 -0.7120692 -0.5552657 -0.6813292 -0.4072678 -0.6082134 -0.6368815 0.4947141 -0.5913036 0.5030264 0.6532025 0.5659425 0.4296946 -0.7120692 0.5552657 -0.6813292 -0.4072678 0.6082134 -0.6368815 0.4947141 0.5913036 -0.1306276 0.8060128 -0.577304 0.805948 0.1306175 -0.5773967 0.1306279 -0.8060128 -0.5773039 -0.8059481 -0.1306169 -0.5773966 -0.1306276 0.8060128 0.577304 0.805948 0.1306175 0.5773967 0.1306279 -0.8060128 0.5773039 -0.8059481 -0.1306169 0.5773966 -0.7762872 0.2530303 -0.5773681 0.2536044 0.7761817 -0.577258 0.7759082 -0.2542155 -0.5773568 -0.2536521 -0.7760469 -0.5774182 -0.7762872 0.2530303 0.5773681 0.2536044 0.7761817 0.577258 0.7759082 -0.2542155 0.5773568 -0.2536521 -0.7760469 0.5774182 -0.4111035 -0.705314 -0.5775171 -0.7056736 0.4108884 -0.5772309 0.4114703 0.7052163 -0.5773753 0.7050907 -0.4118218 -0.577278 -0.4111035 -0.705314 0.5775171 -0.7056736 0.4108884 0.5772309 0.4114703 0.7052163 0.5773753 0.7050907 -0.4118218 0.577278 -0.6901101 -0.4363245 -0.5773811 -0.4363479 0.690147 -0.5773194 0.6901096 0.4363252 -0.5773812 0.4363486 -0.6901466 -0.5773193 -0.6901101 -0.4363245 0.5773811 -0.4363479 0.690147 0.5773194 0.6901096 0.4363252 0.5773812 0.4363486 -0.6901466 0.5773193 0.4335491 -0.6918836 -0.5773494 0.2264244 -0.361233 -0.9045677 0.4335128 -0.6919363 -0.5773134 -0.6918922 -0.433485 -0.5773872 -0.3604139 -0.2266403 -0.9048403 0.2273375 -0.3614806 -0.9042397 0.4338042 -0.6917242 -0.5773487 -0.6917231 -0.433802 -0.5773517 -0.3615714 -0.2265006 -0.9044134 0.2261827 -0.361445 -0.9045435 0.4317794 -0.6931728 -0.5771291 -0.6922914 -0.4324253 -0.5777032 -0.361423 -0.2270258 -0.904341 0.2264933 -0.3613789 -0.9044922 0.4338173 -0.6916703 -0.5774034 -0.6917342 -0.433857 -0.5772971 -0.3613572 -0.2263793 -0.9045294 -0.6918983 -0.4335129 -0.5773589 -0.4335908 0.6918543 -0.5773532 0.6918643 0.4335844 -0.577346 0.4335491 -0.6918836 0.5773494 0.2264244 -0.361233 0.9045677 0.4335128 -0.6919363 0.5773134 -0.6918922 -0.433485 0.5773872 -0.3604139 -0.2266403 0.9048403 0.2273375 -0.3614806 0.9042397 0.4338042 -0.6917242 0.5773487 -0.6917231 -0.433802 0.5773517 -0.3615714 -0.2265006 0.9044134 0.2261827 -0.361445 0.9045435 0.4317794 -0.6931728 0.5771291 -0.6922914 -0.4324253 0.5777032 -0.361423 -0.2270258 0.904341 0.2264933 -0.3613789 0.9044922 0.4338173 -0.6916703 0.5774034 -0.6917342 -0.433857 0.5772971 -0.3613572 -0.2263793 0.9045294 -0.6918983 -0.4335129 0.5773589 -0.4335908 0.6918543 0.5773532 0.6918643 0.4335844 0.577346 0.4916833 0.6401447 -0.5903069 -0.009698897 0.7064509 -0.7076956 0.2978842 0.3011924 -0.9058411 0.5764188 0.5784742 -0.577156 -0.002571556 0.7071037 -0.7071051 -0.5784424 0.5760869 -0.5775191 -0.5769902 -0.5777317 -0.5773286 0.5777186 -0.5769614 -0.5773705 0.3014747 -0.3013581 -0.9045973 -0.3015345 -0.3014884 -0.904534 -0.5773941 -0.5773065 -0.5773502 -0.301589 -0.3022158 -0.904273 -0.5755221 -0.5792889 -0.5772336 0.5794418 -0.5751793 -0.5774218 0.3022775 -0.3005917 -0.9045844 -0.3007409 -0.3024087 -0.904491 -0.7070787 -0.002005698 -0.7071321 -0.57651 -0.5780425 -0.5774973 0.5784621 -0.5764288 -0.577158 0.3024494 -0.3004164 -0.9045852 0.002439898 -0.7071693 -0.7070401 0.002585169 -0.7070817 -0.7071271 -0.3004272 -0.3024863 -0.9045692 -0.5755385 -0.5791412 -0.5773655 0.5792297 -0.5754923 -0.5773228 0.3016909 -0.3003901 -0.9048472 0.008175741 -0.709452 -0.7047063 0.6549782 -0.500021 -0.5665533 0.4916833 0.6401447 0.5903069 -0.009698897 0.7064509 0.7076956 0.2978842 0.3011924 0.9058411 0.5764188 0.5784742 0.577156 -0.002571556 0.7071037 0.7071051 -0.5784424 0.5760869 0.5775191 -0.5769902 -0.5777317 0.5773286 0.5777186 -0.5769614 0.5773705 0.3014747 -0.3013581 0.9045973 -0.3015345 -0.3014884 0.904534 -0.5773941 -0.5773065 0.5773502 -0.301589 -0.3022158 0.904273 -0.5755221 -0.5792889 0.5772336 0.5794418 -0.5751793 0.5774218 0.3022775 -0.3005917 0.9045844 -0.3007409 -0.3024087 0.904491 -0.7070787 -0.002005698 0.7071321 -0.57651 -0.5780425 0.5774973 0.5784621 -0.5764288 0.577158 0.3024494 -0.3004164 0.9045852 0.002439898 -0.7071693 0.7070401 0.002585169 -0.7070817 0.7071271 -0.3004272 -0.3024863 0.9045692 -0.5755385 -0.5791412 0.5773655 0.5792297 -0.5754923 0.5773228 0.3016909 -0.3003901 0.9048472 0.008175741 -0.709452 0.7047063 0.6549782 -0.500021 0.5665533 -0.4954788 -0.6364721 -0.5911041 0.002832577 -0.7072527 -0.7069552 -0.300098 -0.3029274 -0.9045309 -0.5751604 -0.5794259 -0.5774566 0.5795202 -0.5752767 -0.5772461 0.304943 -0.3002408 -0.903806 0.01784353 -0.7100616 -0.7039134 -0.2888244 -0.3020968 -0.9084702 -0.5743185 -0.5803316 -0.5773851 0.5801176 -0.5745627 -0.5773572 0.5745538 0.5801432 -0.5773402 0.3000358 0.3032277 -0.9044509 0.3036749 -0.299837 -0.9043668 0.5808605 -0.5737241 -0.5774441 0.5742019 0.5804987 -0.577333 -0.5807708 0.5739408 -0.577319 -0.303088 0.2996119 -0.9046383 -0.5804976 0.5741996 -0.5773364 -0.7071488 -0.004119742 -0.7070528 -0.309765 0.3000691 -0.9022218 0.2915564 0.2847945 -0.9131741 0.5887005 0.5691421 -0.5740288 -0.5870912 0.5675989 -0.5771962 -0.3060713 0.2958748 -0.9048638 0.2959488 0.2951626 -0.9084566 0.5821223 0.573682 -0.5762139 -0.5738424 0.5799057 -0.5782857 -0.7290844 -0.08436879 -0.6792038 -0.4954788 -0.6364721 0.5911041 0.002832577 -0.7072527 0.7069552 -0.300098 -0.3029274 0.9045309 -0.5751604 -0.5794259 0.5774566 0.5795202 -0.5752767 0.5772461 0.304943 -0.3002408 0.903806 0.01784353 -0.7100616 0.7039134 -0.2888244 -0.3020968 0.9084702 -0.5743185 -0.5803316 0.5773851 0.5801176 -0.5745627 0.5773572 0.5745538 0.5801432 0.5773402 0.3000358 0.3032277 0.9044509 0.3036749 -0.299837 0.9043668 0.5808605 -0.5737241 0.5774441 0.5742019 0.5804987 0.577333 -0.5807708 0.5739408 0.577319 -0.303088 0.2996119 0.9046383 -0.5804976 0.5741996 0.5773364 -0.7071488 -0.004119742 0.7070528 -0.309765 0.3000691 0.9022218 0.2915564 0.2847945 0.9131741 0.5887005 0.5691421 0.5740288 -0.5870912 0.5675989 0.5771962 -0.3060713 0.2958748 0.9048638 0.2959488 0.2951626 0.9084566 0.5821223 0.573682 0.5762139 -0.5738424 0.5799057 0.5782857 -0.7290844 -0.08436879 0.6792038 -0.4134062 0.7225563 -0.5540827 -0.7073096 -0.004367305 -0.7068904 -0.5731345 -0.5815515 -0.5773342 0.004990256 -0.7070026 -0.7071933 0.8112056 -0.2201317 -0.5417449 -0.4134062 0.7225563 0.5540827 -0.7073096 -0.004367305 0.7068904 -0.5731345 -0.5815515 0.5773342 0.004990256 -0.7070026 0.7071933 0.8112056 -0.2201317 0.5417449 0.5714941 0.5831447 -0.5773532 0.7068873 0.007709588 -0.7072842 0.4158175 -0.7213377 -0.5538662 -0.8115405 0.2187473 -0.5418041 0.5714941 0.5831447 0.5773532 0.7068873 0.007709588 0.7072842 0.4158175 -0.7213377 0.5538662 -0.8115405 0.2187473 0.5418041 -0.4134062 0.7225563 -0.5540827 -0.7073096 -0.004367305 -0.7068904 -0.5731345 -0.5815515 -0.5773342 0.004990256 -0.7070026 -0.7071933 0.8112056 -0.2201317 -0.5417449 -0.4134062 0.7225563 0.5540827 -0.7073096 -0.004367305 0.7068904 -0.5731345 -0.5815515 0.5773342 0.004990256 -0.7070026 0.7071933 0.8112056 -0.2201317 0.5417449 0.5714941 0.5831447 -0.5773532 0.7068873 0.007709588 -0.7072842 0.4158175 -0.7213377 -0.5538662 -0.8115405 0.2187473 -0.5418041 0.5714941 0.5831447 0.5773532 0.7068873 0.007709588 0.7072842 0.4158175 -0.7213377 0.5538662 -0.8115405 0.2187473 0.5418041 0.4916833 0.6401447 -0.5903069 -0.009698897 0.7064509 -0.7076956 0.2978842 0.3011924 -0.9058411 0.5764188 0.5784742 -0.577156 -0.002571556 0.7071037 -0.7071051 -0.5784424 0.5760869 -0.5775191 -0.5769902 -0.5777317 -0.5773286 0.5777186 -0.5769614 -0.5773705 0.3014747 -0.3013581 -0.9045973 -0.3015345 -0.3014884 -0.904534 -0.5773941 -0.5773065 -0.5773502 -0.301589 -0.3022158 -0.904273 -0.5755221 -0.5792889 -0.5772336 0.5794418 -0.5751793 -0.5774218 0.3022775 -0.3005917 -0.9045844 -0.3007409 -0.3024087 -0.904491 -0.7070787 -0.002005698 -0.7071321 -0.57651 -0.5780425 -0.5774973 0.5784621 -0.5764288 -0.577158 0.3024494 -0.3004164 -0.9045852 0.002439898 -0.7071693 -0.7070401 0.002585169 -0.7070817 -0.7071271 -0.3004272 -0.3024863 -0.9045692 -0.5755385 -0.5791412 -0.5773655 0.5792297 -0.5754923 -0.5773228 0.3016909 -0.3003901 -0.9048472 0.008175741 -0.709452 -0.7047063 0.6549782 -0.500021 -0.5665533 0.4916833 0.6401447 0.5903069 -0.009698897 0.7064509 0.7076956 0.2978842 0.3011924 0.9058411 0.5764188 0.5784742 0.577156 -0.002571556 0.7071037 0.7071051 -0.5784424 0.5760869 0.5775191 -0.5769902 -0.5777317 0.5773286 0.5777186 -0.5769614 0.5773705 0.3014747 -0.3013581 0.9045973 -0.3015345 -0.3014884 0.904534 -0.5773941 -0.5773065 0.5773502 -0.301589 -0.3022158 0.904273 -0.5755221 -0.5792889 0.5772336 0.5794418 -0.5751793 0.5774218 0.3022775 -0.3005917 0.9045844 -0.3007409 -0.3024087 0.904491 -0.7070787 -0.002005698 0.7071321 -0.57651 -0.5780425 0.5774973 0.5784621 -0.5764288 0.577158 0.3024494 -0.3004164 0.9045852 0.002439898 -0.7071693 0.7070401 0.002585169 -0.7070817 0.7071271 -0.3004272 -0.3024863 0.9045692 -0.5755385 -0.5791412 0.5773655 0.5792297 -0.5754923 0.5773228 0.3016909 -0.3003901 0.9048472 0.008175741 -0.709452 0.7047063 0.6549782 -0.500021 0.5665533 0.5744879 0.5802068 -0.5773419 0.3016467 0.3031041 -0.9039564 0.5759977 0.5784691 -0.5775814 0.5787003 -0.5762279 -0.5771199 0.301328 -0.2994212 -0.9052891 0.5806384 -0.5741237 -0.5772704 -0.5757561 -0.579144 -0.5771457 -0.5789779 0.5755043 -0.5775634 0.5744879 0.5802068 0.5773419 0.3016467 0.3031041 0.9039564 0.5759977 0.5784691 0.5775814 0.5787003 -0.5762279 0.5771199 0.301328 -0.2994212 0.9052891 0.5806384 -0.5741237 0.5772704 -0.5757561 -0.579144 0.5771457 -0.5789779 0.5755043 0.5775634 0.5691415 0.5854243 -0.5773701 0.5854465 -0.5691586 -0.5773308 -0.5690743 -0.5854795 -0.5773805 -0.585508 0.5691066 -0.5773197 0.5691415 0.5854243 0.5773701 0.5854465 -0.5691586 0.5773308 -0.5690743 -0.5854795 0.5773805 -0.585508 0.5691066 0.5773197 -0.4954788 -0.6364721 -0.5911041 0.002832577 -0.7072527 -0.7069552 -0.300098 -0.3029274 -0.9045309 -0.5751604 -0.5794259 -0.5774566 0.5795202 -0.5752767 -0.5772461 0.304943 -0.3002408 -0.903806 0.01784353 -0.7100616 -0.7039134 -0.2888244 -0.3020968 -0.9084702 -0.5743185 -0.5803316 -0.5773851 0.5801176 -0.5745627 -0.5773572 0.5745538 0.5801432 -0.5773402 0.3000358 0.3032277 -0.9044509 0.3036749 -0.299837 -0.9043668 0.5808605 -0.5737241 -0.5774441 0.5742019 0.5804987 -0.577333 -0.5807708 0.5739408 -0.577319 -0.303088 0.2996119 -0.9046383 -0.5804976 0.5741996 -0.5773364 -0.7071488 -0.004119742 -0.7070528 -0.309765 0.3000691 -0.9022218 0.2915564 0.2847945 -0.9131741 0.5887005 0.5691421 -0.5740288 -0.5870912 0.5675989 -0.5771962 -0.3060713 0.2958748 -0.9048638 0.2959488 0.2951626 -0.9084566 0.5821223 0.573682 -0.5762139 -0.5738424 0.5799057 -0.5782857 -0.7290844 -0.08436879 -0.6792038 -0.4954788 -0.6364721 0.5911041 0.002832577 -0.7072527 0.7069552 -0.300098 -0.3029274 0.9045309 -0.5751604 -0.5794259 0.5774566 0.5795202 -0.5752767 0.5772461 0.304943 -0.3002408 0.903806 0.01784353 -0.7100616 0.7039134 -0.2888244 -0.3020968 0.9084702 -0.5743185 -0.5803316 0.5773851 0.5801176 -0.5745627 0.5773572 0.5745538 0.5801432 0.5773402 0.3000358 0.3032277 0.9044509 0.3036749 -0.299837 0.9043668 0.5808605 -0.5737241 0.5774441 0.5742019 0.5804987 0.577333 -0.5807708 0.5739408 0.577319 -0.303088 0.2996119 0.9046383 -0.5804976 0.5741996 0.5773364 -0.7071488 -0.004119742 0.7070528 -0.309765 0.3000691 0.9022218 0.2915564 0.2847945 0.9131741 0.5887005 0.5691421 0.5740288 -0.5870912 0.5675989 0.5771962 -0.3060713 0.2958748 0.9048638 0.2959488 0.2951626 0.9084566 0.5821223 0.573682 0.5762139 -0.5738424 0.5799057 0.5782857 -0.7290844 -0.08436879 0.6792038 -0.5745126 -0.5801036 -0.5774211 -0.3016632 -0.3033139 -0.9038805 -0.575827 -0.57861 -0.5776104 -0.5838189 0.5700538 -0.5780953 -0.3075568 0.2999651 -0.9030115 -0.5806315 0.5740868 -0.577314 0.5756398 0.5792827 -0.5771225 0.5787524 -0.5757767 -0.5775179 -0.5745126 -0.5801036 0.5774211 -0.3016632 -0.3033139 0.9038805 -0.575827 -0.57861 0.5776104 -0.5838189 0.5700538 0.5780953 -0.3075568 0.2999651 0.9030115 -0.5806315 0.5740868 0.577314 0.5756398 0.5792827 0.5771225 0.5787524 -0.5757767 0.5775179</float_array>
          <technique_common>
            <accessor count="4800" source="#normals-array-array" stride="3">
              <param type="float" name="X"/>
              <param type="float" name="Y"/>
              <param type="float" name="Z"/>
            </accessor>
          </technique_common>
        </source>
        <vertices id="verts-array-vertices">
          <input semantic="POSITION" source="#verts-array"/>
        </vertices>
        <triangles count="8644" material="material0">
          <input offset="0" semantic="VERTEX" source="#verts-array-vertices"/>
          <input offset="1" semantic="NORMAL" source="#normals-array"/>
          <p>1 1 0 0 7 7 3 3 2 2 1 1 7 7 6 6 5 5 4 4 3 3 1 1 7 7 5 5 4 4 4 4 1 1 7 7 15 15 8 8 9 9 9 9 10 10 11 11 13 13 14 14 15 15 9 9 11 11 12 12 12 12 13 13 15 15 15 15 9 9 12 12 9 9 8 8 1 1 1 1 8 8 0 0 10 10 9 9 2 2 2 2 9 9 1 1 11 11 10 10 3 3 3 3 10 10 2 2 12 12 11 11 4 4 4 4 11 11 3 3 13 13 12 12 5 5 5 5 12 12 4 4 14 14 13 13 6 6 6 6 13 13 5 5 8 8 15 15 0 0 0 0 15 15 7 7 15 15 14 14 7 7 7 7 14 14 6 6 20 20 21 21 16 16 18 18 19 19 20 20 16 16 17 17 18 18 18 18 20 20 16 16 22 22 27 27 26 26 26 26 25 25 24 24 24 24 23 23 22 22 22 22 26 26 24 24 22 22 23 23 16 16 16 16 23 23 17 17 23 23 24 24 17 17 17 17 24 24 18 18 24 24 25 25 18 18 18 18 25 25 19 19 25 25 26 26 19 19 19 19 26 26 20 20 27 27 22 22 21 21 21 21 22 22 16 16 26 26 27 27 20 20 20 20 27 27 21 21 74 74 75 75 28 28 70 70 71 71 72 72 66 66 67 67 68 68 62 62 63 63 64 64 60 60 61 61 62 62 57 57 58 58 59 59 55 55 56 56 57 57 52 52 53 53 54 54 48 48 49 49 50 50 45 45 46 46 47 47 42 42 43 43 44 44 39 39 40 40 41 41 36 36 37 37 38 38 32 32 33 33 34 34 30 30 31 31 32 32 74 74 28 28 29 29 69 69 70 70 72 72 65 65 66 66 68 68 60 60 62 62 64 64 55 55 57 57 59 59 51 51 52 52 54 54 47 47 48 48 50 50 41 41 42 42 44 44 35 35 36 36 38 38 30 30 32 32 34 34 74 74 29 29 30 30 68 68 69 69 72 72 64 64 65 65 68 68 59 59 60 60 64 64 54 54 55 55 59 59 47 47 50 50 51 51 39 39 41 41 44 44 34 34 35 35 38 38 73 73 74 74 30 30 64 64 68 68 72 72 54 54 59 59 64 64 45 45 47 47 51 51 39 39 44 44 45 45 30 30 34 34 38 38 72 72 73 73 30 30 51 51 54 54 64 64 39 39 45 45 51 51 72 72 30 30 38 38 39 39 51 51 64 64 72 72 38 38 39 39 39 39 64 64 72 72 76 76 123 123 122 122 120 120 119 119 118 118 116 116 115 115 114 114 112 112 111 111 110 110 110 110 109 109 108 108 107 107 106 106 105 105 105 105 104 104 103 103 102 102 101 101 100 100 98 98 97 97 96 96 95 95 94 94 93 93 92 92 91 91 90 90 89 89 88 88 87 87 86 86 85 85 84 84 82 82 81 81 80 80 80 80 79 79 78 78 77 77 76 76 122 122 120 120 118 118 117 117 116 116 114 114 113 113 112 112 110 110 108 108 107 107 105 105 103 103 102 102 100 100 99 99 98 98 96 96 95 95 92 92 90 90 89 89 86 86 84 84 83 83 82 82 80 80 78 78 78 78 77 77 122 122 120 120 117 117 116 116 116 116 113 113 112 112 112 112 108 108 107 107 107 107 103 103 102 102 99 99 98 98 95 95 92 92 89 89 87 87 86 86 83 83 82 82 78 78 122 122 121 121 120 120 116 116 112 112 112 112 107 107 102 102 99 99 95 95 93 93 93 93 92 92 87 87 86 86 82 82 78 78 78 78 121 121 120 120 112 112 102 102 99 99 99 99 93 93 87 87 86 86 78 78 120 120 112 112 99 99 87 87 87 87 86 86 120 120 120 120 112 112 87 87 76 76 77 77 28 28 28 28 77 77 29 29 77 77 78 78 29 29 29 29 78 78 30 30 78 78 79 79 30 30 30 30 79 79 31 31 79 79 80 80 31 31 31 31 80 80 32 32 80 80 81 81 32 32 32 32 81 81 33 33 81 81 82 82 33 33 33 33 82 82 34 34 82 82 83 83 34 34 34 34 83 83 35 35 83 83 84 84 35 35 35 35 84 84 36 36 84 84 85 85 36 36 36 36 85 85 37 37 85 85 86 86 37 37 37 37 86 86 38 38 86 86 87 87 38 38 38 38 87 87 39 39 87 87 88 88 39 39 39 39 88 88 40 40 88 88 89 89 40 40 40 40 89 89 41 41 89 89 90 90 41 41 41 41 90 90 42 42 90 90 91 91 42 42 42 42 91 91 43 43 91 91 92 92 43 43 43 43 92 92 44 44 92 92 93 93 44 44 44 44 93 93 45 45 93 93 94 94 45 45 45 45 94 94 46 46 94 94 95 95 46 46 46 46 95 95 47 47 95 95 96 96 47 47 47 47 96 96 48 48 96 96 97 97 48 48 48 48 97 97 49 49 97 97 98 98 49 49 49 49 98 98 50 50 98 98 99 99 50 50 50 50 99 99 51 51 99 99 100 100 51 51 51 51 100 100 52 52 100 100 101 101 52 52 52 52 101 101 53 53 101 101 102 102 53 53 53 53 102 102 54 54 102 102 103 103 54 54 54 54 103 103 55 55 103 103 104 104 55 55 55 55 104 104 56 56 104 104 105 105 56 56 56 56 105 105 57 57 105 105 106 106 57 57 57 57 106 106 58 58 106 106 107 107 58 58 58 58 107 107 59 59 107 107 108 108 59 59 59 59 108 108 60 60 108 108 109 109 60 60 60 60 109 109 61 61 109 109 110 110 61 61 61 61 110 110 62 62 110 110 111 111 62 62 62 62 111 111 63 63 111 111 112 112 63 63 63 63 112 112 64 64 112 112 113 113 64 64 64 64 113 113 65 65 113 113 114 114 65 65 65 65 114 114 66 66 114 114 115 115 66 66 66 66 115 115 67 67 115 115 116 116 67 67 67 67 116 116 68 68 116 116 117 117 68 68 68 68 117 117 69 69 117 117 118 118 69 69 69 69 118 118 70 70 118 118 119 119 70 70 70 70 119 119 71 71 119 119 120 120 71 71 71 71 120 120 72 72 120 120 121 121 72 72 72 72 121 121 73 73 121 121 122 122 73 73 73 73 122 122 74 74 123 123 76 76 75 75 75 75 76 76 28 28 122 122 123 123 74 74 74 74 123 123 75 75 134 134 135 135 124 124 132 132 133 133 134 134 130 130 131 131 132 132 126 126 127 127 128 128 134 134 124 124 125 125 130 130 132 132 134 134 125 125 126 126 128 128 129 129 130 130 134 134 125 125 128 128 129 129 129 129 134 134 125 125 136 136 147 147 146 146 146 146 145 145 144 144 144 144 143 143 142 142 140 140 139 139 138 138 137 137 136 136 146 146 146 146 144 144 142 142 140 140 138 138 137 137 146 146 142 142 141 141 141 141 140 140 137 137 137 137 146 146 141 141 136 136 137 137 124 124 124 124 137 137 125 125 137 137 138 138 125 125 125 125 138 138 126 126 138 138 139 139 126 126 126 126 139 139 127 127 139 139 140 140 127 127 127 127 140 140 128 128 140 140 141 141 128 128 128 128 141 141 129 129 141 141 142 142 129 129 129 129 142 142 130 130 142 142 143 143 130 130 130 130 143 143 131 131 143 143 144 144 131 131 131 131 144 144 132 132 144 144 145 145 132 132 132 132 145 145 133 133 145 145 146 146 133 133 133 133 146 146 134 134 147 147 136 136 135 135 135 135 136 136 124 124 146 146 147 147 134 134 134 134 147 147 135 135 152 152 153 153 148 148 150 150 151 151 152 152 148 148 149 149 150 150 150 150 152 152 148 148 154 154 159 159 158 158 158 158 157 157 156 156 156 156 155 155 154 154 154 154 158 158 156 156 154 154 155 155 148 148 148 148 155 155 149 149 155 155 156 156 149 149 149 149 156 156 150 150 156 156 157 157 150 150 150 150 157 157 151 151 157 157 158 158 151 151 151 151 158 158 152 152 159 159 154 154 153 153 153 153 154 154 148 148 158 158 159 159 152 152 152 152 159 159 153 153 161 161 160 160 173 173 163 163 162 162 161 161 165 165 164 164 163 163 167 167 166 166 165 165 170 170 169 169 168 168 172 172 171 171 170 170 163 163 161 161 173 173 167 167 165 165 163 163 172 172 170 170 168 168 168 168 167 167 163 163 173 173 172 172 168 168 168 168 163 163 173 173 187 187 174 174 175 175 175 175 176 176 177 177 177 177 178 178 179 179 179 179 180 180 181 181 182 182 183 183 184 184 184 184 185 185 186 186 187 187 175 175 177 177 177 177 179 179 181 181 182 182 184 184 186 186 177 177 181 181 182 182 182 182 186 186 187 187 187 187 177 177 182 182 175 175 174 174 161 161 161 161 174 174 160 160 176 176 175 175 162 162 162 162 175 175 161 161 177 177 176 176 163 163 163 163 176 176 162 162 178 178 177 177 164 164 164 164 177 177 163 163 179 179 178 178 165 165 165 165 178 178 164 164 180 180 179 179 166 166 166 166 179 179 165 165 181 181 180 180 167 167 167 167 180 180 166 166 182 182 181 181 168 168 168 168 181 181 167 167 183 183 182 182 169 169 169 169 182 182 168 168 184 184 183 183 170 170 170 170 183 183 169 169 185 185 184 184 171 171 171 171 184 184 170 170 186 186 185 185 172 172 172 172 185 185 171 171 174 174 187 187 160 160 160 160 187 187 173 173 187 187 186 186 173 173 173 173 186 186 172 172 189 189 188 188 191 191 191 191 190 190 189 189 195 195 192 192 193 193 193 193 194 194 195 195 193 193 192 192 189 189 189 189 192 192 188 188 194 194 193 193 190 190 190 190 193 193 189 189 192 192 195 195 188 188 188 188 195 195 191 191 195 195 194 194 191 191 191 191 194 194 190 190 204 204 205 205 196 196 202 202 203 203 204 204 199 199 200 200 201 201 197 197 198 198 199 199 201 201 202 202 204 204 197 197 199 199 201 201 201 201 204 204 196 196 196 196 197 197 201 201 206 206 215 215 214 214 214 214 213 213 212 212 211 211 210 210 209 209 209 209 208 208 207 207 214 214 212 212 211 211 211 211 209 209 207 207 206 206 214 214 211 211 211 211 207 207 206 206 206 206 207 207 196 196 196 196 207 207 197 197 207 207 208 208 197 197 197 197 208 208 198 198 208 208 209 209 198 198 198 198 209 209 199 199 209 209 210 210 199 199 199 199 210 210 200 200 210 210 211 211 200 200 200 200 211 211 201 201 211 211 212 212 201 201 201 201 212 212 202 202 212 212 213 213 202 202 202 202 213 213 203 203 213 213 214 214 203 203 203 203 214 214 204 204 215 215 206 206 205 205 205 205 206 206 196 196 214 214 215 215 204 204 204 204 215 215 205 205 218 218 217 217 216 216 220 220 219 219 218 218 216 216 221 221 220 220 220 220 218 218 216 216 222 222 223 223 224 224 224 224 225 225 226 226 226 226 227 227 222 222 222 222 224 224 226 226 223 223 222 222 217 217 217 217 222 222 216 216 224 224 223 223 218 218 218 218 223 223 217 217 225 225 224 224 219 219 219 219 224 224 218 218 226 226 225 225 220 220 220 220 225 225 219 219 222 222 227 227 216 216 216 216 227 227 221 221 227 227 226 226 221 221 221 221 226 226 220 220 229 229 228 228 231 231 231 231 230 230 229 229 235 235 232 232 233 233 233 233 234 234 235 235 233 233 232 232 229 229 229 229 232 232 228 228 234 234 233 233 230 230 230 230 233 233 229 229 232 232 235 235 228 228 228 228 235 235 231 231 235 235 234 234 231 231 231 231 234 234 230 230 237 237 236 236 250 250 240 240 239 239 238 238 244 244 243 243 242 242 247 247 246 246 245 245 237 237 250 250 249 249 241 241 240 240 238 238 245 245 244 244 242 242 248 248 247 247 245 245 237 237 249 249 248 248 242 242 241 241 238 238 248 248 245 245 242 242 238 238 237 237 248 248 248 248 242 242 238 238 265 265 251 251 252 252 253 253 254 254 255 255 257 257 258 258 259 259 260 260 261 261 262 262 264 264 265 265 252 252 253 253 255 255 256 256 257 257 259 259 260 260 260 260 262 262 263 263 263 263 264 264 252 252 253 253 256 256 257 257 257 257 260 260 263 263 263 263 252 252 253 253 253 253 257 257 263 263 252 252 251 251 237 237 237 237 251 251 236 236 253 253 252 252 238 238 238 238 252 252 237 237 254 254 253 253 239 239 239 239 253 253 238 238 255 255 254 254 240 240 240 240 254 254 239 239 256 256 255 255 241 241 241 241 255 255 240 240 257 257 256 256 242 242 242 242 256 256 241 241 258 258 257 257 243 243 243 243 257 257 242 242 259 259 258 258 244 244 244 244 258 258 243 243 260 260 259 259 245 245 245 245 259 259 244 244 261 261 260 260 246 246 246 246 260 260 245 245 262 262 261 261 247 247 247 247 261 261 246 246 263 263 262 262 248 248 248 248 262 262 247 247 264 264 263 263 249 249 249 249 263 263 248 248 251 251 265 265 236 236 236 236 265 265 250 250 265 265 264 264 250 250 250 250 264 264 249 249 293 293 294 294 266 266 290 290 291 291 292 292 288 288 289 289 290 290 285 285 286 286 287 287 283 283 284 284 285 285 281 281 282 282 283 283 278 278 279 279 280 280 275 275 276 276 277 277 273 273 274 274 275 275 271 271 272 272 273 273 269 269 270 270 271 271 267 267 268 268 269 269 293 293 266 266 267 267 288 288 290 290 292 292 285 285 287 287 288 288 280 280 281 281 283 283 277 277 278 278 280 280 273 273 275 275 277 277 269 269 271 271 273 273 293 293 267 267 269 269 288 288 292 292 293 293 280 280 283 283 285 285 273 273 277 277 280 280 293 293 269 269 273 273 285 285 288 288 293 293 273 273 280 280 285 285 285 285 293 293 273 273 295 295 323 323 322 322 321 321 320 320 319 319 319 319 318 318 317 317 316 316 315 315 314 314 314 314 313 313 312 312 312 312 311 311 310 310 309 309 308 308 307 307 306 306 305 305 304 304 304 304 303 303 302 302 302 302 301 301 300 300 300 300 299 299 298 298 298 298 297 297 296 296 296 296 295 295 322 322 321 321 319 319 317 317 317 317 316 316 314 314 312 312 310 310 309 309 309 309 307 307 306 306 306 306 304 304 302 302 302 302 300 300 298 298 298 298 296 296 322 322 322 322 321 321 317 317 314 314 312 312 309 309 309 309 306 306 302 302 302 302 298 298 322 322 322 322 317 317 314 314 314 314 309 309 302 302 302 302 322 322 314 314 295 295 296 296 266 266 266 266 296 296 267 267 296 296 297 297 267 267 267 267 297 297 268 268 297 297 298 298 268 268 268 268 298 298 269 269 298 298 299 299 269 269 269 269 299 299 270 270 299 299 300 300 270 270 270 270 300 300 271 271 300 300 301 301 271 271 271 271 301 301 272 272 301 301 302 302 272 272 272 272 302 302 273 273 302 302 303 303 273 273 273 273 303 303 274 274 303 303 304 304 274 274 274 274 304 304 275 275 304 304 305 305 275 275 275 275 305 305 276 276 305 305 306 306 276 276 276 276 306 306 277 277 306 306 307 307 277 277 277 277 307 307 278 278 307 307 308 308 278 278 278 278 308 308 279 279 308 308 309 309 279 279 279 279 309 309 280 280 309 309 310 310 280 280 280 280 310 310 281 281 310 310 311 311 281 281 281 281 311 311 282 282 311 311 312 312 282 282 282 282 312 312 283 283 312 312 313 313 283 283 283 283 313 313 284 284 313 313 314 314 284 284 284 284 314 314 285 285 314 314 315 315 285 285 285 285 315 315 286 286 315 315 316 316 286 286 286 286 316 316 287 287 316 316 317 317 287 287 287 287 317 317 288 288 317 317 318 318 288 288 288 288 318 318 289 289 318 318 319 319 289 289 289 289 319 319 290 290 319 319 320 320 290 290 290 290 320 320 291 291 320 320 321 321 291 291 291 291 321 321 292 292 321 321 322 322 292 292 292 292 322 322 293 293 323 323 295 295 294 294 294 294 295 295 266 266 322 322 323 323 293 293 293 293 323 323 294 294 325 325 324 324 336 336 329 329 328 328 327 327 332 332 331 331 330 330 334 334 333 333 332 332 325 325 336 336 335 335 329 329 327 327 326 326 334 334 332 332 330 330 325 325 335 335 334 334 330 330 329 329 326 326 326 326 325 325 334 334 334 334 330 330 326 326 349 349 337 337 338 338 340 340 341 341 342 342 343 343 344 344 345 345 345 345 346 346 347 347 348 348 349 349 338 338 339 339 340 340 342 342 343 343 345 345 347 347 347 347 348 348 338 338 339 339 342 342 343 343 347 347 338 338 339 339 339 339 343 343 347 347 338 338 337 337 325 325 325 325 337 337 324 324 339 339 338 338 326 326 326 326 338 338 325 325 340 340 339 339 327 327 327 327 339 339 326 326 341 341 340 340 328 328 328 328 340 340 327 327 342 342 341 341 329 329 329 329 341 341 328 328 343 343 342 342 330 330 330 330 342 342 329 329 344 344 343 343 331 331 331 331 343 343 330 330 345 345 344 344 332 332 332 332 344 344 331 331 346 346 345 345 333 333 333 333 345 345 332 332 347 347 346 346 334 334 334 334 346 346 333 333 348 348 347 347 335 335 335 335 347 347 334 334 337 337 349 349 324 324 324 324 349 349 336 336 349 349 348 348 336 336 336 336 348 348 335 335 352 352 351 351 350 350 354 354 353 353 352 352 356 356 355 355 354 354 358 358 357 357 356 356 361 361 360 360 359 359 350 350 362 362 361 361 356 356 354 354 352 352 359 359 358 358 356 356 350 350 361 361 359 359 359 359 356 356 352 352 352 352 350 350 359 359 363 363 364 364 365 365 365 365 366 366 367 367 367 367 368 368 369 369 369 369 370 370 371 371 372 372 373 373 374 374 374 374 375 375 363 363 365 365 367 367 369 369 369 369 371 371 372 372 372 372 374 374 363 363 365 365 369 369 372 372 372 372 363 363 365 365 364 364 363 363 351 351 351 351 363 363 350 350 365 365 364 364 352 352 352 352 364 364 351 351 366 366 365 365 353 353 353 353 365 365 352 352 367 367 366 366 354 354 354 354 366 366 353 353 368 368 367 367 355 355 355 355 367 367 354 354 369 369 368 368 356 356 356 356 368 368 355 355 370 370 369 369 357 357 357 357 369 369 356 356 371 371 370 370 358 358 358 358 370 370 357 357 372 372 371 371 359 359 359 359 371 371 358 358 373 373 372 372 360 360 360 360 372 372 359 359 374 374 373 373 361 361 361 361 373 373 360 360 363 363 375 375 350 350 350 350 375 375 362 362 375 375 374 374 362 362 362 362 374 374 361 361 389 389 390 390 376 376 387 387 388 388 389 389 384 384 385 385 386 386 382 382 383 383 384 384 380 380 381 381 382 382 377 377 378 378 379 379 389 389 376 376 377 377 384 384 386 386 387 387 379 379 380 380 382 382 387 387 389 389 377 377 382 382 384 384 387 387 377 377 379 379 382 382 382 382 387 387 377 377 391 391 405 405 404 404 404 404 403 403 402 402 401 401 400 400 399 399 399 399 398 398 397 397 397 397 396 396 395 395 394 394 393 393 392 392 392 392 391 391 404 404 402 402 401 401 399 399 397 397 395 395 394 394 392 392 404 404 402 402 402 402 399 399 397 397 397 397 394 394 392 392 392 392 402 402 397 397 391 391 392 392 376 376 376 376 392 392 377 377 392 392 393 393 377 377 377 377 393 393 378 378 393 393 394 394 378 378 378 378 394 394 379 379 394 394 395 395 379 379 379 379 395 395 380 380 395 395 396 396 380 380 380 380 396 396 381 381 396 396 397 397 381 381 381 381 397 397 382 382 397 397 398 398 382 382 382 382 398 398 383 383 398 398 399 399 383 383 383 383 399 399 384 384 399 399 400 400 384 384 384 384 400 400 385 385 400 400 401 401 385 385 385 385 401 401 386 386 401 401 402 402 386 386 386 386 402 402 387 387 402 402 403 403 387 387 387 387 403 403 388 388 403 403 404 404 388 388 388 388 404 404 389 389 405 405 391 391 390 390 390 390 391 391 376 376 404 404 405 405 389 389 389 389 405 405 390 390 408 408 409 409 406 406 406 406 407 407 408 408 410 410 413 413 412 412 412 412 411 411 410 410 410 410 411 411 406 406 406 406 411 411 407 407 411 411 412 412 407 407 407 407 412 412 408 408 413 413 410 410 409 409 409 409 410 410 406 406 412 412 413 413 408 408 408 408 413 413 409 409 416 416 417 417 414 414 414 414 415 415 416 416 418 418 421 421 420 420 420 420 419 419 418 418 418 418 419 419 414 414 414 414 419 419 415 415 419 419 420 420 415 415 415 415 420 420 416 416 421 421 418 418 417 417 417 417 418 418 414 414 420 420 421 421 416 416 416 416 421 421 417 417 424 424 425 425 422 422 422 422 423 423 424 424 426 426 429 429 428 428 428 428 427 427 426 426 426 426 427 427 422 422 422 422 427 427 423 423 427 427 428 428 423 423 423 423 428 428 424 424 429 429 426 426 425 425 425 425 426 426 422 422 428 428 429 429 424 424 424 424 429 429 425 425 431 431 430 430 433 433 433 433 432 432 431 431 437 437 434 434 435 435 435 435 436 436 437 437 435 435 434 434 431 431 431 431 434 434 430 430 436 436 435 435 432 432 432 432 435 435 431 431 434 434 437 437 430 430 430 430 437 437 433 433 437 437 436 436 433 433 433 433 436 436 432 432 439 439 438 438 442 442 441 441 440 440 439 439 439 439 442 442 441 441 447 447 443 443 444 444 444 444 445 445 446 446 446 446 447 447 444 444 444 444 443 443 439 439 439 439 443 443 438 438 445 445 444 444 440 440 440 440 444 444 439 439 446 446 445 445 441 441 441 441 445 445 440 440 443 443 447 447 438 438 438 438 447 447 442 442 447 447 446 446 442 442 442 442 446 446 441 441 449 449 448 448 453 453 451 451 450 450 449 449 449 449 453 453 452 452 452 452 451 451 449 449 459 459 454 454 455 455 455 455 456 456 457 457 458 458 459 459 455 455 455 455 457 457 458 458 455 455 454 454 449 449 449 449 454 454 448 448 456 456 455 455 450 450 450 450 455 455 449 449 457 457 456 456 451 451 451 451 456 456 450 450 458 458 457 457 452 452 452 452 457 457 451 451 454 454 459 459 448 448 448 448 459 459 453 453 459 459 458 458 453 453 453 453 458 458 452 452 474 474 475 475 460 460 472 472 473 473 474 474 467 467 468 468 469 469 464 464 465 465 466 466 460 460 461 461 462 462 472 472 474 474 460 460 467 467 469 469 470 470 463 463 464 464 466 466 460 460 462 462 463 463 471 471 472 472 460 460 466 466 467 467 470 470 460 460 463 463 466 466 470 470 471 471 460 460 460 460 466 466 470 470 476 476 491 491 490 490 490 490 489 489 488 488 485 485 484 484 483 483 482 482 481 481 480 480 478 478 477 477 476 476 476 476 490 490 488 488 486 486 485 485 483 483 482 482 480 480 479 479 479 479 478 478 476 476 476 476 488 488 487 487 486 486 483 483 482 482 482 482 479 479 476 476 476 476 487 487 486 486 486 486 482 482 476 476 476 476 477 477 460 460 460 460 477 477 461 461 477 477 478 478 461 461 461 461 478 478 462 462 478 478 479 479 462 462 462 462 479 479 463 463 479 479 480 480 463 463 463 463 480 480 464 464 480 480 481 481 464 464 464 464 481 481 465 465 481 481 482 482 465 465 465 465 482 482 466 466 482 482 483 483 466 466 466 466 483 483 467 467 483 483 484 484 467 467 467 467 484 484 468 468 484 484 485 485 468 468 468 468 485 485 469 469 485 485 486 486 469 469 469 469 486 486 470 470 486 486 487 487 470 470 470 470 487 487 471 471 487 487 488 488 471 471 471 471 488 488 472 472 488 488 489 489 472 472 472 472 489 489 473 473 489 489 490 490 473 473 473 473 490 490 474 474 491 491 476 476 475 475 475 475 476 476 460 460 490 490 491 491 474 474 474 474 491 491 475 475 493 493 492 492 508 508 496 496 495 495 494 494 498 498 497 497 496 496 501 501 500 500 499 499 504 504 503 503 502 502 508 508 507 507 506 506 494 494 493 493 508 508 498 498 496 496 494 494 501 501 499 499 498 498 505 505 504 504 502 502 494 494 508 508 506 506 501 501 498 498 494 494 505 505 502 502 501 501 494 494 506 506 505 505 505 505 501 501 494 494 525 525 509 509 510 510 511 511 512 512 513 513 513 513 514 514 515 515 516 516 517 517 518 518 519 519 520 520 521 521 523 523 524 524 525 525 525 525 510 510 511 511 511 511 513 513 515 515 515 515 516 516 518 518 519 519 521 521 522 522 523 523 525 525 511 511 511 511 515 515 518 518 518 518 519 519 522 522 522 522 523 523 511 511 511 511 518 518 522 522 510 510 509 509 493 493 493 493 509 509 492 492 511 511 510 510 494 494 494 494 510 510 493 493 512 512 511 511 495 495 495 495 511 511 494 494 513 513 512 512 496 496 496 496 512 512 495 495 514 514 513 513 497 497 497 497 513 513 496 496 515 515 514 514 498 498 498 498 514 514 497 497 516 516 515 515 499 499 499 499 515 515 498 498 517 517 516 516 500 500 500 500 516 516 499 499 518 518 517 517 501 501 501 501 517 517 500 500 519 519 518 518 502 502 502 502 518 518 501 501 520 520 519 519 503 503 503 503 519 519 502 502 521 521 520 520 504 504 504 504 520 520 503 503 522 522 521 521 505 505 505 505 521 521 504 504 523 523 522 522 506 506 506 506 522 522 505 505 524 524 523 523 507 507 507 507 523 523 506 506 509 509 525 525 492 492 492 492 525 525 508 508 525 525 524 524 508 508 508 508 524 524 507 507 527 527 526 526 538 538 531 531 530 530 529 529 533 533 532 532 531 531 536 536 535 535 534 534 527 527 538 538 537 537 533 533 531 531 529 529 537 537 536 536 534 534 528 528 527 527 537 537 533 533 529 529 528 528 528 528 537 537 534 534 534 534 533 533 528 528 551 551 539 539 540 540 542 542 543 543 544 544 544 544 545 545 546 546 547 547 548 548 549 549 550 550 551 551 540 540 542 542 544 544 546 546 547 547 549 549 550 550 550 550 540 540 541 541 541 541 542 542 546 546 547 547 550 550 541 541 541 541 546 546 547 547 540 540 539 539 527 527 527 527 539 539 526 526 541 541 540 540 528 528 528 528 540 540 527 527 542 542 541 541 529 529 529 529 541 541 528 528 543 543 542 542 530 530 530 530 542 542 529 529 544 544 543 543 531 531 531 531 543 543 530 530 545 545 544 544 532 532 532 532 544 544 531 531 546 546 545 545 533 533 533 533 545 545 532 532 547 547 546 546 534 534 534 534 546 546 533 533 548 548 547 547 535 535 535 535 547 547 534 534 549 549 548 548 536 536 536 536 548 548 535 535 550 550 549 549 537 537 537 537 549 549 536 536 539 539 551 551 526 526 526 526 551 551 538 538 551 551 550 550 538 538 538 538 550 550 537 537 555 555 556 556 552 552 553 553 554 554 555 555 555 555 552 552 553 553 557 557 561 561 560 560 560 560 559 559 558 558 558 558 557 557 560 560 557 557 558 558 552 552 552 552 558 558 553 553 558 558 559 559 553 553 553 553 559 559 554 554 559 559 560 560 554 554 554 554 560 560 555 555 561 561 557 557 556 556 556 556 557 557 552 552 560 560 561 561 555 555 555 555 561 561 556 556 563 563 562 562 565 565 565 565 564 564 563 563 569 569 566 566 567 567 567 567 568 568 569 569 567 567 566 566 563 563 563 563 566 566 562 562 568 568 567 567 564 564 564 564 567 567 563 563 566 566 569 569 562 562 562 562 569 569 565 565 569 569 568 568 565 565 565 565 568 568 564 564 571 571 570 570 589 589 575 575 574 574 573 573 577 577 576 576 575 575 581 581 580 580 579 579 584 584 583 583 582 582 587 587 586 586 585 585 571 571 589 589 588 588 577 577 575 575 573 573 582 582 581 581 579 579 588 588 587 587 585 585 572 572 571 571 588 588 577 577 573 573 572 572 582 582 579 579 578 578 572 572 588 588 585 585 578 578 577 577 572 572 584 584 582 582 578 578 572 572 585 585 584 584 584 584 578 578 572 572 609 609 590 590 591 591 593 593 594 594 595 595 595 595 596 596 597 597 599 599 600 600 601 601 602 602 603 603 604 604 605 605 606 606 607 607 608 608 609 609 591 591 593 593 595 595 597 597 599 599 601 601 602 602 605 605 607 607 608 608 608 608 591 591 592 592 592 592 593 593 597 597 598 598 599 599 602 602 605 605 608 608 592 592 592 592 597 597 598 598 598 598 602 602 604 604 604 604 605 605 592 592 592 592 598 598 604 604 591 591 590 590 571 571 571 571 590 590 570 570 592 592 591 591 572 572 572 572 591 591 571 571 593 593 592 592 573 573 573 573 592 592 572 572 594 594 593 593 574 574 574 574 593 593 573 573 595 595 594 594 575 575 575 575 594 594 574 574 596 596 595 595 576 576 576 576 595 595 575 575 597 597 596 596 577 577 577 577 596 596 576 576 598 598 597 597 578 578 578 578 597 597 577 577 599 599 598 598 579 579 579 579 598 598 578 578 600 600 599 599 580 580 580 580 599 599 579 579 601 601 600 600 581 581 581 581 600 600 580 580 602 602 601 601 582 582 582 582 601 601 581 581 603 603 602 602 583 583 583 583 602 602 582 582 604 604 603 603 584 584 584 584 603 603 583 583 605 605 604 604 585 585 585 585 604 604 584 584 606 606 605 605 586 586 586 586 605 605 585 585 607 607 606 606 587 587 587 587 606 606 586 586 608 608 607 607 588 588 588 588 607 607 587 587 590 590 609 609 570 570 570 570 609 609 589 589 609 609 608 608 589 589 589 589 608 608 588 588 616 616 617 617 610 610 614 614 615 615 616 616 612 612 613 613 614 614 610 610 611 611 612 612 614 614 616 616 610 610 610 610 612 612 614 614 618 618 625 625 624 624 624 624 623 623 622 622 622 622 621 621 620 620 620 620 619 619 618 618 618 618 624 624 622 622 622 622 620 620 618 618 618 618 619 619 610 610 610 610 619 619 611 611 619 619 620 620 611 611 611 611 620 620 612 612 620 620 621 621 612 612 612 612 621 621 613 613 621 621 622 622 613 613 613 613 622 622 614 614 622 622 623 623 614 614 614 614 623 623 615 615 623 623 624 624 615 615 615 615 624 624 616 616 625 625 618 618 617 617 617 617 618 618 610 610 624 624 625 625 616 616 616 616 625 625 617 617 627 627 626 626 651 651 629 629 628 628 627 627 631 631 630 630 629 629 633 633 632 632 631 631 635 635 634 634 633 633 637 637 636 636 635 635 639 639 638 638 637 637 644 644 643 643 642 642 646 646 645 645 644 644 648 648 647 647 646 646 650 650 649 649 648 648 627 627 651 651 650 650 631 631 629 629 627 627 635 635 633 633 631 631 639 639 637 637 635 635 646 646 644 644 642 642 650 650 648 648 646 646 631 631 627 627 650 650 639 639 635 635 631 631 646 646 642 642 641 641 631 631 650 650 646 646 640 640 639 639 631 631 631 631 646 646 641 641 641 641 640 640 631 631 677 677 652 652 653 653 653 653 654 654 655 655 655 655 656 656 657 657 657 657 658 658 659 659 659 659 660 660 661 661 661 661 662 662 663 663 663 663 664 664 665 665 668 668 669 669 670 670 670 670 671 671 672 672 672 672 673 673 674 674 674 674 675 675 676 676 676 676 677 677 653 653 653 653 655 655 657 657 657 657 659 659 661 661 661 661 663 663 665 665 668 668 670 670 672 672 672 672 674 674 676 676 676 676 653 653 657 657 657 657 661 661 665 665 667 667 668 668 672 672 672 672 676 676 657 657 657 657 665 665 666 666 667 667 672 672 657 657 657 657 666 666 667 667 653 653 652 652 627 627 627 627 652 652 626 626 654 654 653 653 628 628 628 628 653 653 627 627 655 655 654 654 629 629 629 629 654 654 628 628 656 656 655 655 630 630 630 630 655 655 629 629 657 657 656 656 631 631 631 631 656 656 630 630 658 658 657 657 632 632 632 632 657 657 631 631 659 659 658 658 633 633 633 633 658 658 632 632 660 660 659 659 634 634 634 634 659 659 633 633 661 661 660 660 635 635 635 635 660 660 634 634 662 662 661 661 636 636 636 636 661 661 635 635 663 663 662 662 637 637 637 637 662 662 636 636 664 664 663 663 638 638 638 638 663 663 637 637 665 665 664 664 639 639 639 639 664 664 638 638 666 666 665 665 640 640 640 640 665 665 639 639 667 667 666 666 641 641 641 641 666 666 640 640 668 668 667 667 642 642 642 642 667 667 641 641 669 669 668 668 643 643 643 643 668 668 642 642 670 670 669 669 644 644 644 644 669 669 643 643 671 671 670 670 645 645 645 645 670 670 644 644 672 672 671 671 646 646 646 646 671 671 645 645 673 673 672 672 647 647 647 647 672 672 646 646 674 674 673 673 648 648 648 648 673 673 647 647 675 675 674 674 649 649 649 649 674 674 648 648 676 676 675 675 650 650 650 650 675 675 649 649 652 652 677 677 626 626 626 626 677 677 651 651 677 677 676 676 651 651 651 651 676 676 650 650 692 692 693 693 678 678 690 690 691 691 692 692 686 686 687 687 688 688 683 683 684 684 685 685 680 680 681 681 682 682 678 678 679 679 680 680 689 689 690 690 692 692 686 686 688 688 689 689 683 683 685 685 686 686 680 680 682 682 683 683 692 692 678 678 680 680 686 686 689 689 692 692 692 692 680 680 683 683 683 683 686 686 692 692 694 694 709 709 708 708 708 708 707 707 706 706 704 704 703 703 702 702 701 701 700 700 699 699 698 698 697 697 696 696 696 696 695 695 694 694 708 708 706 706 705 705 705 705 704 704 702 702 702 702 701 701 699 699 699 699 698 698 696 696 696 696 694 694 708 708 708 708 705 705 702 702 699 699 696 696 708 708 708 708 702 702 699 699 694 694 695 695 678 678 678 678 695 695 679 679 695 695 696 696 679 679 679 679 696 696 680 680 696 696 697 697 680 680 680 680 697 697 681 681 697 697 698 698 681 681 681 681 698 698 682 682 698 698 699 699 682 682 682 682 699 699 683 683 699 699 700 700 683 683 683 683 700 700 684 684 700 700 701 701 684 684 684 684 701 701 685 685 701 701 702 702 685 685 685 685 702 702 686 686 702 702 703 703 686 686 686 686 703 703 687 687 703 703 704 704 687 687 687 687 704 704 688 688 704 704 705 705 688 688 688 688 705 705 689 689 705 705 706 706 689 689 689 689 706 706 690 690 706 706 707 707 690 690 690 690 707 707 691 691 707 707 708 708 691 691 691 691 708 708 692 692 709 709 694 694 693 693 693 693 694 694 678 678 708 708 709 709 692 692 692 692 709 709 693 693 711 711 710 710 716 716 713 713 712 712 711 711 715 715 714 714 713 713 711 711 716 716 715 715 715 715 713 713 711 711 723 723 717 717 718 718 718 718 719 719 720 720 720 720 721 721 722 722 722 722 723 723 718 718 718 718 720 720 722 722 718 718 717 717 711 711 711 711 717 717 710 710 719 719 718 718 712 712 712 712 718 718 711 711 720 720 719 719 713 713 713 713 719 719 712 712 721 721 720 720 714 714 714 714 720 720 713 713 722 722 721 721 715 715 715 715 721 721 714 714 717 717 723 723 710 710 710 710 723 723 716 716 723 723 722 722 716 716 716 716 722 722 715 715 725 725 724 724 744 744 727 727 726 726 725 725 730 730 729 729 728 728 732 732 731 731 730 730 735 735 734 734 733 733 737 737 736 736 735 735 740 740 739 739 738 738 743 743 742 742 741 741 727 727 725 725 744 744 732 732 730 730 728 728 737 737 735 735 733 733 741 741 740 740 738 738 744 744 743 743 741 741 728 728 727 727 744 744 733 733 732 732 728 728 738 738 737 737 733 733 744 744 741 741 738 738 733 733 728 728 744 744 744 744 738 738 733 733 765 765 745 745 746 746 746 746 747 747 748 748 749 749 750 750 751 751 751 751 752 752 753 753 754 754 755 755 756 756 756 756 757 757 758 758 759 759 760 760 761 761 762 762 763 763 764 764 765 765 746 746 748 748 749 749 751 751 753 753 754 754 756 756 758 758 759 759 761 761 762 762 762 762 764 764 765 765 765 765 748 748 749 749 749 749 753 753 754 754 754 754 758 758 759 759 759 759 762 762 765 765 765 765 749 749 754 754 754 754 759 759 765 765 746 746 745 745 725 725 725 725 745 745 724 724 747 747 746 746 726 726 726 726 746 746 725 725 748 748 747 747 727 727 727 727 747 747 726 726 749 749 748 748 728 728 728 728 748 748 727 727 750 750 749 749 729 729 729 729 749 749 728 728 751 751 750 750 730 730 730 730 750 750 729 729 752 752 751 751 731 731 731 731 751 751 730 730 753 753 752 752 732 732 732 732 752 752 731 731 754 754 753 753 733 733 733 733 753 753 732 732 755 755 754 754 734 734 734 734 754 754 733 733 756 756 755 755 735 735 735 735 755 755 734 734 757 757 756 756 736 736 736 736 756 756 735 735 758 758 757 757 737 737 737 737 757 757 736 736 759 759 758 758 738 738 738 738 758 758 737 737 760 760 759 759 739 739 739 739 759 759 738 738 761 761 760 760 740 740 740 740 760 760 739 739 762 762 761 761 741 741 741 741 761 761 740 740 763 763 762 762 742 742 742 742 762 762 741 741 764 764 763 763 743 743 743 743 763 763 742 742 745 745 765 765 724 724 724 724 765 765 744 744 765 765 764 764 744 744 744 744 764 764 743 743 767 767 766 766 769 769 769 769 768 768 767 767 773 773 770 770 771 771 771 771 772 772 773 773 771 771 770 770 767 767 767 767 770 770 766 766 772 772 771 771 768 768 768 768 771 771 767 767 770 770 773 773 766 766 766 766 773 773 769 769 773 773 772 772 769 769 769 769 772 772 768 768 778 778 779 779 774 774 776 776 777 777 778 778 774 774 775 775 776 776 776 776 778 778 774 774 780 780 785 785 784 784 784 784 783 783 782 782 782 782 781 781 780 780 780 780 784 784 782 782 780 780 781 781 774 774 774 774 781 781 775 775 781 781 782 782 775 775 775 775 782 782 776 776 782 782 783 783 776 776 776 776 783 783 777 777 783 783 784 784 777 777 777 777 784 784 778 778 785 785 780 780 779 779 779 779 780 780 774 774 784 784 785 785 778 778 778 778 785 785 779 779 787 787 786 786 789 789 789 789 788 788 787 787 793 793 790 790 791 791 791 791 792 792 793 793 791 791 790 790 787 787 787 787 790 790 786 786 792 792 791 791 788 788 788 788 791 791 787 787 790 790 793 793 786 786 786 786 793 793 789 789 793 793 792 792 789 789 789 789 792 792 788 788 801 801 802 802 803 803 798 798 799 799 800 800 796 796 797 797 798 798 794 794 795 795 796 796 800 800 801 801 803 803 796 796 798 798 800 800 803 803 794 794 796 796 796 796 800 800 803 803 813 813 812 812 811 811 810 810 809 809 808 808 808 808 807 807 806 806 806 806 805 805 804 804 813 813 811 811 810 810 810 810 808 808 806 806 806 806 804 804 813 813 813 813 810 810 806 806 804 804 805 805 794 794 794 794 805 805 795 795 805 805 806 806 795 795 795 795 806 806 796 796 806 806 807 807 796 796 796 796 807 807 797 797 807 807 808 808 797 797 797 797 808 808 798 798 808 808 809 809 798 798 798 798 809 809 799 799 809 809 810 810 799 799 799 799 810 810 800 800 810 810 811 811 800 800 800 800 811 811 801 801 811 811 812 812 801 801 801 801 812 812 802 802 813 813 804 804 803 803 803 803 804 804 794 794 812 812 813 813 802 802 802 802 813 813 803 803 815 815 814 814 817 817 817 817 816 816 815 815 821 821 818 818 819 819 819 819 820 820 821 821 819 819 818 818 815 815 815 815 818 818 814 814 820 820 819 819 816 816 816 816 819 819 815 815 818 818 821 821 814 814 814 814 821 821 817 817 821 821 820 820 817 817 817 817 820 820 816 816 823 823 822 822 827 827 825 825 824 824 823 823 823 823 827 827 826 826 826 826 825 825 823 823 833 833 828 828 829 829 829 829 830 830 831 831 832 832 833 833 829 829 829 829 831 831 832 832 829 829 828 828 823 823 823 823 828 828 822 822 830 830 829 829 824 824 824 824 829 829 823 823 831 831 830 830 825 825 825 825 830 830 824 824 832 832 831 831 826 826 826 826 831 831 825 825 828 828 833 833 822 822 822 822 833 833 827 827 833 833 832 832 827 827 827 827 832 832 826 826 835 835 834 834 847 847 837 837 836 836 835 835 839 839 838 838 837 837 842 842 841 841 840 840 844 844 843 843 842 842 847 847 846 846 845 845 837 837 835 835 847 847 840 840 839 839 837 837 844 844 842 842 840 840 837 837 847 847 845 845 844 844 840 840 837 837 837 837 845 845 844 844 861 861 848 848 849 849 849 849 850 850 851 851 851 851 852 852 853 853 854 854 855 855 856 856 856 856 857 857 858 858 859 859 860 860 861 861 861 861 849 849 851 851 851 851 853 853 854 854 854 854 856 856 858 858 859 859 861 861 851 851 851 851 854 854 858 858 858 858 859 859 851 851 849 849 848 848 835 835 835 835 848 848 834 834 850 850 849 849 836 836 836 836 849 849 835 835 851 851 850 850 837 837 837 837 850 850 836 836 852 852 851 851 838 838 838 838 851 851 837 837 853 853 852 852 839 839 839 839 852 852 838 838 854 854 853 853 840 840 840 840 853 853 839 839 855 855 854 854 841 841 841 841 854 854 840 840 856 856 855 855 842 842 842 842 855 855 841 841 857 857 856 856 843 843 843 843 856 856 842 842 858 858 857 857 844 844 844 844 857 857 843 843 859 859 858 858 845 845 845 845 858 858 844 844 860 860 859 859 846 846 846 846 859 859 845 845 848 848 861 861 834 834 834 834 861 861 847 847 861 861 860 860 847 847 847 847 860 860 846 846 871 871 872 872 862 862 869 869 870 870 871 871 867 867 868 868 869 869 864 864 865 865 866 866 871 871 862 862 863 863 867 867 869 869 871 871 863 863 864 864 866 866 867 867 871 871 863 863 863 863 866 866 867 867 873 873 883 883 882 882 882 882 881 881 880 880 880 880 879 879 878 878 877 877 876 876 875 875 874 874 873 873 882 882 882 882 880 880 878 878 877 877 875 875 874 874 874 874 882 882 878 878 878 878 877 877 874 874 873 873 874 874 862 862 862 862 874 874 863 863 874 874 875 875 863 863 863 863 875 875 864 864 875 875 876 876 864 864 864 864 876 876 865 865 876 876 877 877 865 865 865 865 877 877 866 866 877 877 878 878 866 866 866 866 878 878 867 867 878 878 879 879 867 867 867 867 879 879 868 868 879 879 880 880 868 868 868 868 880 880 869 869 880 880 881 881 869 869 869 869 881 881 870 870 881 881 882 882 870 870 870 870 882 882 871 871 883 883 873 873 872 872 872 872 873 873 862 862 882 882 883 883 871 871 871 871 883 883 872 872 885 885 884 884 888 888 887 887 886 886 885 885 885 885 888 888 887 887 893 893 889 889 890 890 890 890 891 891 892 892 892 892 893 893 890 890 890 890 889 889 885 885 885 885 889 889 884 884 891 891 890 890 886 886 886 886 890 890 885 885 892 892 891 891 887 887 887 887 891 891 886 886 889 889 893 893 884 884 884 884 893 893 888 888 893 893 892 892 888 888 888 888 892 892 887 887 895 895 894 894 904 904 897 897 896 896 895 895 899 899 898 898 897 897 901 901 900 900 899 899 904 904 903 903 902 902 897 897 895 895 904 904 901 901 899 899 897 897 897 897 904 904 902 902 902 902 901 901 897 897 915 915 905 905 906 906 906 906 907 907 908 908 908 908 909 909 910 910 910 910 911 911 912 912 913 913 914 914 915 915 915 915 906 906 908 908 908 908 910 910 912 912 913 913 915 915 908 908 908 908 912 912 913 913 906 906 905 905 895 895 895 895 905 905 894 894 907 907 906 906 896 896 896 896 906 906 895 895 908 908 907 907 897 897 897 897 907 907 896 896 909 909 908 908 898 898 898 898 908 908 897 897 910 910 909 909 899 899 899 899 909 909 898 898 911 911 910 910 900 900 900 900 910 910 899 899 912 912 911 911 901 901 901 901 911 911 900 900 913 913 912 912 902 902 902 902 912 912 901 901 914 914 913 913 903 903 903 903 913 913 902 902 905 905 915 915 894 894 894 894 915 915 904 904 915 915 914 914 904 904 904 904 914 914 903 903 940 940 941 941 916 916 936 936 937 937 938 938 934 934 935 935 936 936 931 931 932 932 933 933 928 928 929 929 930 930 926 926 927 927 928 928 923 923 924 924 925 925 920 920 921 921 922 922 918 918 919 919 920 920 916 916 917 917 918 918 939 939 940 940 916 916 936 936 938 938 939 939 933 933 934 934 936 936 930 930 931 931 933 933 925 925 926 926 928 928 922 922 923 923 925 925 916 916 918 918 920 920 936 936 939 939 916 916 928 928 930 930 933 933 922 922 925 925 928 928 916 916 920 920 922 922 933 933 936 936 916 916 922 922 928 928 933 933 933 933 916 916 922 922 942 942 967 967 966 966 964 964 963 963 962 962 962 962 961 961 960 960 959 959 958 958 957 957 956 956 955 955 954 954 954 954 953 953 952 952 951 951 950 950 949 949 948 948 947 947 946 946 946 946 945 945 944 944 944 944 943 943 942 942 942 942 966 966 965 965 965 965 964 964 962 962 962 962 960 960 959 959 959 959 957 957 956 956 954 954 952 952 951 951 951 951 949 949 948 948 946 946 944 944 942 942 942 942 965 965 962 962 959 959 956 956 954 954 954 954 951 951 948 948 948 948 946 946 942 942 942 942 962 962 959 959 959 959 954 954 948 948 948 948 942 942 959 959 942 942 943 943 916 916 916 916 943 943 917 917 943 943 944 944 917 917 917 917 944 944 918 918 944 944 945 945 918 918 918 918 945 945 919 919 945 945 946 946 919 919 919 919 946 946 920 920 946 946 947 947 920 920 920 920 947 947 921 921 947 947 948 948 921 921 921 921 948 948 922 922 948 948 949 949 922 922 922 922 949 949 923 923 949 949 950 950 923 923 923 923 950 950 924 924 950 950 951 951 924 924 924 924 951 951 925 925 951 951 952 952 925 925 925 925 952 952 926 926 952 952 953 953 926 926 926 926 953 953 927 927 953 953 954 954 927 927 927 927 954 954 928 928 954 954 955 955 928 928 928 928 955 955 929 929 955 955 956 956 929 929 929 929 956 956 930 930 956 956 957 957 930 930 930 930 957 957 931 931 957 957 958 958 931 931 931 931 958 958 932 932 958 958 959 959 932 932 932 932 959 959 933 933 959 959 960 960 933 933 933 933 960 960 934 934 960 960 961 961 934 934 934 934 961 961 935 935 961 961 962 962 935 935 935 935 962 962 936 936 962 962 963 963 936 936 936 936 963 963 937 937 963 963 964 964 937 937 937 937 964 964 938 938 964 964 965 965 938 938 938 938 965 965 939 939 965 965 966 966 939 939 939 939 966 966 940 940 967 967 942 942 941 941 941 941 942 942 916 916 966 966 967 967 940 940 940 940 967 967 941 941 969 969 968 968 975 975 971 971 970 970 969 969 973 973 972 972 971 971 969 969 975 975 974 974 973 973 971 971 969 969 969 969 974 974 973 973 983 983 976 976 977 977 977 977 978 978 979 979 979 979 980 980 981 981 982 982 983 983 977 977 977 977 979 979 981 981 981 981 982 982 977 977 977 977 976 976 969 969 969 969 976 976 968 968 978 978 977 977 970 970 970 970 977 977 969 969 979 979 978 978 971 971 971 971 978 978 970 970 980 980 979 979 972 972 972 972 979 979 971 971 981 981 980 980 973 973 973 973 980 980 972 972 982 982 981 981 974 974 974 974 981 981 973 973 976 976 983 983 968 968 968 968 983 983 975 975 983 983 982 982 975 975 975 975 982 982 974 974 1014 1014 1015 1015 984 984 1010 1010 1011 1011 1012 1012 1006 1006 1007 1007 1008 1008 1002 1002 1003 1003 1004 1004 1000 1000 1001 1001 1002 1002 997 997 998 998 999 999 995 995 996 996 997 997 992 992 993 993 994 994 988 988 989 989 990 990 986 986 987 987 988 988 1014 1014 984 984 985 985 1009 1009 1010 1010 1012 1012 1005 1005 1006 1006 1008 1008 1000 1000 1002 1002 1004 1004 995 995 997 997 999 999 991 991 992 992 994 994 986 986 988 988 990 990 1014 1014 985 985 986 986 1008 1008 1009 1009 1012 1012 1004 1004 1005 1005 1008 1008 999 999 1000 1000 1004 1004 994 994 995 995 999 999 990 990 991 991 994 994 1013 1013 1014 1014 986 986 999 999 1004 1004 1008 1008 990 990 994 994 999 999 1013 1013 986 986 990 990 999 999 1008 1008 1012 1012 1013 1013 990 990 999 999 999 999 1012 1012 1013 1013 1016 1016 1047 1047 1046 1046 1044 1044 1043 1043 1042 1042 1040 1040 1039 1039 1038 1038 1036 1036 1035 1035 1034 1034 1034 1034 1033 1033 1032 1032 1031 1031 1030 1030 1029 1029 1029 1029 1028 1028 1027 1027 1026 1026 1025 1025 1024 1024 1022 1022 1021 1021 1020 1020 1020 1020 1019 1019 1018 1018 1017 1017 1016 1016 1046 1046 1044 1044 1042 1042 1041 1041 1040 1040 1038 1038 1037 1037 1036 1036 1034 1034 1032 1032 1031 1031 1029 1029 1027 1027 1026 1026 1024 1024 1023 1023 1022 1022 1020 1020 1018 1018 1018 1018 1017 1017 1046 1046 1044 1044 1041 1041 1040 1040 1040 1040 1037 1037 1036 1036 1036 1036 1032 1032 1031 1031 1031 1031 1027 1027 1026 1026 1026 1026 1023 1023 1022 1022 1018 1018 1046 1046 1045 1045 1040 1040 1036 1036 1031 1031 1031 1031 1026 1026 1022 1022 1022 1022 1018 1018 1045 1045 1044 1044 1040 1040 1031 1031 1031 1031 1022 1022 1045 1045 1045 1045 1044 1044 1031 1031 1016 1016 1017 1017 984 984 984 984 1017 1017 985 985 1017 1017 1018 1018 985 985 985 985 1018 1018 986 986 1018 1018 1019 1019 986 986 986 986 1019 1019 987 987 1019 1019 1020 1020 987 987 987 987 1020 1020 988 988 1020 1020 1021 1021 988 988 988 988 1021 1021 989 989 1021 1021 1022 1022 989 989 989 989 1022 1022 990 990 1022 1022 1023 1023 990 990 990 990 1023 1023 991 991 1023 1023 1024 1024 991 991 991 991 1024 1024 992 992 1024 1024 1025 1025 992 992 992 992 1025 1025 993 993 1025 1025 1026 1026 993 993 993 993 1026 1026 994 994 1026 1026 1027 1027 994 994 994 994 1027 1027 995 995 1027 1027 1028 1028 995 995 995 995 1028 1028 996 996 1028 1028 1029 1029 996 996 996 996 1029 1029 997 997 1029 1029 1030 1030 997 997 997 997 1030 1030 998 998 1030 1030 1031 1031 998 998 998 998 1031 1031 999 999 1031 1031 1032 1032 999 999 999 999 1032 1032 1000 1000 1032 1032 1033 1033 1000 1000 1000 1000 1033 1033 1001 1001 1033 1033 1034 1034 1001 1001 1001 1001 1034 1034 1002 1002 1034 1034 1035 1035 1002 1002 1002 1002 1035 1035 1003 1003 1035 1035 1036 1036 1003 1003 1003 1003 1036 1036 1004 1004 1036 1036 1037 1037 1004 1004 1004 1004 1037 1037 1005 1005 1037 1037 1038 1038 1005 1005 1005 1005 1038 1038 1006 1006 1038 1038 1039 1039 1006 1006 1006 1006 1039 1039 1007 1007 1039 1039 1040 1040 1007 1007 1007 1007 1040 1040 1008 1008 1040 1040 1041 1041 1008 1008 1008 1008 1041 1041 1009 1009 1041 1041 1042 1042 1009 1009 1009 1009 1042 1042 1010 1010 1042 1042 1043 1043 1010 1010 1010 1010 1043 1043 1011 1011 1043 1043 1044 1044 1011 1011 1011 1011 1044 1044 1012 1012 1044 1044 1045 1045 1012 1012 1012 1012 1045 1045 1013 1013 1045 1045 1046 1046 1013 1013 1013 1013 1046 1046 1014 1014 1047 1047 1016 1016 1015 1015 1015 1015 1016 1016 984 984 1046 1046 1047 1047 1014 1014 1014 1014 1047 1047 1015 1015 1049 1049 1048 1048 1051 1051 1051 1051 1050 1050 1049 1049 1055 1055 1052 1052 1053 1053 1053 1053 1054 1054 1055 1055 1053 1053 1052 1052 1049 1049 1049 1049 1052 1052 1048 1048 1054 1054 1053 1053 1050 1050 1050 1050 1053 1053 1049 1049 1052 1052 1055 1055 1048 1048 1048 1048 1055 1055 1051 1051 1055 1055 1054 1054 1051 1051 1051 1051 1054 1054 1050 1050 1088 1088 1089 1089 1056 1056 1086 1086 1087 1087 1088 1088 1083 1083 1084 1084 1085 1085 1079 1079 1080 1080 1081 1081 1075 1075 1076 1076 1077 1077 1073 1073 1074 1074 1075 1075 1070 1070 1071 1071 1072 1072 1068 1068 1069 1069 1070 1070 1064 1064 1065 1065 1066 1066 1060 1060 1061 1061 1062 1062 1058 1058 1059 1059 1060 1060 1088 1088 1056 1056 1057 1057 1082 1082 1083 1083 1085 1085 1078 1078 1079 1079 1081 1081 1073 1073 1075 1075 1077 1077 1068 1068 1070 1070 1072 1072 1063 1063 1064 1064 1066 1066 1058 1058 1060 1060 1062 1062 1088 1088 1057 1057 1058 1058 1081 1081 1082 1082 1085 1085 1077 1077 1078 1078 1081 1081 1072 1072 1073 1073 1077 1077 1067 1067 1068 1068 1072 1072 1062 1062 1063 1063 1066 1066 1088 1088 1058 1058 1062 1062 1077 1077 1081 1081 1085 1085 1067 1067 1072 1072 1077 1077 1088 1088 1062 1062 1066 1066 1067 1067 1077 1077 1085 1085 1088 1088 1066 1066 1067 1067 1067 1067 1085 1085 1086 1086 1086 1086 1088 1088 1067 1067 1090 1090 1123 1123 1122 1122 1122 1122 1121 1121 1120 1120 1119 1119 1118 1118 1117 1117 1115 1115 1114 1114 1113 1113 1111 1111 1110 1110 1109 1109 1109 1109 1108 1108 1107 1107 1106 1106 1105 1105 1104 1104 1104 1104 1103 1103 1102 1102 1100 1100 1099 1099 1098 1098 1096 1096 1095 1095 1094 1094 1094 1094 1093 1093 1092 1092 1091 1091 1090 1090 1122 1122 1119 1119 1117 1117 1116 1116 1115 1115 1113 1113 1112 1112 1111 1111 1109 1109 1107 1107 1106 1106 1104 1104 1102 1102 1100 1100 1098 1098 1097 1097 1096 1096 1094 1094 1092 1092 1092 1092 1091 1091 1122 1122 1119 1119 1116 1116 1115 1115 1115 1115 1112 1112 1111 1111 1111 1111 1107 1107 1106 1106 1106 1106 1102 1102 1101 1101 1100 1100 1097 1097 1096 1096 1096 1096 1092 1092 1122 1122 1119 1119 1115 1115 1111 1111 1111 1111 1106 1106 1101 1101 1100 1100 1096 1096 1122 1122 1119 1119 1111 1111 1101 1101 1101 1101 1100 1100 1122 1122 1120 1120 1119 1119 1101 1101 1101 1101 1122 1122 1120 1120 1090 1090 1091 1091 1056 1056 1056 1056 1091 1091 1057 1057 1091 1091 1092 1092 1057 1057 1057 1057 1092 1092 1058 1058 1092 1092 1093 1093 1058 1058 1058 1058 1093 1093 1059 1059 1093 1093 1094 1094 1059 1059 1059 1059 1094 1094 1060 1060 1094 1094 1095 1095 1060 1060 1060 1060 1095 1095 1061 1061 1095 1095 1096 1096 1061 1061 1061 1061 1096 1096 1062 1062 1096 1096 1097 1097 1062 1062 1062 1062 1097 1097 1063 1063 1097 1097 1098 1098 1063 1063 1063 1063 1098 1098 1064 1064 1098 1098 1099 1099 1064 1064 1064 1064 1099 1099 1065 1065 1099 1099 1100 1100 1065 1065 1065 1065 1100 1100 1066 1066 1100 1100 1101 1101 1066 1066 1066 1066 1101 1101 1067 1067 1101 1101 1102 1102 1067 1067 1067 1067 1102 1102 1068 1068 1102 1102 1103 1103 1068 1068 1068 1068 1103 1103 1069 1069 1103 1103 1104 1104 1069 1069 1069 1069 1104 1104 1070 1070 1104 1104 1105 1105 1070 1070 1070 1070 1105 1105 1071 1071 1105 1105 1106 1106 1071 1071 1071 1071 1106 1106 1072 1072 1106 1106 1107 1107 1072 1072 1072 1072 1107 1107 1073 1073 1107 1107 1108 1108 1073 1073 1073 1073 1108 1108 1074 1074 1108 1108 1109 1109 1074 1074 1074 1074 1109 1109 1075 1075 1109 1109 1110 1110 1075 1075 1075 1075 1110 1110 1076 1076 1110 1110 1111 1111 1076 1076 1076 1076 1111 1111 1077 1077 1111 1111 1112 1112 1077 1077 1077 1077 1112 1112 1078 1078 1112 1112 1113 1113 1078 1078 1078 1078 1113 1113 1079 1079 1113 1113 1114 1114 1079 1079 1079 1079 1114 1114 1080 1080 1114 1114 1115 1115 1080 1080 1080 1080 1115 1115 1081 1081 1115 1115 1116 1116 1081 1081 1081 1081 1116 1116 1082 1082 1116 1116 1117 1117 1082 1082 1082 1082 1117 1117 1083 1083 1117 1117 1118 1118 1083 1083 1083 1083 1118 1118 1084 1084 1118 1118 1119 1119 1084 1084 1084 1084 1119 1119 1085 1085 1119 1119 1120 1120 1085 1085 1085 1085 1120 1120 1086 1086 1120 1120 1121 1121 1086 1086 1086 1086 1121 1121 1087 1087 1121 1121 1122 1122 1087 1087 1087 1087 1122 1122 1088 1088 1123 1123 1090 1090 1089 1089 1089 1089 1090 1090 1056 1056 1122 1122 1123 1123 1088 1088 1088 1088 1123 1123 1089 1089 1127 1127 1128 1128 1124 1124 1125 1125 1126 1126 1127 1127 1127 1127 1124 1124 1125 1125 1129 1129 1133 1133 1132 1132 1132 1132 1131 1131 1130 1130 1130 1130 1129 1129 1132 1132 1129 1129 1130 1130 1124 1124 1124 1124 1130 1130 1125 1125 1130 1130 1131 1131 1125 1125 1125 1125 1131 1131 1126 1126 1131 1131 1132 1132 1126 1126 1126 1126 1132 1132 1127 1127 1133 1133 1129 1129 1128 1128 1128 1128 1129 1129 1124 1124 1132 1132 1133 1133 1127 1127 1127 1127 1133 1133 1128 1128 1135 1135 1134 1134 1143 1143 1138 1138 1137 1137 1136 1136 1140 1140 1139 1139 1138 1138 1143 1143 1142 1142 1141 1141 1140 1140 1138 1138 1136 1136 1135 1135 1143 1143 1141 1141 1140 1140 1136 1136 1135 1135 1135 1135 1141 1141 1140 1140 1153 1153 1144 1144 1145 1145 1146 1146 1147 1147 1148 1148 1148 1148 1149 1149 1150 1150 1151 1151 1152 1152 1153 1153 1146 1146 1148 1148 1150 1150 1151 1151 1153 1153 1145 1145 1145 1145 1146 1146 1150 1150 1150 1150 1151 1151 1145 1145 1145 1145 1144 1144 1135 1135 1135 1135 1144 1144 1134 1134 1146 1146 1145 1145 1136 1136 1136 1136 1145 1145 1135 1135 1147 1147 1146 1146 1137 1137 1137 1137 1146 1146 1136 1136 1148 1148 1147 1147 1138 1138 1138 1138 1147 1147 1137 1137 1149 1149 1148 1148 1139 1139 1139 1139 1148 1148 1138 1138 1150 1150 1149 1149 1140 1140 1140 1140 1149 1149 1139 1139 1151 1151 1150 1150 1141 1141 1141 1141 1150 1150 1140 1140 1152 1152 1151 1151 1142 1142 1142 1142 1151 1151 1141 1141 1144 1144 1153 1153 1134 1134 1134 1134 1153 1153 1143 1143 1153 1153 1152 1152 1143 1143 1143 1143 1152 1152 1142 1142 1155 1155 1154 1154 1157 1157 1157 1157 1156 1156 1155 1155 1161 1161 1158 1158 1159 1159 1159 1159 1160 1160 1161 1161 1159 1159 1158 1158 1155 1155 1155 1155 1158 1158 1154 1154 1160 1160 1159 1159 1156 1156 1156 1156 1159 1159 1155 1155 1158 1158 1161 1161 1154 1154 1154 1154 1161 1161 1157 1157 1161 1161 1160 1160 1157 1157 1157 1157 1160 1160 1156 1156 1163 1163 1162 1162 1165 1165 1165 1165 1164 1164 1163 1163 1169 1169 1166 1166 1167 1167 1167 1167 1168 1168 1169 1169 1167 1167 1166 1166 1163 1163 1163 1163 1166 1166 1162 1162 1168 1168 1167 1167 1164 1164 1164 1164 1167 1167 1163 1163 1166 1166 1169 1169 1162 1162 1162 1162 1169 1169 1165 1165 1169 1169 1168 1168 1165 1165 1165 1165 1168 1168 1164 1164 1184 1184 1185 1185 1170 1170 1182 1182 1183 1183 1184 1184 1180 1180 1181 1181 1182 1182 1178 1178 1179 1179 1180 1180 1176 1176 1177 1177 1178 1178 1173 1173 1174 1174 1175 1175 1171 1171 1172 1172 1173 1173 1182 1182 1184 1184 1170 1170 1178 1178 1180 1180 1182 1182 1171 1171 1173 1173 1175 1175 1182 1182 1170 1170 1171 1171 1176 1176 1178 1178 1182 1182 1182 1182 1171 1171 1175 1175 1175 1175 1176 1176 1182 1182 1186 1186 1201 1201 1200 1200 1200 1200 1199 1199 1198 1198 1198 1198 1197 1197 1196 1196 1196 1196 1195 1195 1194 1194 1194 1194 1193 1193 1192 1192 1191 1191 1190 1190 1189 1189 1189 1189 1188 1188 1187 1187 1186 1186 1200 1200 1198 1198 1198 1198 1196 1196 1194 1194 1191 1191 1189 1189 1187 1187 1187 1187 1186 1186 1198 1198 1198 1198 1194 1194 1192 1192 1191 1191 1187 1187 1198 1198 1198 1198 1192 1192 1191 1191 1186 1186 1187 1187 1170 1170 1170 1170 1187 1187 1171 1171 1187 1187 1188 1188 1171 1171 1171 1171 1188 1188 1172 1172 1188 1188 1189 1189 1172 1172 1172 1172 1189 1189 1173 1173 1189 1189 1190 1190 1173 1173 1173 1173 1190 1190 1174 1174 1190 1190 1191 1191 1174 1174 1174 1174 1191 1191 1175 1175 1191 1191 1192 1192 1175 1175 1175 1175 1192 1192 1176 1176 1192 1192 1193 1193 1176 1176 1176 1176 1193 1193 1177 1177 1193 1193 1194 1194 1177 1177 1177 1177 1194 1194 1178 1178 1194 1194 1195 1195 1178 1178 1178 1178 1195 1195 1179 1179 1195 1195 1196 1196 1179 1179 1179 1179 1196 1196 1180 1180 1196 1196 1197 1197 1180 1180 1180 1180 1197 1197 1181 1181 1197 1197 1198 1198 1181 1181 1181 1181 1198 1198 1182 1182 1198 1198 1199 1199 1182 1182 1182 1182 1199 1199 1183 1183 1199 1199 1200 1200 1183 1183 1183 1183 1200 1200 1184 1184 1201 1201 1186 1186 1185 1185 1185 1185 1186 1186 1170 1170 1200 1200 1201 1201 1184 1184 1184 1184 1201 1201 1185 1185 1204 1204 1205 1205 1202 1202 1202 1202 1203 1203 1204 1204 1206 1206 1209 1209 1208 1208 1208 1208 1207 1207 1206 1206 1206 1206 1207 1207 1202 1202 1202 1202 1207 1207 1203 1203 1207 1207 1208 1208 1203 1203 1203 1203 1208 1208 1204 1204 1209 1209 1206 1206 1205 1205 1205 1205 1206 1206 1202 1202 1208 1208 1209 1209 1204 1204 1204 1204 1209 1209 1205 1205 1233 1233 1234 1234 1235 1235 1231 1231 1232 1232 1233 1233 1229 1229 1230 1230 1231 1231 1227 1227 1228 1228 1229 1229 1225 1225 1226 1226 1227 1227 1222 1222 1223 1223 1224 1224 1220 1220 1221 1221 1222 1222 1218 1218 1219 1219 1220 1220 1215 1215 1216 1216 1217 1217 1213 1213 1214 1214 1215 1215 1211 1211 1212 1212 1213 1213 1229 1229 1231 1231 1233 1233 1225 1225 1227 1227 1229 1229 1222 1222 1224 1224 1225 1225 1218 1218 1220 1220 1222 1222 1213 1213 1215 1215 1217 1217 1210 1210 1211 1211 1213 1213 1229 1229 1233 1233 1235 1235 1218 1218 1222 1222 1225 1225 1210 1210 1213 1213 1217 1217 1229 1229 1235 1235 1210 1210 1217 1217 1218 1218 1225 1225 1229 1229 1210 1210 1217 1217 1217 1217 1225 1225 1229 1229 1261 1261 1260 1260 1259 1259 1259 1259 1258 1258 1257 1257 1257 1257 1256 1256 1255 1255 1255 1255 1254 1254 1253 1253 1253 1253 1252 1252 1251 1251 1250 1250 1249 1249 1248 1248 1248 1248 1247 1247 1246 1246 1246 1246 1245 1245 1244 1244 1243 1243 1242 1242 1241 1241 1241 1241 1240 1240 1239 1239 1239 1239 1238 1238 1237 1237 1259 1259 1257 1257 1255 1255 1255 1255 1253 1253 1251 1251 1251 1251 1250 1250 1248 1248 1248 1248 1246 1246 1244 1244 1243 1243 1241 1241 1239 1239 1239 1239 1237 1237 1236 1236 1261 1261 1259 1259 1255 1255 1251 1251 1248 1248 1244 1244 1243 1243 1239 1239 1236 1236 1236 1236 1261 1261 1255 1255 1251 1251 1244 1244 1243 1243 1243 1243 1236 1236 1255 1255 1255 1255 1251 1251 1243 1243 1236 1236 1237 1237 1210 1210 1210 1210 1237 1237 1211 1211 1237 1237 1238 1238 1211 1211 1211 1211 1238 1238 1212 1212 1238 1238 1239 1239 1212 1212 1212 1212 1239 1239 1213 1213 1239 1239 1240 1240 1213 1213 1213 1213 1240 1240 1214 1214 1240 1240 1241 1241 1214 1214 1214 1214 1241 1241 1215 1215 1241 1241 1242 1242 1215 1215 1215 1215 1242 1242 1216 1216 1242 1242 1243 1243 1216 1216 1216 1216 1243 1243 1217 1217 1243 1243 1244 1244 1217 1217 1217 1217 1244 1244 1218 1218 1244 1244 1245 1245 1218 1218 1218 1218 1245 1245 1219 1219 1245 1245 1246 1246 1219 1219 1219 1219 1246 1246 1220 1220 1246 1246 1247 1247 1220 1220 1220 1220 1247 1247 1221 1221 1247 1247 1248 1248 1221 1221 1221 1221 1248 1248 1222 1222 1248 1248 1249 1249 1222 1222 1222 1222 1249 1249 1223 1223 1249 1249 1250 1250 1223 1223 1223 1223 1250 1250 1224 1224 1250 1250 1251 1251 1224 1224 1224 1224 1251 1251 1225 1225 1251 1251 1252 1252 1225 1225 1225 1225 1252 1252 1226 1226 1252 1252 1253 1253 1226 1226 1226 1226 1253 1253 1227 1227 1253 1253 1254 1254 1227 1227 1227 1227 1254 1254 1228 1228 1254 1254 1255 1255 1228 1228 1228 1228 1255 1255 1229 1229 1255 1255 1256 1256 1229 1229 1229 1229 1256 1256 1230 1230 1256 1256 1257 1257 1230 1230 1230 1230 1257 1257 1231 1231 1257 1257 1258 1258 1231 1231 1231 1231 1258 1258 1232 1232 1258 1258 1259 1259 1232 1232 1232 1232 1259 1259 1233 1233 1259 1259 1260 1260 1233 1233 1233 1233 1260 1260 1234 1234 1261 1261 1236 1236 1235 1235 1235 1235 1236 1236 1210 1210 1260 1260 1261 1261 1234 1234 1234 1234 1261 1261 1235 1235 1263 1263 1262 1262 1265 1265 1265 1265 1264 1264 1263 1263 1269 1269 1266 1266 1267 1267 1267 1267 1268 1268 1269 1269 1267 1267 1266 1266 1263 1263 1263 1263 1266 1266 1262 1262 1268 1268 1267 1267 1264 1264 1264 1264 1267 1267 1263 1263 1266 1266 1269 1269 1262 1262 1262 1262 1269 1269 1265 1265 1269 1269 1268 1268 1265 1265 1265 1265 1268 1268 1264 1264 1271 1271 1270 1270 1275 1275 1273 1273 1272 1272 1271 1271 1271 1271 1275 1275 1274 1274 1274 1274 1273 1273 1271 1271 1281 1281 1276 1276 1277 1277 1277 1277 1278 1278 1279 1279 1280 1280 1281 1281 1277 1277 1277 1277 1279 1279 1280 1280 1277 1277 1276 1276 1271 1271 1271 1271 1276 1276 1270 1270 1278 1278 1277 1277 1272 1272 1272 1272 1277 1277 1271 1271 1279 1279 1278 1278 1273 1273 1273 1273 1278 1278 1272 1272 1280 1280 1279 1279 1274 1274 1274 1274 1279 1279 1273 1273 1276 1276 1281 1281 1270 1270 1270 1270 1281 1281 1275 1275 1281 1281 1280 1280 1275 1275 1275 1275 1280 1280 1274 1274 1286 1286 1287 1287 1282 1282 1284 1284 1285 1285 1286 1286 1282 1282 1283 1283 1284 1284 1284 1284 1286 1286 1282 1282 1288 1288 1293 1293 1292 1292 1292 1292 1291 1291 1290 1290 1290 1290 1289 1289 1288 1288 1288 1288 1292 1292 1290 1290 1288 1288 1289 1289 1282 1282 1282 1282 1289 1289 1283 1283 1289 1289 1290 1290 1283 1283 1283 1283 1290 1290 1284 1284 1290 1290 1291 1291 1284 1284 1284 1284 1291 1291 1285 1285 1291 1291 1292 1292 1285 1285 1285 1285 1292 1292 1286 1286 1293 1293 1288 1288 1287 1287 1287 1287 1288 1288 1282 1282 1292 1292 1293 1293 1286 1286 1286 1286 1293 1293 1287 1287 1296 1296 1297 1297 1294 1294 1294 1294 1295 1295 1296 1296 1298 1298 1301 1301 1300 1300 1300 1300 1299 1299 1298 1298 1298 1298 1299 1299 1294 1294 1294 1294 1299 1299 1295 1295 1299 1299 1300 1300 1295 1295 1295 1295 1300 1300 1296 1296 1301 1301 1298 1298 1297 1297 1297 1297 1298 1298 1294 1294 1300 1300 1301 1301 1296 1296 1296 1296 1301 1301 1297 1297 1304 1304 1305 1305 1302 1302 1302 1302 1303 1303 1304 1304 1306 1306 1309 1309 1308 1308 1308 1308 1307 1307 1306 1306 1306 1306 1307 1307 1302 1302 1302 1302 1307 1307 1303 1303 1307 1307 1308 1308 1303 1303 1303 1303 1308 1308 1304 1304 1309 1309 1306 1306 1305 1305 1305 1305 1306 1306 1302 1302 1308 1308 1309 1309 1304 1304 1304 1304 1309 1309 1305 1305 1312 1312 1313 1313 1310 1310 1310 1310 1311 1311 1312 1312 1314 1314 1317 1317 1316 1316 1316 1316 1315 1315 1314 1314 1314 1314 1315 1315 1310 1310 1310 1310 1315 1315 1311 1311 1315 1315 1316 1316 1311 1311 1311 1311 1316 1316 1312 1312 1317 1317 1314 1314 1313 1313 1313 1313 1314 1314 1310 1310 1316 1316 1317 1317 1312 1312 1312 1312 1317 1317 1313 1313 1320 1320 1321 1321 1318 1318 1318 1318 1319 1319 1320 1320 1322 1322 1325 1325 1324 1324 1324 1324 1323 1323 1322 1322 1322 1322 1323 1323 1318 1318 1318 1318 1323 1323 1319 1319 1323 1323 1324 1324 1319 1319 1319 1319 1324 1324 1320 1320 1325 1325 1322 1322 1321 1321 1321 1321 1322 1322 1318 1318 1324 1324 1325 1325 1320 1320 1320 1320 1325 1325 1321 1321 1338 1338 1339 1339 1326 1326 1336 1336 1337 1337 1338 1338 1333 1333 1334 1334 1335 1335 1331 1331 1332 1332 1333 1333 1328 1328 1329 1329 1330 1330 1326 1326 1327 1327 1328 1328 1336 1336 1338 1338 1326 1326 1330 1330 1331 1331 1333 1333 1326 1326 1328 1328 1330 1330 1335 1335 1336 1336 1326 1326 1330 1330 1333 1333 1335 1335 1335 1335 1326 1326 1330 1330 1340 1340 1353 1353 1352 1352 1352 1352 1351 1351 1350 1350 1349 1349 1348 1348 1347 1347 1347 1347 1346 1346 1345 1345 1344 1344 1343 1343 1342 1342 1342 1342 1341 1341 1340 1340 1340 1340 1352 1352 1350 1350 1347 1347 1345 1345 1344 1344 1344 1344 1342 1342 1340 1340 1340 1340 1350 1350 1349 1349 1349 1349 1347 1347 1344 1344 1344 1344 1340 1340 1349 1349 1340 1340 1341 1341 1326 1326 1326 1326 1341 1341 1327 1327 1341 1341 1342 1342 1327 1327 1327 1327 1342 1342 1328 1328 1342 1342 1343 1343 1328 1328 1328 1328 1343 1343 1329 1329 1343 1343 1344 1344 1329 1329 1329 1329 1344 1344 1330 1330 1344 1344 1345 1345 1330 1330 1330 1330 1345 1345 1331 1331 1345 1345 1346 1346 1331 1331 1331 1331 1346 1346 1332 1332 1346 1346 1347 1347 1332 1332 1332 1332 1347 1347 1333 1333 1347 1347 1348 1348 1333 1333 1333 1333 1348 1348 1334 1334 1348 1348 1349 1349 1334 1334 1334 1334 1349 1349 1335 1335 1349 1349 1350 1350 1335 1335 1335 1335 1350 1350 1336 1336 1350 1350 1351 1351 1336 1336 1336 1336 1351 1351 1337 1337 1351 1351 1352 1352 1337 1337 1337 1337 1352 1352 1338 1338 1353 1353 1340 1340 1339 1339 1339 1339 1340 1340 1326 1326 1352 1352 1353 1353 1338 1338 1338 1338 1353 1353 1339 1339 1356 1356 1357 1357 1354 1354 1354 1354 1355 1355 1356 1356 1358 1358 1361 1361 1360 1360 1360 1360 1359 1359 1358 1358 1358 1358 1359 1359 1354 1354 1354 1354 1359 1359 1355 1355 1359 1359 1360 1360 1355 1355 1355 1355 1360 1360 1356 1356 1361 1361 1358 1358 1357 1357 1357 1357 1358 1358 1354 1354 1360 1360 1361 1361 1356 1356 1356 1356 1361 1361 1357 1357 1364 1364 1365 1365 1362 1362 1362 1362 1363 1363 1364 1364 1366 1366 1369 1369 1368 1368 1368 1368 1367 1367 1366 1366 1366 1366 1367 1367 1362 1362 1362 1362 1367 1367 1363 1363 1367 1367 1368 1368 1363 1363 1363 1363 1368 1368 1364 1364 1369 1369 1366 1366 1365 1365 1365 1365 1366 1366 1362 1362 1368 1368 1369 1369 1364 1364 1364 1364 1369 1369 1365 1365 1378 1378 1379 1379 1370 1370 1376 1376 1377 1377 1378 1378 1374 1374 1375 1375 1376 1376 1371 1371 1372 1372 1373 1373 1376 1376 1378 1378 1370 1370 1373 1373 1374 1374 1376 1376 1370 1370 1371 1371 1373 1373 1373 1373 1376 1376 1370 1370 1380 1380 1389 1389 1388 1388 1388 1388 1387 1387 1386 1386 1386 1386 1385 1385 1384 1384 1383 1383 1382 1382 1381 1381 1380 1380 1388 1388 1386 1386 1386 1386 1384 1384 1383 1383 1383 1383 1381 1381 1380 1380 1380 1380 1386 1386 1383 1383 1380 1380 1381 1381 1370 1370 1370 1370 1381 1381 1371 1371 1381 1381 1382 1382 1371 1371 1371 1371 1382 1382 1372 1372 1382 1382 1383 1383 1372 1372 1372 1372 1383 1383 1373 1373 1383 1383 1384 1384 1373 1373 1373 1373 1384 1384 1374 1374 1384 1384 1385 1385 1374 1374 1374 1374 1385 1385 1375 1375 1385 1385 1386 1386 1375 1375 1375 1375 1386 1386 1376 1376 1386 1386 1387 1387 1376 1376 1376 1376 1387 1387 1377 1377 1387 1387 1388 1388 1377 1377 1377 1377 1388 1388 1378 1378 1389 1389 1380 1380 1379 1379 1379 1379 1380 1380 1370 1370 1388 1388 1389 1389 1378 1378 1378 1378 1389 1389 1379 1379 1392 1392 1393 1393 1390 1390 1390 1390 1391 1391 1392 1392 1394 1394 1397 1397 1396 1396 1396 1396 1395 1395 1394 1394 1394 1394 1395 1395 1390 1390 1390 1390 1395 1395 1391 1391 1395 1395 1396 1396 1391 1391 1391 1391 1396 1396 1392 1392 1397 1397 1394 1394 1393 1393 1393 1393 1394 1394 1390 1390 1396 1396 1397 1397 1392 1392 1392 1392 1397 1397 1393 1393 1404 1404 1405 1405 1406 1406 1401 1401 1402 1402 1403 1403 1398 1398 1399 1399 1400 1400 1404 1404 1406 1406 1398 1398 1400 1400 1401 1401 1403 1403 1403 1403 1404 1404 1398 1398 1398 1398 1400 1400 1403 1403 1415 1415 1414 1414 1413 1413 1412 1412 1411 1411 1410 1410 1409 1409 1408 1408 1407 1407 1407 1407 1415 1415 1413 1413 1412 1412 1410 1410 1409 1409 1407 1407 1413 1413 1412 1412 1412 1412 1409 1409 1407 1407 1407 1407 1408 1408 1398 1398 1398 1398 1408 1408 1399 1399 1408 1408 1409 1409 1399 1399 1399 1399 1409 1409 1400 1400 1409 1409 1410 1410 1400 1400 1400 1400 1410 1410 1401 1401 1410 1410 1411 1411 1401 1401 1401 1401 1411 1411 1402 1402 1411 1411 1412 1412 1402 1402 1402 1402 1412 1412 1403 1403 1412 1412 1413 1413 1403 1403 1403 1403 1413 1413 1404 1404 1413 1413 1414 1414 1404 1404 1404 1404 1414 1414 1405 1405 1415 1415 1407 1407 1406 1406 1406 1406 1407 1407 1398 1398 1414 1414 1415 1415 1405 1405 1405 1405 1415 1415 1406 1406 1418 1418 1419 1419 1416 1416 1416 1416 1417 1417 1418 1418 1420 1420 1423 1423 1422 1422 1422 1422 1421 1421 1420 1420 1420 1420 1421 1421 1416 1416 1416 1416 1421 1421 1417 1417 1421 1421 1422 1422 1417 1417 1417 1417 1422 1422 1418 1418 1423 1423 1420 1420 1419 1419 1419 1419 1420 1420 1416 1416 1422 1422 1423 1423 1418 1418 1418 1418 1423 1423 1419 1419 1438 1438 1439 1439 1424 1424 1434 1434 1435 1435 1436 1436 1431 1431 1432 1432 1433 1433 1428 1428 1429 1429 1430 1430 1426 1426 1427 1427 1428 1428 1438 1438 1424 1424 1425 1425 1433 1433 1434 1434 1436 1436 1430 1430 1431 1431 1433 1433 1426 1426 1428 1428 1430 1430 1438 1438 1425 1425 1426 1426 1430 1430 1433 1433 1436 1436 1437 1437 1438 1438 1426 1426 1430 1430 1436 1436 1437 1437 1437 1437 1426 1426 1430 1430 1440 1440 1455 1455 1454 1454 1452 1452 1451 1451 1450 1450 1449 1449 1448 1448 1447 1447 1446 1446 1445 1445 1444 1444 1444 1444 1443 1443 1442 1442 1441 1441 1440 1440 1454 1454 1452 1452 1450 1450 1449 1449 1449 1449 1447 1447 1446 1446 1446 1446 1444 1444 1442 1442 1442 1442 1441 1441 1454 1454 1452 1452 1449 1449 1446 1446 1442 1442 1454 1454 1453 1453 1453 1453 1452 1452 1446 1446 1446 1446 1442 1442 1453 1453 1440 1440 1441 1441 1424 1424 1424 1424 1441 1441 1425 1425 1441 1441 1442 1442 1425 1425 1425 1425 1442 1442 1426 1426 1442 1442 1443 1443 1426 1426 1426 1426 1443 1443 1427 1427 1443 1443 1444 1444 1427 1427 1427 1427 1444 1444 1428 1428 1444 1444 1445 1445 1428 1428 1428 1428 1445 1445 1429 1429 1445 1445 1446 1446 1429 1429 1429 1429 1446 1446 1430 1430 1446 1446 1447 1447 1430 1430 1430 1430 1447 1447 1431 1431 1447 1447 1448 1448 1431 1431 1431 1431 1448 1448 1432 1432 1448 1448 1449 1449 1432 1432 1432 1432 1449 1449 1433 1433 1449 1449 1450 1450 1433 1433 1433 1433 1450 1450 1434 1434 1450 1450 1451 1451 1434 1434 1434 1434 1451 1451 1435 1435 1451 1451 1452 1452 1435 1435 1435 1435 1452 1452 1436 1436 1452 1452 1453 1453 1436 1436 1436 1436 1453 1453 1437 1437 1453 1453 1454 1454 1437 1437 1437 1437 1454 1454 1438 1438 1455 1455 1440 1440 1439 1439 1439 1439 1440 1440 1424 1424 1454 1454 1455 1455 1438 1438 1438 1438 1455 1455 1439 1439 1457 1457 1456 1456 1464 1464 1460 1460 1459 1459 1458 1458 1463 1463 1462 1462 1461 1461 1457 1457 1464 1464 1463 1463 1461 1461 1460 1460 1458 1458 1458 1458 1457 1457 1463 1463 1463 1463 1461 1461 1458 1458 1473 1473 1465 1465 1466 1466 1467 1467 1468 1468 1469 1469 1470 1470 1471 1471 1472 1472 1472 1472 1473 1473 1466 1466 1467 1467 1469 1469 1470 1470 1472 1472 1466 1466 1467 1467 1467 1467 1470 1470 1472 1472 1466 1466 1465 1465 1457 1457 1457 1457 1465 1465 1456 1456 1467 1467 1466 1466 1458 1458 1458 1458 1466 1466 1457 1457 1468 1468 1467 1467 1459 1459 1459 1459 1467 1467 1458 1458 1469 1469 1468 1468 1460 1460 1460 1460 1468 1468 1459 1459 1470 1470 1469 1469 1461 1461 1461 1461 1469 1469 1460 1460 1471 1471 1470 1470 1462 1462 1462 1462 1470 1470 1461 1461 1472 1472 1471 1471 1463 1463 1463 1463 1471 1471 1462 1462 1465 1465 1473 1473 1456 1456 1456 1456 1473 1473 1464 1464 1473 1473 1472 1472 1464 1464 1464 1464 1472 1472 1463 1463 1476 1476 1477 1477 1474 1474 1474 1474 1475 1475 1476 1476 1478 1478 1481 1481 1480 1480 1480 1480 1479 1479 1478 1478 1478 1478 1479 1479 1474 1474 1474 1474 1479 1479 1475 1475 1479 1479 1480 1480 1475 1475 1475 1475 1480 1480 1476 1476 1481 1481 1478 1478 1477 1477 1477 1477 1478 1478 1474 1474 1480 1480 1481 1481 1476 1476 1476 1476 1481 1481 1477 1477 1483 1483 1482 1482 1492 1492 1486 1486 1485 1485 1484 1484 1490 1490 1489 1489 1488 1488 1484 1484 1483 1483 1492 1492 1487 1487 1486 1486 1484 1484 1491 1491 1490 1490 1488 1488 1487 1487 1484 1484 1492 1492 1492 1492 1491 1491 1488 1488 1488 1488 1487 1487 1492 1492 1503 1503 1493 1493 1494 1494 1495 1495 1496 1496 1497 1497 1499 1499 1500 1500 1501 1501 1503 1503 1494 1494 1495 1495 1495 1495 1497 1497 1498 1498 1499 1499 1501 1501 1502 1502 1503 1503 1495 1495 1498 1498 1499 1499 1502 1502 1503 1503 1503 1503 1498 1498 1499 1499 1494 1494 1493 1493 1483 1483 1483 1483 1493 1493 1482 1482 1495 1495 1494 1494 1484 1484 1484 1484 1494 1494 1483 1483 1496 1496 1495 1495 1485 1485 1485 1485 1495 1495 1484 1484 1497 1497 1496 1496 1486 1486 1486 1486 1496 1496 1485 1485 1498 1498 1497 1497 1487 1487 1487 1487 1497 1497 1486 1486 1499 1499 1498 1498 1488 1488 1488 1488 1498 1498 1487 1487 1500 1500 1499 1499 1489 1489 1489 1489 1499 1499 1488 1488 1501 1501 1500 1500 1490 1490 1490 1490 1500 1500 1489 1489 1502 1502 1501 1501 1491 1491 1491 1491 1501 1501 1490 1490 1493 1493 1503 1503 1482 1482 1482 1482 1503 1503 1492 1492 1503 1503 1502 1502 1492 1492 1492 1492 1502 1502 1491 1491 1510 1510 1511 1511 1504 1504 1507 1507 1508 1508 1509 1509 1504 1504 1505 1505 1506 1506 1509 1509 1510 1510 1504 1504 1506 1506 1507 1507 1509 1509 1509 1509 1504 1504 1506 1506 1512 1512 1519 1519 1518 1518 1517 1517 1516 1516 1515 1515 1514 1514 1513 1513 1512 1512 1512 1512 1518 1518 1517 1517 1517 1517 1515 1515 1514 1514 1514 1514 1512 1512 1517 1517 1512 1512 1513 1513 1504 1504 1504 1504 1513 1513 1505 1505 1513 1513 1514 1514 1505 1505 1505 1505 1514 1514 1506 1506 1514 1514 1515 1515 1506 1506 1506 1506 1515 1515 1507 1507 1515 1515 1516 1516 1507 1507 1507 1507 1516 1516 1508 1508 1516 1516 1517 1517 1508 1508 1508 1508 1517 1517 1509 1509 1517 1517 1518 1518 1509 1509 1509 1509 1518 1518 1510 1510 1519 1519 1512 1512 1511 1511 1511 1511 1512 1512 1504 1504 1518 1518 1519 1519 1510 1510 1510 1510 1519 1519 1511 1511 1533 1533 1534 1534 1520 1520 1530 1530 1531 1531 1532 1532 1528 1528 1529 1529 1530 1530 1526 1526 1527 1527 1528 1528 1524 1524 1525 1525 1526 1526 1522 1522 1523 1523 1524 1524 1520 1520 1521 1521 1522 1522 1532 1532 1533 1533 1520 1520 1528 1528 1530 1530 1532 1532 1524 1524 1526 1526 1528 1528 1520 1520 1522 1522 1524 1524 1528 1528 1532 1532 1520 1520 1520 1520 1524 1524 1528 1528 1535 1535 1549 1549 1548 1548 1547 1547 1546 1546 1545 1545 1545 1545 1544 1544 1543 1543 1543 1543 1542 1542 1541 1541 1541 1541 1540 1540 1539 1539 1539 1539 1538 1538 1537 1537 1537 1537 1536 1536 1535 1535 1535 1535 1548 1548 1547 1547 1547 1547 1545 1545 1543 1543 1543 1543 1541 1541 1539 1539 1539 1539 1537 1537 1535 1535 1535 1535 1547 1547 1543 1543 1543 1543 1539 1539 1535 1535 1535 1535 1536 1536 1520 1520 1520 1520 1536 1536 1521 1521 1536 1536 1537 1537 1521 1521 1521 1521 1537 1537 1522 1522 1537 1537 1538 1538 1522 1522 1522 1522 1538 1538 1523 1523 1538 1538 1539 1539 1523 1523 1523 1523 1539 1539 1524 1524 1539 1539 1540 1540 1524 1524 1524 1524 1540 1540 1525 1525 1540 1540 1541 1541 1525 1525 1525 1525 1541 1541 1526 1526 1541 1541 1542 1542 1526 1526 1526 1526 1542 1542 1527 1527 1542 1542 1543 1543 1527 1527 1527 1527 1543 1543 1528 1528 1543 1543 1544 1544 1528 1528 1528 1528 1544 1544 1529 1529 1544 1544 1545 1545 1529 1529 1529 1529 1545 1545 1530 1530 1545 1545 1546 1546 1530 1530 1530 1530 1546 1546 1531 1531 1546 1546 1547 1547 1531 1531 1531 1531 1547 1547 1532 1532 1547 1547 1548 1548 1532 1532 1532 1532 1548 1548 1533 1533 1549 1549 1535 1535 1534 1534 1534 1534 1535 1535 1520 1520 1548 1548 1549 1549 1533 1533 1533 1533 1549 1549 1534 1534 1554 1554 1555 1555 1550 1550 1552 1552 1553 1553 1554 1554 1554 1554 1550 1550 1551 1551 1551 1551 1552 1552 1554 1554 1556 1556 1561 1561 1560 1560 1560 1560 1559 1559 1558 1558 1557 1557 1556 1556 1560 1560 1560 1560 1558 1558 1557 1557 1556 1556 1557 1557 1550 1550 1550 1550 1557 1557 1551 1551 1557 1557 1558 1558 1551 1551 1551 1551 1558 1558 1552 1552 1558 1558 1559 1559 1552 1552 1552 1552 1559 1559 1553 1553 1559 1559 1560 1560 1553 1553 1553 1553 1560 1560 1554 1554 1561 1561 1556 1556 1555 1555 1555 1555 1556 1556 1550 1550 1560 1560 1561 1561 1554 1554 1554 1554 1561 1561 1555 1555 1564 1564 1565 1565 1562 1562 1562 1562 1563 1563 1564 1564 1566 1566 1569 1569 1568 1568 1568 1568 1567 1567 1566 1566 1566 1566 1567 1567 1562 1562 1562 1562 1567 1567 1563 1563 1567 1567 1568 1568 1563 1563 1563 1563 1568 1568 1564 1564 1569 1569 1566 1566 1565 1565 1565 1565 1566 1566 1562 1562 1568 1568 1569 1569 1564 1564 1564 1564 1569 1569 1565 1565 1572 1572 1573 1573 1570 1570 1570 1570 1571 1571 1572 1572 1574 1574 1577 1577 1576 1576 1576 1576 1575 1575 1574 1574 1574 1574 1575 1575 1570 1570 1570 1570 1575 1575 1571 1571 1575 1575 1576 1576 1571 1571 1571 1571 1576 1576 1572 1572 1577 1577 1574 1574 1573 1573 1573 1573 1574 1574 1570 1570 1576 1576 1577 1577 1572 1572 1572 1572 1577 1577 1573 1573 1580 1580 1581 1581 1578 1578 1578 1578 1579 1579 1580 1580 1582 1582 1585 1585 1584 1584 1584 1584 1583 1583 1582 1582 1582 1582 1583 1583 1578 1578 1578 1578 1583 1583 1579 1579 1583 1583 1584 1584 1579 1579 1579 1579 1584 1584 1580 1580 1585 1585 1582 1582 1581 1581 1581 1581 1582 1582 1578 1578 1584 1584 1585 1585 1580 1580 1580 1580 1585 1585 1581 1581 1588 1588 1589 1589 1586 1586 1586 1586 1587 1587 1588 1588 1590 1590 1593 1593 1592 1592 1592 1592 1591 1591 1590 1590 1590 1590 1591 1591 1586 1586 1586 1586 1591 1591 1587 1587 1591 1591 1592 1592 1587 1587 1587 1587 1592 1592 1588 1588 1593 1593 1590 1590 1589 1589 1589 1589 1590 1590 1586 1586 1592 1592 1593 1593 1588 1588 1588 1588 1593 1593 1589 1589 1596 1596 1597 1597 1594 1594 1594 1594 1595 1595 1596 1596 1598 1598 1601 1601 1600 1600 1600 1600 1599 1599 1598 1598 1598 1598 1599 1599 1594 1594 1594 1594 1599 1599 1595 1595 1599 1599 1600 1600 1595 1595 1595 1595 1600 1600 1596 1596 1601 1601 1598 1598 1597 1597 1597 1597 1598 1598 1594 1594 1600 1600 1601 1601 1596 1596 1596 1596 1601 1601 1597 1597 1604 1604 1605 1605 1602 1602 1602 1602 1603 1603 1604 1604 1606 1606 1609 1609 1608 1608 1608 1608 1607 1607 1606 1606 1606 1606 1607 1607 1602 1602 1602 1602 1607 1607 1603 1603 1607 1607 1608 1608 1603 1603 1603 1603 1608 1608 1604 1604 1609 1609 1606 1606 1605 1605 1605 1605 1606 1606 1602 1602 1608 1608 1609 1609 1604 1604 1604 1604 1609 1609 1605 1605 1611 1611 1610 1610 1617 1617 1614 1614 1613 1613 1612 1612 1616 1616 1615 1615 1614 1614 1611 1611 1617 1617 1616 1616 1616 1616 1614 1614 1612 1612 1612 1612 1611 1611 1616 1616 1625 1625 1618 1618 1619 1619 1620 1620 1621 1621 1622 1622 1622 1622 1623 1623 1624 1624 1624 1624 1625 1625 1619 1619 1620 1620 1622 1622 1624 1624 1624 1624 1619 1619 1620 1620 1619 1619 1618 1618 1611 1611 1611 1611 1618 1618 1610 1610 1620 1620 1619 1619 1612 1612 1612 1612 1619 1619 1611 1611 1621 1621 1620 1620 1613 1613 1613 1613 1620 1620 1612 1612 1622 1622 1621 1621 1614 1614 1614 1614 1621 1621 1613 1613 1623 1623 1622 1622 1615 1615 1615 1615 1622 1622 1614 1614 1624 1624 1623 1623 1616 1616 1616 1616 1623 1623 1615 1615 1618 1618 1625 1625 1610 1610 1610 1610 1625 1625 1617 1617 1625 1625 1624 1624 1617 1617 1617 1617 1624 1624 1616 1616 1628 1628 1629 1629 1626 1626 1626 1626 1627 1627 1628 1628 1630 1630 1633 1633 1632 1632 1632 1632 1631 1631 1630 1630 1630 1630 1631 1631 1626 1626 1626 1626 1631 1631 1627 1627 1631 1631 1632 1632 1627 1627 1627 1627 1632 1632 1628 1628 1633 1633 1630 1630 1629 1629 1629 1629 1630 1630 1626 1626 1632 1632 1633 1633 1628 1628 1628 1628 1633 1633 1629 1629 1642 1642 1643 1643 1634 1634 1640 1640 1641 1641 1642 1642 1638 1638 1639 1639 1640 1640 1636 1636 1637 1637 1638 1638 1634 1634 1635 1635 1636 1636 1640 1640 1642 1642 1634 1634 1636 1636 1638 1638 1640 1640 1640 1640 1634 1634 1636 1636 1644 1644 1653 1653 1652 1652 1652 1652 1651 1651 1650 1650 1650 1650 1649 1649 1648 1648 1648 1648 1647 1647 1646 1646 1646 1646 1645 1645 1644 1644 1644 1644 1652 1652 1650 1650 1650 1650 1648 1648 1646 1646 1646 1646 1644 1644 1650 1650 1644 1644 1645 1645 1634 1634 1634 1634 1645 1645 1635 1635 1645 1645 1646 1646 1635 1635 1635 1635 1646 1646 1636 1636 1646 1646 1647 1647 1636 1636 1636 1636 1647 1647 1637 1637 1647 1647 1648 1648 1637 1637 1637 1637 1648 1648 1638 1638 1648 1648 1649 1649 1638 1638 1638 1638 1649 1649 1639 1639 1649 1649 1650 1650 1639 1639 1639 1639 1650 1650 1640 1640 1650 1650 1651 1651 1640 1640 1640 1640 1651 1651 1641 1641 1651 1651 1652 1652 1641 1641 1641 1641 1652 1652 1642 1642 1653 1653 1644 1644 1643 1643 1643 1643 1644 1644 1634 1634 1652 1652 1653 1653 1642 1642 1642 1642 1653 1653 1643 1643 1689 1689 1690 1690 1654 1654 1687 1687 1688 1688 1689 1689 1684 1684 1685 1685 1686 1686 1681 1681 1682 1682 1683 1683 1679 1679 1680 1680 1681 1681 1677 1677 1678 1678 1679 1679 1675 1675 1676 1676 1677 1677 1673 1673 1674 1674 1675 1675 1671 1671 1672 1672 1673 1673 1669 1669 1670 1670 1671 1671 1667 1667 1668 1668 1669 1669 1665 1665 1666 1666 1667 1667 1662 1662 1663 1663 1664 1664 1660 1660 1661 1661 1662 1662 1657 1657 1658 1658 1659 1659 1655 1655 1656 1656 1657 1657 1689 1689 1654 1654 1655 1655 1686 1686 1687 1687 1689 1689 1683 1683 1684 1684 1686 1686 1679 1679 1681 1681 1683 1683 1675 1675 1677 1677 1679 1679 1671 1671 1673 1673 1675 1675 1667 1667 1669 1669 1671 1671 1664 1664 1665 1665 1667 1667 1660 1660 1662 1662 1664 1664 1689 1689 1655 1655 1657 1657 1683 1683 1686 1686 1689 1689 1675 1675 1679 1679 1683 1683 1667 1667 1671 1671 1675 1675 1659 1659 1660 1660 1664 1664 1683 1683 1689 1689 1657 1657 1667 1667 1675 1675 1683 1683 1657 1657 1659 1659 1664 1664 1667 1667 1683 1683 1657 1657 1657 1657 1664 1664 1667 1667 1691 1691 1727 1727 1726 1726 1726 1726 1725 1725 1724 1724 1723 1723 1722 1722 1721 1721 1720 1720 1719 1719 1718 1718 1718 1718 1717 1717 1716 1716 1716 1716 1715 1715 1714 1714 1714 1714 1713 1713 1712 1712 1712 1712 1711 1711 1710 1710 1710 1710 1709 1709 1708 1708 1708 1708 1707 1707 1706 1706 1706 1706 1705 1705 1704 1704 1704 1704 1703 1703 1702 1702 1701 1701 1700 1700 1699 1699 1699 1699 1698 1698 1697 1697 1696 1696 1695 1695 1694 1694 1694 1694 1693 1693 1692 1692 1692 1692 1691 1691 1726 1726 1726 1726 1724 1724 1723 1723 1723 1723 1721 1721 1720 1720 1720 1720 1718 1718 1716 1716 1716 1716 1714 1714 1712 1712 1712 1712 1710 1710 1708 1708 1708 1708 1706 1706 1704 1704 1704 1704 1702 1702 1701 1701 1701 1701 1699 1699 1697 1697 1694 1694 1692 1692 1726 1726 1726 1726 1723 1723 1720 1720 1720 1720 1716 1716 1712 1712 1712 1712 1708 1708 1704 1704 1701 1701 1697 1697 1696 1696 1694 1694 1726 1726 1720 1720 1720 1720 1712 1712 1704 1704 1701 1701 1696 1696 1694 1694 1694 1694 1720 1720 1704 1704 1704 1704 1701 1701 1694 1694 1691 1691 1692 1692 1654 1654 1654 1654 1692 1692 1655 1655 1692 1692 1693 1693 1655 1655 1655 1655 1693 1693 1656 1656 1693 1693 1694 1694 1656 1656 1656 1656 1694 1694 1657 1657 1694 1694 1695 1695 1657 1657 1657 1657 1695 1695 1658 1658 1695 1695 1696 1696 1658 1658 1658 1658 1696 1696 1659 1659 1696 1696 1697 1697 1659 1659 1659 1659 1697 1697 1660 1660 1697 1697 1698 1698 1660 1660 1660 1660 1698 1698 1661 1661 1698 1698 1699 1699 1661 1661 1661 1661 1699 1699 1662 1662 1699 1699 1700 1700 1662 1662 1662 1662 1700 1700 1663 1663 1700 1700 1701 1701 1663 1663 1663 1663 1701 1701 1664 1664 1701 1701 1702 1702 1664 1664 1664 1664 1702 1702 1665 1665 1702 1702 1703 1703 1665 1665 1665 1665 1703 1703 1666 1666 1703 1703 1704 1704 1666 1666 1666 1666 1704 1704 1667 1667 1704 1704 1705 1705 1667 1667 1667 1667 1705 1705 1668 1668 1705 1705 1706 1706 1668 1668 1668 1668 1706 1706 1669 1669 1706 1706 1707 1707 1669 1669 1669 1669 1707 1707 1670 1670 1707 1707 1708 1708 1670 1670 1670 1670 1708 1708 1671 1671 1708 1708 1709 1709 1671 1671 1671 1671 1709 1709 1672 1672 1709 1709 1710 1710 1672 1672 1672 1672 1710 1710 1673 1673 1710 1710 1711 1711 1673 1673 1673 1673 1711 1711 1674 1674 1711 1711 1712 1712 1674 1674 1674 1674 1712 1712 1675 1675 1712 1712 1713 1713 1675 1675 1675 1675 1713 1713 1676 1676 1713 1713 1714 1714 1676 1676 1676 1676 1714 1714 1677 1677 1714 1714 1715 1715 1677 1677 1677 1677 1715 1715 1678 1678 1715 1715 1716 1716 1678 1678 1678 1678 1716 1716 1679 1679 1716 1716 1717 1717 1679 1679 1679 1679 1717 1717 1680 1680 1717 1717 1718 1718 1680 1680 1680 1680 1718 1718 1681 1681 1718 1718 1719 1719 1681 1681 1681 1681 1719 1719 1682 1682 1719 1719 1720 1720 1682 1682 1682 1682 1720 1720 1683 1683 1720 1720 1721 1721 1683 1683 1683 1683 1721 1721 1684 1684 1721 1721 1722 1722 1684 1684 1684 1684 1722 1722 1685 1685 1722 1722 1723 1723 1685 1685 1685 1685 1723 1723 1686 1686 1723 1723 1724 1724 1686 1686 1686 1686 1724 1724 1687 1687 1724 1724 1725 1725 1687 1687 1687 1687 1725 1725 1688 1688 1725 1725 1726 1726 1688 1688 1688 1688 1726 1726 1689 1689 1727 1727 1691 1691 1690 1690 1690 1690 1691 1691 1654 1654 1726 1726 1727 1727 1689 1689 1689 1689 1727 1727 1690 1690 1729 1729 1728 1728 1731 1731 1731 1731 1730 1730 1729 1729 1735 1735 1732 1732 1733 1733 1733 1733 1734 1734 1735 1735 1733 1733 1732 1732 1729 1729 1729 1729 1732 1732 1728 1728 1734 1734 1733 1733 1730 1730 1730 1730 1733 1733 1729 1729 1732 1732 1735 1735 1728 1728 1728 1728 1735 1735 1731 1731 1735 1735 1734 1734 1731 1731 1731 1731 1734 1734 1730 1730 1738 1738 1739 1739 1736 1736 1736 1736 1737 1737 1738 1738 1740 1740 1743 1743 1742 1742 1742 1742 1741 1741 1740 1740 1740 1740 1741 1741 1736 1736 1736 1736 1741 1741 1737 1737 1741 1741 1742 1742 1737 1737 1737 1737 1742 1742 1738 1738 1743 1743 1740 1740 1739 1739 1739 1739 1740 1740 1736 1736 1742 1742 1743 1743 1738 1738 1738 1738 1743 1743 1739 1739 1754 1754 1755 1755 1744 1744 1752 1752 1753 1753 1754 1754 1750 1750 1751 1751 1752 1752 1748 1748 1749 1749 1750 1750 1745 1745 1746 1746 1747 1747 1754 1754 1744 1744 1745 1745 1748 1748 1750 1750 1752 1752 1754 1754 1745 1745 1747 1747 1747 1747 1748 1748 1752 1752 1752 1752 1754 1754 1747 1747 1756 1756 1767 1767 1766 1766 1766 1766 1765 1765 1764 1764 1764 1764 1763 1763 1762 1762 1762 1762 1761 1761 1760 1760 1759 1759 1758 1758 1757 1757 1757 1757 1756 1756 1766 1766 1764 1764 1762 1762 1760 1760 1759 1759 1757 1757 1766 1766 1764 1764 1760 1760 1759 1759 1759 1759 1766 1766 1764 1764 1756 1756 1757 1757 1744 1744 1744 1744 1757 1757 1745 1745 1757 1757 1758 1758 1745 1745 1745 1745 1758 1758 1746 1746 1758 1758 1759 1759 1746 1746 1746 1746 1759 1759 1747 1747 1759 1759 1760 1760 1747 1747 1747 1747 1760 1760 1748 1748 1760 1760 1761 1761 1748 1748 1748 1748 1761 1761 1749 1749 1761 1761 1762 1762 1749 1749 1749 1749 1762 1762 1750 1750 1762 1762 1763 1763 1750 1750 1750 1750 1763 1763 1751 1751 1763 1763 1764 1764 1751 1751 1751 1751 1764 1764 1752 1752 1764 1764 1765 1765 1752 1752 1752 1752 1765 1765 1753 1753 1765 1765 1766 1766 1753 1753 1753 1753 1766 1766 1754 1754 1767 1767 1756 1756 1755 1755 1755 1755 1756 1756 1744 1744 1766 1766 1767 1767 1754 1754 1754 1754 1767 1767 1755 1755 1774 1774 1775 1775 1776 1776 1772 1772 1773 1773 1774 1774 1769 1769 1770 1770 1771 1771 1776 1776 1768 1768 1769 1769 1772 1772 1774 1774 1776 1776 1776 1776 1769 1769 1771 1771 1771 1771 1772 1772 1776 1776 1785 1785 1784 1784 1783 1783 1783 1783 1782 1782 1781 1781 1780 1780 1779 1779 1778 1778 1778 1778 1777 1777 1785 1785 1785 1785 1783 1783 1781 1781 1780 1780 1778 1778 1785 1785 1785 1785 1781 1781 1780 1780 1777 1777 1778 1778 1768 1768 1768 1768 1778 1778 1769 1769 1778 1778 1779 1779 1769 1769 1769 1769 1779 1779 1770 1770 1779 1779 1780 1780 1770 1770 1770 1770 1780 1780 1771 1771 1780 1780 1781 1781 1771 1771 1771 1771 1781 1781 1772 1772 1781 1781 1782 1782 1772 1772 1772 1772 1782 1782 1773 1773 1782 1782 1783 1783 1773 1773 1773 1773 1783 1783 1774 1774 1783 1783 1784 1784 1774 1774 1774 1774 1784 1784 1775 1775 1785 1785 1777 1777 1776 1776 1776 1776 1777 1777 1768 1768 1784 1784 1785 1785 1775 1775 1775 1775 1785 1785 1776 1776 1801 1801 1802 1802 1786 1786 1798 1798 1799 1799 1800 1800 1796 1796 1797 1797 1798 1798 1794 1794 1795 1795 1796 1796 1792 1792 1793 1793 1794 1794 1790 1790 1791 1791 1792 1792 1788 1788 1789 1789 1790 1790 1801 1801 1786 1786 1787 1787 1796 1796 1798 1798 1800 1800 1792 1792 1794 1794 1796 1796 1787 1787 1788 1788 1790 1790 1800 1800 1801 1801 1787 1787 1792 1792 1796 1796 1800 1800 1800 1800 1787 1787 1790 1790 1790 1790 1792 1792 1800 1800 1803 1803 1819 1819 1818 1818 1817 1817 1816 1816 1815 1815 1815 1815 1814 1814 1813 1813 1813 1813 1812 1812 1811 1811 1811 1811 1810 1810 1809 1809 1809 1809 1808 1808 1807 1807 1807 1807 1806 1806 1805 1805 1804 1804 1803 1803 1818 1818 1817 1817 1815 1815 1813 1813 1813 1813 1811 1811 1809 1809 1807 1807 1805 1805 1804 1804 1804 1804 1818 1818 1817 1817 1817 1817 1813 1813 1809 1809 1807 1807 1804 1804 1817 1817 1817 1817 1809 1809 1807 1807 1803 1803 1804 1804 1786 1786 1786 1786 1804 1804 1787 1787 1804 1804 1805 1805 1787 1787 1787 1787 1805 1805 1788 1788 1805 1805 1806 1806 1788 1788 1788 1788 1806 1806 1789 1789 1806 1806 1807 1807 1789 1789 1789 1789 1807 1807 1790 1790 1807 1807 1808 1808 1790 1790 1790 1790 1808 1808 1791 1791 1808 1808 1809 1809 1791 1791 1791 1791 1809 1809 1792 1792 1809 1809 1810 1810 1792 1792 1792 1792 1810 1810 1793 1793 1810 1810 1811 1811 1793 1793 1793 1793 1811 1811 1794 1794 1811 1811 1812 1812 1794 1794 1794 1794 1812 1812 1795 1795 1812 1812 1813 1813 1795 1795 1795 1795 1813 1813 1796 1796 1813 1813 1814 1814 1796 1796 1796 1796 1814 1814 1797 1797 1814 1814 1815 1815 1797 1797 1797 1797 1815 1815 1798 1798 1815 1815 1816 1816 1798 1798 1798 1798 1816 1816 1799 1799 1816 1816 1817 1817 1799 1799 1799 1799 1817 1817 1800 1800 1817 1817 1818 1818 1800 1800 1800 1800 1818 1818 1801 1801 1819 1819 1803 1803 1802 1802 1802 1802 1803 1803 1786 1786 1818 1818 1819 1819 1801 1801 1801 1801 1819 1819 1802 1802 1821 1821 1820 1820 1827 1827 1824 1824 1823 1823 1822 1822 1821 1821 1827 1827 1826 1826 1825 1825 1824 1824 1822 1822 1821 1821 1826 1826 1825 1825 1825 1825 1822 1822 1821 1821 1835 1835 1828 1828 1829 1829 1830 1830 1831 1831 1832 1832 1834 1834 1835 1835 1829 1829 1830 1830 1832 1832 1833 1833 1833 1833 1834 1834 1829 1829 1829 1829 1830 1830 1833 1833 1829 1829 1828 1828 1821 1821 1821 1821 1828 1828 1820 1820 1830 1830 1829 1829 1822 1822 1822 1822 1829 1829 1821 1821 1831 1831 1830 1830 1823 1823 1823 1823 1830 1830 1822 1822 1832 1832 1831 1831 1824 1824 1824 1824 1831 1831 1823 1823 1833 1833 1832 1832 1825 1825 1825 1825 1832 1832 1824 1824 1834 1834 1833 1833 1826 1826 1826 1826 1833 1833 1825 1825 1828 1828 1835 1835 1820 1820 1820 1820 1835 1835 1827 1827 1835 1835 1834 1834 1827 1827 1827 1827 1834 1834 1826 1826 1848 1848 1849 1849 1836 1836 1844 1844 1845 1845 1846 1846 1841 1841 1842 1842 1843 1843 1839 1839 1840 1840 1841 1841 1837 1837 1838 1838 1839 1839 1847 1847 1848 1848 1836 1836 1843 1843 1844 1844 1846 1846 1839 1839 1841 1841 1843 1843 1836 1836 1837 1837 1839 1839 1843 1843 1846 1846 1847 1847 1847 1847 1836 1836 1839 1839 1839 1839 1843 1843 1847 1847 1850 1850 1863 1863 1862 1862 1860 1860 1859 1859 1858 1858 1857 1857 1856 1856 1855 1855 1855 1855 1854 1854 1853 1853 1853 1853 1852 1852 1851 1851 1850 1850 1862 1862 1861 1861 1860 1860 1858 1858 1857 1857 1857 1857 1855 1855 1853 1853 1853 1853 1851 1851 1850 1850 1861 1861 1860 1860 1857 1857 1853 1853 1850 1850 1861 1861 1861 1861 1857 1857 1853 1853 1850 1850 1851 1851 1836 1836 1836 1836 1851 1851 1837 1837 1851 1851 1852 1852 1837 1837 1837 1837 1852 1852 1838 1838 1852 1852 1853 1853 1838 1838 1838 1838 1853 1853 1839 1839 1853 1853 1854 1854 1839 1839 1839 1839 1854 1854 1840 1840 1854 1854 1855 1855 1840 1840 1840 1840 1855 1855 1841 1841 1855 1855 1856 1856 1841 1841 1841 1841 1856 1856 1842 1842 1856 1856 1857 1857 1842 1842 1842 1842 1857 1857 1843 1843 1857 1857 1858 1858 1843 1843 1843 1843 1858 1858 1844 1844 1858 1858 1859 1859 1844 1844 1844 1844 1859 1859 1845 1845 1859 1859 1860 1860 1845 1845 1845 1845 1860 1860 1846 1846 1860 1860 1861 1861 1846 1846 1846 1846 1861 1861 1847 1847 1861 1861 1862 1862 1847 1847 1847 1847 1862 1862 1848 1848 1863 1863 1850 1850 1849 1849 1849 1849 1850 1850 1836 1836 1862 1862 1863 1863 1848 1848 1848 1848 1863 1863 1849 1849 1870 1870 1871 1871 1864 1864 1868 1868 1869 1869 1870 1870 1866 1866 1867 1867 1868 1868 1864 1864 1865 1865 1866 1866 1868 1868 1870 1870 1864 1864 1864 1864 1866 1866 1868 1868 1872 1872 1879 1879 1878 1878 1878 1878 1877 1877 1876 1876 1876 1876 1875 1875 1874 1874 1874 1874 1873 1873 1872 1872 1872 1872 1878 1878 1876 1876 1876 1876 1874 1874 1872 1872 1872 1872 1873 1873 1864 1864 1864 1864 1873 1873 1865 1865 1873 1873 1874 1874 1865 1865 1865 1865 1874 1874 1866 1866 1874 1874 1875 1875 1866 1866 1866 1866 1875 1875 1867 1867 1875 1875 1876 1876 1867 1867 1867 1867 1876 1876 1868 1868 1876 1876 1877 1877 1868 1868 1868 1868 1877 1877 1869 1869 1877 1877 1878 1878 1869 1869 1869 1869 1878 1878 1870 1870 1879 1879 1872 1872 1871 1871 1871 1871 1872 1872 1864 1864 1878 1878 1879 1879 1870 1870 1870 1870 1879 1879 1871 1871 1882 1882 1883 1883 1880 1880 1880 1880 1881 1881 1882 1882 1884 1884 1887 1887 1886 1886 1886 1886 1885 1885 1884 1884 1884 1884 1885 1885 1880 1880 1880 1880 1885 1885 1881 1881 1885 1885 1886 1886 1881 1881 1881 1881 1886 1886 1882 1882 1887 1887 1884 1884 1883 1883 1883 1883 1884 1884 1880 1880 1886 1886 1887 1887 1882 1882 1882 1882 1887 1887 1883 1883 1890 1890 1891 1891 1888 1888 1888 1888 1889 1889 1890 1890 1892 1892 1895 1895 1894 1894 1894 1894 1893 1893 1892 1892 1892 1892 1893 1893 1888 1888 1888 1888 1893 1893 1889 1889 1893 1893 1894 1894 1889 1889 1889 1889 1894 1894 1890 1890 1895 1895 1892 1892 1891 1891 1891 1891 1892 1892 1888 1888 1894 1894 1895 1895 1890 1890 1890 1890 1895 1895 1891 1891 1897 1897 1896 1896 1915 1915 1900 1900 1899 1899 1898 1898 1902 1902 1901 1901 1900 1900 1904 1904 1903 1903 1902 1902 1907 1907 1906 1906 1905 1905 1909 1909 1908 1908 1907 1907 1911 1911 1910 1910 1909 1909 1914 1914 1913 1913 1912 1912 1897 1897 1915 1915 1914 1914 1900 1900 1898 1898 1897 1897 1904 1904 1902 1902 1900 1900 1911 1911 1909 1909 1907 1907 1897 1897 1914 1914 1912 1912 1904 1904 1900 1900 1897 1897 1911 1911 1907 1907 1905 1905 1905 1905 1904 1904 1897 1897 1912 1912 1911 1911 1905 1905 1905 1905 1897 1897 1912 1912 1935 1935 1916 1916 1917 1917 1918 1918 1919 1919 1920 1920 1920 1920 1921 1921 1922 1922 1922 1922 1923 1923 1924 1924 1925 1925 1926 1926 1927 1927 1927 1927 1928 1928 1929 1929 1929 1929 1930 1930 1931 1931 1932 1932 1933 1933 1934 1934 1934 1934 1935 1935 1917 1917 1917 1917 1918 1918 1920 1920 1920 1920 1922 1922 1924 1924 1927 1927 1929 1929 1931 1931 1932 1932 1934 1934 1917 1917 1917 1917 1920 1920 1924 1924 1925 1925 1927 1927 1931 1931 1917 1917 1924 1924 1925 1925 1925 1925 1931 1931 1932 1932 1932 1932 1917 1917 1925 1925 1917 1917 1916 1916 1897 1897 1897 1897 1916 1916 1896 1896 1918 1918 1917 1917 1898 1898 1898 1898 1917 1917 1897 1897 1919 1919 1918 1918 1899 1899 1899 1899 1918 1918 1898 1898 1920 1920 1919 1919 1900 1900 1900 1900 1919 1919 1899 1899 1921 1921 1920 1920 1901 1901 1901 1901 1920 1920 1900 1900 1922 1922 1921 1921 1902 1902 1902 1902 1921 1921 1901 1901 1923 1923 1922 1922 1903 1903 1903 1903 1922 1922 1902 1902 1924 1924 1923 1923 1904 1904 1904 1904 1923 1923 1903 1903 1925 1925 1924 1924 1905 1905 1905 1905 1924 1924 1904 1904 1926 1926 1925 1925 1906 1906 1906 1906 1925 1925 1905 1905 1927 1927 1926 1926 1907 1907 1907 1907 1926 1926 1906 1906 1928 1928 1927 1927 1908 1908 1908 1908 1927 1927 1907 1907 1929 1929 1928 1928 1909 1909 1909 1909 1928 1928 1908 1908 1930 1930 1929 1929 1910 1910 1910 1910 1929 1929 1909 1909 1931 1931 1930 1930 1911 1911 1911 1911 1930 1930 1910 1910 1932 1932 1931 1931 1912 1912 1912 1912 1931 1931 1911 1911 1933 1933 1932 1932 1913 1913 1913 1913 1932 1932 1912 1912 1934 1934 1933 1933 1914 1914 1914 1914 1933 1933 1913 1913 1916 1916 1935 1935 1896 1896 1896 1896 1935 1935 1915 1915 1935 1935 1934 1934 1915 1915 1915 1915 1934 1934 1914 1914 1942 1942 1943 1943 1936 1936 1940 1940 1941 1941 1942 1942 1938 1938 1939 1939 1940 1940 1942 1942 1936 1936 1937 1937 1938 1938 1940 1940 1942 1942 1942 1942 1937 1937 1938 1938 1944 1944 1951 1951 1950 1950 1950 1950 1949 1949 1948 1948 1948 1948 1947 1947 1946 1946 1945 1945 1944 1944 1950 1950 1950 1950 1948 1948 1946 1946 1946 1946 1945 1945 1950 1950 1944 1944 1945 1945 1936 1936 1936 1936 1945 1945 1937 1937 1945 1945 1946 1946 1937 1937 1937 1937 1946 1946 1938 1938 1946 1946 1947 1947 1938 1938 1938 1938 1947 1947 1939 1939 1947 1947 1948 1948 1939 1939 1939 1939 1948 1948 1940 1940 1948 1948 1949 1949 1940 1940 1940 1940 1949 1949 1941 1941 1949 1949 1950 1950 1941 1941 1941 1941 1950 1950 1942 1942 1951 1951 1944 1944 1943 1943 1943 1943 1944 1944 1936 1936 1950 1950 1951 1951 1942 1942 1942 1942 1951 1951 1943 1943 1960 1960 1961 1961 1952 1952 1958 1958 1959 1959 1960 1960 1955 1955 1956 1956 1957 1957 1953 1953 1954 1954 1955 1955 1960 1960 1952 1952 1953 1953 1957 1957 1958 1958 1960 1960 1953 1953 1955 1955 1957 1957 1957 1957 1960 1960 1953 1953 1962 1962 1971 1971 1970 1970 1970 1970 1969 1969 1968 1968 1967 1967 1966 1966 1965 1965 1965 1965 1964 1964 1963 1963 1963 1963 1962 1962 1970 1970 1970 1970 1968 1968 1967 1967 1967 1967 1965 1965 1963 1963 1963 1963 1970 1970 1967 1967 1962 1962 1963 1963 1952 1952 1952 1952 1963 1963 1953 1953 1963 1963 1964 1964 1953 1953 1953 1953 1964 1964 1954 1954 1964 1964 1965 1965 1954 1954 1954 1954 1965 1965 1955 1955 1965 1965 1966 1966 1955 1955 1955 1955 1966 1966 1956 1956 1966 1966 1967 1967 1956 1956 1956 1956 1967 1967 1957 1957 1967 1967 1968 1968 1957 1957 1957 1957 1968 1968 1958 1958 1968 1968 1969 1969 1958 1958 1958 1958 1969 1969 1959 1959 1969 1969 1970 1970 1959 1959 1959 1959 1970 1970 1960 1960 1971 1971 1962 1962 1961 1961 1961 1961 1962 1962 1952 1952 1970 1970 1971 1971 1960 1960 1960 1960 1971 1971 1961 1961 1973 1973 1972 1972 1976 1976 1975 1975 1974 1974 1973 1973 1973 1973 1976 1976 1975 1975 1981 1981 1977 1977 1978 1978 1978 1978 1979 1979 1980 1980 1980 1980 1981 1981 1978 1978 1978 1978 1977 1977 1973 1973 1973 1973 1977 1977 1972 1972 1979 1979 1978 1978 1974 1974 1974 1974 1978 1978 1973 1973 1980 1980 1979 1979 1975 1975 1975 1975 1979 1979 1974 1974 1977 1977 1981 1981 1972 1972 1972 1972 1981 1981 1976 1976 1981 1981 1980 1980 1976 1976 1976 1976 1980 1980 1975 1975 1983 1983 1982 1982 1999 1999 1986 1986 1985 1985 1984 1984 1990 1990 1989 1989 1988 1988 1992 1992 1991 1991 1990 1990 1996 1996 1995 1995 1994 1994 1998 1998 1997 1997 1996 1996 1983 1983 1999 1999 1998 1998 1987 1987 1986 1986 1984 1984 1993 1993 1992 1992 1990 1990 1998 1998 1996 1996 1994 1994 1984 1984 1983 1983 1998 1998 1993 1993 1990 1990 1988 1988 1984 1984 1998 1998 1994 1994 1993 1993 1988 1988 1987 1987 1984 1984 1994 1994 1993 1993 1993 1993 1987 1987 1984 1984 2017 2017 2000 2000 2001 2001 2002 2002 2003 2003 2004 2004 2006 2006 2007 2007 2008 2008 2008 2008 2009 2009 2010 2010 2012 2012 2013 2013 2014 2014 2014 2014 2015 2015 2016 2016 2016 2016 2017 2017 2001 2001 2002 2002 2004 2004 2005 2005 2008 2008 2010 2010 2011 2011 2012 2012 2014 2014 2016 2016 2016 2016 2001 2001 2002 2002 2006 2006 2008 2008 2011 2011 2012 2012 2016 2016 2002 2002 2005 2005 2006 2006 2011 2011 2011 2011 2012 2012 2002 2002 2002 2002 2005 2005 2011 2011 2001 2001 2000 2000 1983 1983 1983 1983 2000 2000 1982 1982 2002 2002 2001 2001 1984 1984 1984 1984 2001 2001 1983 1983 2003 2003 2002 2002 1985 1985 1985 1985 2002 2002 1984 1984 2004 2004 2003 2003 1986 1986 1986 1986 2003 2003 1985 1985 2005 2005 2004 2004 1987 1987 1987 1987 2004 2004 1986 1986 2006 2006 2005 2005 1988 1988 1988 1988 2005 2005 1987 1987 2007 2007 2006 2006 1989 1989 1989 1989 2006 2006 1988 1988 2008 2008 2007 2007 1990 1990 1990 1990 2007 2007 1989 1989 2009 2009 2008 2008 1991 1991 1991 1991 2008 2008 1990 1990 2010 2010 2009 2009 1992 1992 1992 1992 2009 2009 1991 1991 2011 2011 2010 2010 1993 1993 1993 1993 2010 2010 1992 1992 2012 2012 2011 2011 1994 1994 1994 1994 2011 2011 1993 1993 2013 2013 2012 2012 1995 1995 1995 1995 2012 2012 1994 1994 2014 2014 2013 2013 1996 1996 1996 1996 2013 2013 1995 1995 2015 2015 2014 2014 1997 1997 1997 1997 2014 2014 1996 1996 2016 2016 2015 2015 1998 1998 1998 1998 2015 2015 1997 1997 2000 2000 2017 2017 1982 1982 1982 1982 2017 2017 1999 1999 2017 2017 2016 2016 1999 1999 1999 1999 2016 2016 1998 1998 2019 2019 2018 2018 2035 2035 2022 2022 2021 2021 2020 2020 2024 2024 2023 2023 2022 2022 2028 2028 2027 2027 2026 2026 2031 2031 2030 2030 2029 2029 2033 2033 2032 2032 2031 2031 2019 2019 2035 2035 2034 2034 2022 2022 2020 2020 2019 2019 2025 2025 2024 2024 2022 2022 2029 2029 2028 2028 2026 2026 2033 2033 2031 2031 2029 2029 2019 2019 2034 2034 2033 2033 2025 2025 2022 2022 2019 2019 2029 2029 2026 2026 2025 2025 2019 2019 2033 2033 2029 2029 2029 2029 2025 2025 2019 2019 2053 2053 2036 2036 2037 2037 2038 2038 2039 2039 2040 2040 2040 2040 2041 2041 2042 2042 2044 2044 2045 2045 2046 2046 2047 2047 2048 2048 2049 2049 2049 2049 2050 2050 2051 2051 2052 2052 2053 2053 2037 2037 2037 2037 2038 2038 2040 2040 2040 2040 2042 2042 2043 2043 2044 2044 2046 2046 2047 2047 2047 2047 2049 2049 2051 2051 2051 2051 2052 2052 2037 2037 2037 2037 2040 2040 2043 2043 2043 2043 2044 2044 2047 2047 2047 2047 2051 2051 2037 2037 2037 2037 2043 2043 2047 2047 2037 2037 2036 2036 2019 2019 2019 2019 2036 2036 2018 2018 2038 2038 2037 2037 2020 2020 2020 2020 2037 2037 2019 2019 2039 2039 2038 2038 2021 2021 2021 2021 2038 2038 2020 2020 2040 2040 2039 2039 2022 2022 2022 2022 2039 2039 2021 2021 2041 2041 2040 2040 2023 2023 2023 2023 2040 2040 2022 2022 2042 2042 2041 2041 2024 2024 2024 2024 2041 2041 2023 2023 2043 2043 2042 2042 2025 2025 2025 2025 2042 2042 2024 2024 2044 2044 2043 2043 2026 2026 2026 2026 2043 2043 2025 2025 2045 2045 2044 2044 2027 2027 2027 2027 2044 2044 2026 2026 2046 2046 2045 2045 2028 2028 2028 2028 2045 2045 2027 2027 2047 2047 2046 2046 2029 2029 2029 2029 2046 2046 2028 2028 2048 2048 2047 2047 2030 2030 2030 2030 2047 2047 2029 2029 2049 2049 2048 2048 2031 2031 2031 2031 2048 2048 2030 2030 2050 2050 2049 2049 2032 2032 2032 2032 2049 2049 2031 2031 2051 2051 2050 2050 2033 2033 2033 2033 2050 2050 2032 2032 2052 2052 2051 2051 2034 2034 2034 2034 2051 2051 2033 2033 2036 2036 2053 2053 2018 2018 2018 2018 2053 2053 2035 2035 2053 2053 2052 2052 2035 2035 2035 2035 2052 2052 2034 2034 2068 2068 2069 2069 2054 2054 2066 2066 2067 2067 2068 2068 2063 2063 2064 2064 2065 2065 2061 2061 2062 2062 2063 2063 2058 2058 2059 2059 2060 2060 2054 2054 2055 2055 2056 2056 2065 2065 2066 2066 2068 2068 2058 2058 2060 2060 2061 2061 2068 2068 2054 2054 2056 2056 2063 2063 2065 2065 2068 2068 2057 2057 2058 2058 2061 2061 2068 2068 2056 2056 2057 2057 2061 2061 2063 2063 2068 2068 2068 2068 2057 2057 2061 2061 2070 2070 2085 2085 2084 2084 2084 2084 2083 2083 2082 2082 2081 2081 2080 2080 2079 2079 2079 2079 2078 2078 2077 2077 2076 2076 2075 2075 2074 2074 2072 2072 2071 2071 2070 2070 2084 2084 2082 2082 2081 2081 2077 2077 2076 2076 2074 2074 2072 2072 2070 2070 2084 2084 2084 2084 2081 2081 2079 2079 2077 2077 2074 2074 2073 2073 2073 2073 2072 2072 2084 2084 2084 2084 2079 2079 2077 2077 2077 2077 2073 2073 2084 2084 2070 2070 2071 2071 2054 2054 2054 2054 2071 2071 2055 2055 2071 2071 2072 2072 2055 2055 2055 2055 2072 2072 2056 2056 2072 2072 2073 2073 2056 2056 2056 2056 2073 2073 2057 2057 2073 2073 2074 2074 2057 2057 2057 2057 2074 2074 2058 2058 2074 2074 2075 2075 2058 2058 2058 2058 2075 2075 2059 2059 2075 2075 2076 2076 2059 2059 2059 2059 2076 2076 2060 2060 2076 2076 2077 2077 2060 2060 2060 2060 2077 2077 2061 2061 2077 2077 2078 2078 2061 2061 2061 2061 2078 2078 2062 2062 2078 2078 2079 2079 2062 2062 2062 2062 2079 2079 2063 2063 2079 2079 2080 2080 2063 2063 2063 2063 2080 2080 2064 2064 2080 2080 2081 2081 2064 2064 2064 2064 2081 2081 2065 2065 2081 2081 2082 2082 2065 2065 2065 2065 2082 2082 2066 2066 2082 2082 2083 2083 2066 2066 2066 2066 2083 2083 2067 2067 2083 2083 2084 2084 2067 2067 2067 2067 2084 2084 2068 2068 2085 2085 2070 2070 2069 2069 2069 2069 2070 2070 2054 2054 2084 2084 2085 2085 2068 2068 2068 2068 2085 2085 2069 2069 2087 2087 2086 2086 2089 2089 2089 2089 2088 2088 2087 2087 2093 2093 2090 2090 2091 2091 2091 2091 2092 2092 2093 2093 2091 2091 2090 2090 2087 2087 2087 2087 2090 2090 2086 2086 2092 2092 2091 2091 2088 2088 2088 2088 2091 2091 2087 2087 2090 2090 2093 2093 2086 2086 2086 2086 2093 2093 2089 2089 2093 2093 2092 2092 2089 2089 2089 2089 2092 2092 2088 2088 2109 2109 2110 2110 2094 2094 2107 2107 2108 2108 2109 2109 2105 2105 2106 2106 2107 2107 2103 2103 2104 2104 2105 2105 2101 2101 2102 2102 2103 2103 2098 2098 2099 2099 2100 2100 2096 2096 2097 2097 2098 2098 2109 2109 2094 2094 2095 2095 2105 2105 2107 2107 2109 2109 2101 2101 2103 2103 2105 2105 2098 2098 2100 2100 2101 2101 2109 2109 2095 2095 2096 2096 2101 2101 2105 2105 2109 2109 2096 2096 2098 2098 2101 2101 2101 2101 2109 2109 2096 2096 2111 2111 2127 2127 2126 2126 2126 2126 2125 2125 2124 2124 2124 2124 2123 2123 2122 2122 2122 2122 2121 2121 2120 2120 2120 2120 2119 2119 2118 2118 2117 2117 2116 2116 2115 2115 2115 2115 2114 2114 2113 2113 2112 2112 2111 2111 2126 2126 2126 2126 2124 2124 2122 2122 2122 2122 2120 2120 2118 2118 2118 2118 2117 2117 2115 2115 2113 2113 2112 2112 2126 2126 2126 2126 2122 2122 2118 2118 2118 2118 2115 2115 2113 2113 2113 2113 2126 2126 2118 2118 2111 2111 2112 2112 2094 2094 2094 2094 2112 2112 2095 2095 2112 2112 2113 2113 2095 2095 2095 2095 2113 2113 2096 2096 2113 2113 2114 2114 2096 2096 2096 2096 2114 2114 2097 2097 2114 2114 2115 2115 2097 2097 2097 2097 2115 2115 2098 2098 2115 2115 2116 2116 2098 2098 2098 2098 2116 2116 2099 2099 2116 2116 2117 2117 2099 2099 2099 2099 2117 2117 2100 2100 2117 2117 2118 2118 2100 2100 2100 2100 2118 2118 2101 2101 2118 2118 2119 2119 2101 2101 2101 2101 2119 2119 2102 2102 2119 2119 2120 2120 2102 2102 2102 2102 2120 2120 2103 2103 2120 2120 2121 2121 2103 2103 2103 2103 2121 2121 2104 2104 2121 2121 2122 2122 2104 2104 2104 2104 2122 2122 2105 2105 2122 2122 2123 2123 2105 2105 2105 2105 2123 2123 2106 2106 2123 2123 2124 2124 2106 2106 2106 2106 2124 2124 2107 2107 2124 2124 2125 2125 2107 2107 2107 2107 2125 2125 2108 2108 2125 2125 2126 2126 2108 2108 2108 2108 2126 2126 2109 2109 2127 2127 2111 2111 2110 2110 2110 2110 2111 2111 2094 2094 2126 2126 2127 2127 2109 2109 2109 2109 2127 2127 2110 2110 2129 2129 2128 2128 2134 2134 2132 2132 2131 2131 2130 2130 2134 2134 2133 2133 2132 2132 2130 2130 2129 2129 2134 2134 2134 2134 2132 2132 2130 2130 2141 2141 2135 2135 2136 2136 2137 2137 2138 2138 2139 2139 2139 2139 2140 2140 2141 2141 2141 2141 2136 2136 2137 2137 2137 2137 2139 2139 2141 2141 2136 2136 2135 2135 2129 2129 2129 2129 2135 2135 2128 2128 2137 2137 2136 2136 2130 2130 2130 2130 2136 2136 2129 2129 2138 2138 2137 2137 2131 2131 2131 2131 2137 2137 2130 2130 2139 2139 2138 2138 2132 2132 2132 2132 2138 2138 2131 2131 2140 2140 2139 2139 2133 2133 2133 2133 2139 2139 2132 2132 2135 2135 2141 2141 2128 2128 2128 2128 2141 2141 2134 2134 2141 2141 2140 2140 2134 2134 2134 2134 2140 2140 2133 2133 2156 2156 2157 2157 2142 2142 2153 2153 2154 2154 2155 2155 2151 2151 2152 2152 2153 2153 2146 2146 2147 2147 2148 2148 2144 2144 2145 2145 2146 2146 2142 2142 2143 2143 2144 2144 2155 2155 2156 2156 2142 2142 2151 2151 2153 2153 2155 2155 2144 2144 2146 2146 2148 2148 2151 2151 2155 2155 2142 2142 2144 2144 2148 2148 2149 2149 2150 2150 2151 2151 2142 2142 2144 2144 2149 2149 2150 2150 2150 2150 2142 2142 2144 2144 2158 2158 2173 2173 2172 2172 2171 2171 2170 2170 2169 2169 2169 2169 2168 2168 2167 2167 2164 2164 2163 2163 2162 2162 2162 2162 2161 2161 2160 2160 2160 2160 2159 2159 2158 2158 2158 2158 2172 2172 2171 2171 2171 2171 2169 2169 2167 2167 2164 2164 2162 2162 2160 2160 2158 2158 2171 2171 2167 2167 2165 2165 2164 2164 2160 2160 2158 2158 2167 2167 2166 2166 2166 2166 2165 2165 2160 2160 2160 2160 2158 2158 2166 2166 2158 2158 2159 2159 2142 2142 2142 2142 2159 2159 2143 2143 2159 2159 2160 2160 2143 2143 2143 2143 2160 2160 2144 2144 2160 2160 2161 2161 2144 2144 2144 2144 2161 2161 2145 2145 2161 2161 2162 2162 2145 2145 2145 2145 2162 2162 2146 2146 2162 2162 2163 2163 2146 2146 2146 2146 2163 2163 2147 2147 2163 2163 2164 2164 2147 2147 2147 2147 2164 2164 2148 2148 2164 2164 2165 2165 2148 2148 2148 2148 2165 2165 2149 2149 2165 2165 2166 2166 2149 2149 2149 2149 2166 2166 2150 2150 2166 2166 2167 2167 2150 2150 2150 2150 2167 2167 2151 2151 2167 2167 2168 2168 2151 2151 2151 2151 2168 2168 2152 2152 2168 2168 2169 2169 2152 2152 2152 2152 2169 2169 2153 2153 2169 2169 2170 2170 2153 2153 2153 2153 2170 2170 2154 2154 2170 2170 2171 2171 2154 2154 2154 2154 2171 2171 2155 2155 2171 2171 2172 2172 2155 2155 2155 2155 2172 2172 2156 2156 2173 2173 2158 2158 2157 2157 2157 2157 2158 2158 2142 2142 2172 2172 2173 2173 2156 2156 2156 2156 2173 2173 2157 2157 2188 2188 2189 2189 2174 2174 2183 2183 2184 2184 2185 2185 2180 2180 2181 2181 2182 2182 2178 2178 2179 2179 2180 2180 2175 2175 2176 2176 2177 2177 2188 2188 2174 2174 2175 2175 2183 2183 2185 2185 2186 2186 2180 2180 2182 2182 2183 2183 2177 2177 2178 2178 2180 2180 2187 2187 2188 2188 2175 2175 2177 2177 2180 2180 2183 2183 2186 2186 2187 2187 2175 2175 2175 2175 2177 2177 2183 2183 2183 2183 2186 2186 2175 2175 2190 2190 2205 2205 2204 2204 2201 2201 2200 2200 2199 2199 2198 2198 2197 2197 2196 2196 2196 2196 2195 2195 2194 2194 2193 2193 2192 2192 2191 2191 2191 2191 2190 2190 2204 2204 2202 2202 2201 2201 2199 2199 2199 2199 2198 2198 2196 2196 2196 2196 2194 2194 2193 2193 2191 2191 2204 2204 2203 2203 2199 2199 2196 2196 2193 2193 2191 2191 2203 2203 2202 2202 2199 2199 2193 2193 2191 2191 2191 2191 2202 2202 2199 2199 2190 2190 2191 2191 2174 2174 2174 2174 2191 2191 2175 2175 2191 2191 2192 2192 2175 2175 2175 2175 2192 2192 2176 2176 2192 2192 2193 2193 2176 2176 2176 2176 2193 2193 2177 2177 2193 2193 2194 2194 2177 2177 2177 2177 2194 2194 2178 2178 2194 2194 2195 2195 2178 2178 2178 2178 2195 2195 2179 2179 2195 2195 2196 2196 2179 2179 2179 2179 2196 2196 2180 2180 2196 2196 2197 2197 2180 2180 2180 2180 2197 2197 2181 2181 2197 2197 2198 2198 2181 2181 2181 2181 2198 2198 2182 2182 2198 2198 2199 2199 2182 2182 2182 2182 2199 2199 2183 2183 2199 2199 2200 2200 2183 2183 2183 2183 2200 2200 2184 2184 2200 2200 2201 2201 2184 2184 2184 2184 2201 2201 2185 2185 2201 2201 2202 2202 2185 2185 2185 2185 2202 2202 2186 2186 2202 2202 2203 2203 2186 2186 2186 2186 2203 2203 2187 2187 2203 2203 2204 2204 2187 2187 2187 2187 2204 2204 2188 2188 2205 2205 2190 2190 2189 2189 2189 2189 2190 2190 2174 2174 2204 2204 2205 2205 2188 2188 2188 2188 2205 2205 2189 2189 2219 2219 2220 2220 2206 2206 2217 2217 2218 2218 2219 2219 2215 2215 2216 2216 2217 2217 2212 2212 2213 2213 2214 2214 2210 2210 2211 2211 2212 2212 2208 2208 2209 2209 2210 2210 2206 2206 2207 2207 2208 2208 2217 2217 2219 2219 2206 2206 2214 2214 2215 2215 2217 2217 2210 2210 2212 2212 2214 2214 2206 2206 2208 2208 2210 2210 2214 2214 2217 2217 2206 2206 2206 2206 2210 2210 2214 2214 2221 2221 2235 2235 2234 2234 2234 2234 2233 2233 2232 2232 2232 2232 2231 2231 2230 2230 2229 2229 2228 2228 2227 2227 2227 2227 2226 2226 2225 2225 2225 2225 2224 2224 2223 2223 2223 2223 2222 2222 2221 2221 2221 2221 2234 2234 2232 2232 2232 2232 2230 2230 2229 2229 2229 2229 2227 2227 2225 2225 2225 2225 2223 2223 2221 2221 2221 2221 2232 2232 2229 2229 2229 2229 2225 2225 2221 2221 2221 2221 2222 2222 2206 2206 2206 2206 2222 2222 2207 2207 2222 2222 2223 2223 2207 2207 2207 2207 2223 2223 2208 2208 2223 2223 2224 2224 2208 2208 2208 2208 2224 2224 2209 2209 2224 2224 2225 2225 2209 2209 2209 2209 2225 2225 2210 2210 2225 2225 2226 2226 2210 2210 2210 2210 2226 2226 2211 2211 2226 2226 2227 2227 2211 2211 2211 2211 2227 2227 2212 2212 2227 2227 2228 2228 2212 2212 2212 2212 2228 2228 2213 2213 2228 2228 2229 2229 2213 2213 2213 2213 2229 2229 2214 2214 2229 2229 2230 2230 2214 2214 2214 2214 2230 2230 2215 2215 2230 2230 2231 2231 2215 2215 2215 2215 2231 2231 2216 2216 2231 2231 2232 2232 2216 2216 2216 2216 2232 2232 2217 2217 2232 2232 2233 2233 2217 2217 2217 2217 2233 2233 2218 2218 2233 2233 2234 2234 2218 2218 2218 2218 2234 2234 2219 2219 2235 2235 2221 2221 2220 2220 2220 2220 2221 2221 2206 2206 2234 2234 2235 2235 2219 2219 2219 2219 2235 2235 2220 2220 2237 2237 2236 2236 2265 2265 2239 2239 2238 2238 2237 2237 2241 2241 2240 2240 2239 2239 2244 2244 2243 2243 2242 2242 2246 2246 2245 2245 2244 2244 2248 2248 2247 2247 2246 2246 2250 2250 2249 2249 2248 2248 2254 2254 2253 2253 2252 2252 2256 2256 2255 2255 2254 2254 2258 2258 2257 2257 2256 2256 2260 2260 2259 2259 2258 2258 2263 2263 2262 2262 2261 2261 2265 2265 2264 2264 2263 2263 2239 2239 2237 2237 2265 2265 2246 2246 2244 2244 2242 2242 2250 2250 2248 2248 2246 2246 2254 2254 2252 2252 2251 2251 2258 2258 2256 2256 2254 2254 2261 2261 2260 2260 2258 2258 2265 2265 2263 2263 2261 2261 2241 2241 2239 2239 2265 2265 2250 2250 2246 2246 2242 2242 2258 2258 2254 2254 2251 2251 2241 2241 2265 2265 2261 2261 2250 2250 2242 2242 2241 2241 2261 2261 2258 2258 2251 2251 2251 2251 2250 2250 2241 2241 2241 2241 2261 2261 2251 2251 2295 2295 2266 2266 2267 2267 2267 2267 2268 2268 2269 2269 2269 2269 2270 2270 2271 2271 2272 2272 2273 2273 2274 2274 2274 2274 2275 2275 2276 2276 2276 2276 2277 2277 2278 2278 2278 2278 2279 2279 2280 2280 2282 2282 2283 2283 2284 2284 2284 2284 2285 2285 2286 2286 2286 2286 2287 2287 2288 2288 2288 2288 2289 2289 2290 2290 2291 2291 2292 2292 2293 2293 2293 2293 2294 2294 2295 2295 2295 2295 2267 2267 2269 2269 2272 2272 2274 2274 2276 2276 2276 2276 2278 2278 2280 2280 2281 2281 2282 2282 2284 2284 2284 2284 2286 2286 2288 2288 2288 2288 2290 2290 2291 2291 2291 2291 2293 2293 2295 2295 2295 2295 2269 2269 2271 2271 2272 2272 2276 2276 2280 2280 2281 2281 2284 2284 2288 2288 2291 2291 2295 2295 2271 2271 2271 2271 2272 2272 2280 2280 2281 2281 2288 2288 2291 2291 2271 2271 2280 2280 2281 2281 2281 2281 2291 2291 2271 2271 2267 2267 2266 2266 2237 2237 2237 2237 2266 2266 2236 2236 2268 2268 2267 2267 2238 2238 2238 2238 2267 2267 2237 2237 2269 2269 2268 2268 2239 2239 2239 2239 2268 2268 2238 2238 2270 2270 2269 2269 2240 2240 2240 2240 2269 2269 2239 2239 2271 2271 2270 2270 2241 2241 2241 2241 2270 2270 2240 2240 2272 2272 2271 2271 2242 2242 2242 2242 2271 2271 2241 2241 2273 2273 2272 2272 2243 2243 2243 2243 2272 2272 2242 2242 2274 2274 2273 2273 2244 2244 2244 2244 2273 2273 2243 2243 2275 2275 2274 2274 2245 2245 2245 2245 2274 2274 2244 2244 2276 2276 2275 2275 2246 2246 2246 2246 2275 2275 2245 2245 2277 2277 2276 2276 2247 2247 2247 2247 2276 2276 2246 2246 2278 2278 2277 2277 2248 2248 2248 2248 2277 2277 2247 2247 2279 2279 2278 2278 2249 2249 2249 2249 2278 2278 2248 2248 2280 2280 2279 2279 2250 2250 2250 2250 2279 2279 2249 2249 2281 2281 2280 2280 2251 2251 2251 2251 2280 2280 2250 2250 2282 2282 2281 2281 2252 2252 2252 2252 2281 2281 2251 2251 2283 2283 2282 2282 2253 2253 2253 2253 2282 2282 2252 2252 2284 2284 2283 2283 2254 2254 2254 2254 2283 2283 2253 2253 2285 2285 2284 2284 2255 2255 2255 2255 2284 2284 2254 2254 2286 2286 2285 2285 2256 2256 2256 2256 2285 2285 2255 2255 2287 2287 2286 2286 2257 2257 2257 2257 2286 2286 2256 2256 2288 2288 2287 2287 2258 2258 2258 2258 2287 2287 2257 2257 2289 2289 2288 2288 2259 2259 2259 2259 2288 2288 2258 2258 2290 2290 2289 2289 2260 2260 2260 2260 2289 2289 2259 2259 2291 2291 2290 2290 2261 2261 2261 2261 2290 2290 2260 2260 2292 2292 2291 2291 2262 2262 2262 2262 2291 2291 2261 2261 2293 2293 2292 2292 2263 2263 2263 2263 2292 2292 2262 2262 2294 2294 2293 2293 2264 2264 2264 2264 2293 2293 2263 2263 2266 2266 2295 2295 2236 2236 2236 2236 2295 2295 2265 2265 2295 2295 2294 2294 2265 2265 2265 2265 2294 2294 2264 2264 2297 2297 2296 2296 2301 2301 2300 2300 2299 2299 2298 2298 2297 2297 2301 2301 2300 2300 2300 2300 2298 2298 2297 2297 2307 2307 2302 2302 2303 2303 2304 2304 2305 2305 2306 2306 2306 2306 2307 2307 2303 2303 2303 2303 2304 2304 2306 2306 2303 2303 2302 2302 2297 2297 2297 2297 2302 2302 2296 2296 2304 2304 2303 2303 2298 2298 2298 2298 2303 2303 2297 2297 2305 2305 2304 2304 2299 2299 2299 2299 2304 2304 2298 2298 2306 2306 2305 2305 2300 2300 2300 2300 2305 2305 2299 2299 2302 2302 2307 2307 2296 2296 2296 2296 2307 2307 2301 2301 2307 2307 2306 2306 2301 2301 2301 2301 2306 2306 2300 2300 2309 2309 2308 2308 2376 2376 2311 2311 2310 2310 2309 2309 2313 2313 2312 2312 2311 2311 2315 2315 2314 2314 2313 2313 2317 2317 2316 2316 2315 2315 2320 2320 2319 2319 2318 2318 2323 2323 2322 2322 2321 2321 2325 2325 2324 2324 2323 2323 2327 2327 2326 2326 2325 2325 2329 2329 2328 2328 2327 2327 2331 2331 2330 2330 2329 2329 2333 2333 2332 2332 2331 2331 2335 2335 2334 2334 2333 2333 2337 2337 2336 2336 2335 2335 2340 2340 2339 2339 2338 2338 2345 2345 2344 2344 2343 2343 2348 2348 2347 2347 2346 2346 2351 2351 2350 2350 2349 2349 2353 2353 2352 2352 2351 2351 2356 2356 2355 2355 2354 2354 2358 2358 2357 2357 2356 2356 2362 2362 2361 2361 2360 2360 2364 2364 2363 2363 2362 2362 2366 2366 2365 2365 2364 2364 2368 2368 2367 2367 2366 2366 2370 2370 2369 2369 2368 2368 2372 2372 2371 2371 2370 2370 2374 2374 2373 2373 2372 2372 2376 2376 2375 2375 2374 2374 2311 2311 2309 2309 2376 2376 2315 2315 2313 2313 2311 2311 2318 2318 2317 2317 2315 2315 2321 2321 2320 2320 2318 2318 2325 2325 2323 2323 2321 2321 2329 2329 2327 2327 2325 2325 2333 2333 2331 2331 2329 2329 2338 2338 2337 2337 2335 2335 2341 2341 2340 2340 2338 2338 2346 2346 2345 2345 2343 2343 2351 2351 2349 2349 2348 2348 2358 2358 2356 2356 2354 2354 2364 2364 2362 2362 2360 2360 2370 2370 2368 2368 2366 2366 2311 2311 2376 2376 2374 2374 2318 2318 2315 2315 2311 2311 2329 2329 2325 2325 2321 2321 2335 2335 2333 2333 2329 2329 2341 2341 2338 2338 2335 2335 2346 2346 2343 2343 2342 2342 2351 2351 2348 2348 2346 2346 2359 2359 2358 2358 2354 2354 2364 2364 2360 2360 2359 2359 2372 2372 2370 2370 2366 2366 2311 2311 2374 2374 2372 2372 2321 2321 2318 2318 2311 2311 2335 2335 2329 2329 2321 2321 2342 2342 2341 2341 2335 2335 2351 2351 2346 2346 2342 2342 2366 2366 2364 2364 2359 2359 2311 2311 2372 2372 2366 2366 2335 2335 2321 2321 2311 2311 2351 2351 2342 2342 2335 2335 2366 2366 2359 2359 2354 2354 2335 2335 2311 2311 2366 2366 2353 2353 2351 2351 2335 2335 2335 2335 2366 2366 2354 2354 2354 2354 2353 2353 2335 2335 2445 2445 2377 2377 2378 2378 2378 2378 2379 2379 2380 2380 2380 2380 2381 2381 2382 2382 2382 2382 2383 2383 2384 2384 2384 2384 2385 2385 2386 2386 2387 2387 2388 2388 2389 2389 2390 2390 2391 2391 2392 2392 2392 2392 2393 2393 2394 2394 2394 2394 2395 2395 2396 2396 2396 2396 2397 2397 2398 2398 2398 2398 2399 2399 2400 2400 2400 2400 2401 2401 2402 2402 2402 2402 2403 2403 2404 2404 2404 2404 2405 2405 2406 2406 2407 2407 2408 2408 2409 2409 2412 2412 2413 2413 2414 2414 2415 2415 2416 2416 2417 2417 2418 2418 2419 2419 2420 2420 2420 2420 2421 2421 2422 2422 2423 2423 2424 2424 2425 2425 2425 2425 2426 2426 2427 2427 2429 2429 2430 2430 2431 2431 2431 2431 2432 2432 2433 2433 2433 2433 2434 2434 2435 2435 2435 2435 2436 2436 2437 2437 2437 2437 2438 2438 2439 2439 2439 2439 2440 2440 2441 2441 2441 2441 2442 2442 2443 2443 2443 2443 2444 2444 2445 2445 2445 2445 2378 2378 2380 2380 2380 2380 2382 2382 2384 2384 2384 2384 2386 2386 2387 2387 2387 2387 2389 2389 2390 2390 2390 2390 2392 2392 2394 2394 2394 2394 2396 2396 2398 2398 2398 2398 2400 2400 2402 2402 2404 2404 2406 2406 2407 2407 2407 2407 2409 2409 2410 2410 2412 2412 2414 2414 2415 2415 2417 2417 2418 2418 2420 2420 2423 2423 2425 2425 2427 2427 2429 2429 2431 2431 2433 2433 2435 2435 2437 2437 2439 2439 2443 2443 2445 2445 2380 2380 2380 2380 2384 2384 2387 2387 2390 2390 2394 2394 2398 2398 2398 2398 2402 2402 2404 2404 2404 2404 2407 2407 2410 2410 2411 2411 2412 2412 2415 2415 2415 2415 2417 2417 2420 2420 2423 2423 2427 2427 2428 2428 2428 2428 2429 2429 2433 2433 2435 2435 2439 2439 2441 2441 2441 2441 2443 2443 2380 2380 2380 2380 2387 2387 2390 2390 2390 2390 2398 2398 2404 2404 2404 2404 2410 2410 2411 2411 2411 2411 2415 2415 2420 2420 2428 2428 2433 2433 2435 2435 2435 2435 2441 2441 2380 2380 2380 2380 2390 2390 2404 2404 2404 2404 2411 2411 2420 2420 2423 2423 2428 2428 2435 2435 2435 2435 2380 2380 2404 2404 2404 2404 2420 2420 2422 2422 2423 2423 2435 2435 2404 2404 2404 2404 2422 2422 2423 2423 2378 2378 2377 2377 2309 2309 2309 2309 2377 2377 2308 2308 2379 2379 2378 2378 2310 2310 2310 2310 2378 2378 2309 2309 2380 2380 2379 2379 2311 2311 2311 2311 2379 2379 2310 2310 2381 2381 2380 2380 2312 2312 2312 2312 2380 2380 2311 2311 2382 2382 2381 2381 2313 2313 2313 2313 2381 2381 2312 2312 2383 2383 2382 2382 2314 2314 2314 2314 2382 2382 2313 2313 2384 2384 2383 2383 2315 2315 2315 2315 2383 2383 2314 2314 2385 2385 2384 2384 2316 2316 2316 2316 2384 2384 2315 2315 2386 2386 2385 2385 2317 2317 2317 2317 2385 2385 2316 2316 2387 2387 2386 2386 2318 2318 2318 2318 2386 2386 2317 2317 2388 2388 2387 2387 2319 2319 2319 2319 2387 2387 2318 2318 2389 2389 2388 2388 2320 2320 2320 2320 2388 2388 2319 2319 2390 2390 2389 2389 2321 2321 2321 2321 2389 2389 2320 2320 2391 2391 2390 2390 2322 2322 2322 2322 2390 2390 2321 2321 2392 2392 2391 2391 2323 2323 2323 2323 2391 2391 2322 2322 2393 2393 2392 2392 2324 2324 2324 2324 2392 2392 2323 2323 2394 2394 2393 2393 2325 2325 2325 2325 2393 2393 2324 2324 2395 2395 2394 2394 2326 2326 2326 2326 2394 2394 2325 2325 2396 2396 2395 2395 2327 2327 2327 2327 2395 2395 2326 2326 2397 2397 2396 2396 2328 2328 2328 2328 2396 2396 2327 2327 2398 2398 2397 2397 2329 2329 2329 2329 2397 2397 2328 2328 2399 2399 2398 2398 2330 2330 2330 2330 2398 2398 2329 2329 2400 2400 2399 2399 2331 2331 2331 2331 2399 2399 2330 2330 2401 2401 2400 2400 2332 2332 2332 2332 2400 2400 2331 2331 2402 2402 2401 2401 2333 2333 2333 2333 2401 2401 2332 2332 2403 2403 2402 2402 2334 2334 2334 2334 2402 2402 2333 2333 2404 2404 2403 2403 2335 2335 2335 2335 2403 2403 2334 2334 2405 2405 2404 2404 2336 2336 2336 2336 2404 2404 2335 2335 2406 2406 2405 2405 2337 2337 2337 2337 2405 2405 2336 2336 2407 2407 2406 2406 2338 2338 2338 2338 2406 2406 2337 2337 2408 2408 2407 2407 2339 2339 2339 2339 2407 2407 2338 2338 2409 2409 2408 2408 2340 2340 2340 2340 2408 2408 2339 2339 2410 2410 2409 2409 2341 2341 2341 2341 2409 2409 2340 2340 2411 2411 2410 2410 2342 2342 2342 2342 2410 2410 2341 2341 2412 2412 2411 2411 2343 2343 2343 2343 2411 2411 2342 2342 2413 2413 2412 2412 2344 2344 2344 2344 2412 2412 2343 2343 2414 2414 2413 2413 2345 2345 2345 2345 2413 2413 2344 2344 2415 2415 2414 2414 2346 2346 2346 2346 2414 2414 2345 2345 2416 2416 2415 2415 2347 2347 2347 2347 2415 2415 2346 2346 2417 2417 2416 2416 2348 2348 2348 2348 2416 2416 2347 2347 2418 2418 2417 2417 2349 2349 2349 2349 2417 2417 2348 2348 2419 2419 2418 2418 2350 2350 2350 2350 2418 2418 2349 2349 2420 2420 2419 2419 2351 2351 2351 2351 2419 2419 2350 2350 2421 2421 2420 2420 2352 2352 2352 2352 2420 2420 2351 2351 2422 2422 2421 2421 2353 2353 2353 2353 2421 2421 2352 2352 2423 2423 2422 2422 2354 2354 2354 2354 2422 2422 2353 2353 2424 2424 2423 2423 2355 2355 2355 2355 2423 2423 2354 2354 2425 2425 2424 2424 2356 2356 2356 2356 2424 2424 2355 2355 2426 2426 2425 2425 2357 2357 2357 2357 2425 2425 2356 2356 2427 2427 2426 2426 2358 2358 2358 2358 2426 2426 2357 2357 2428 2428 2427 2427 2359 2359 2359 2359 2427 2427 2358 2358 2429 2429 2428 2428 2360 2360 2360 2360 2428 2428 2359 2359 2430 2430 2429 2429 2361 2361 2361 2361 2429 2429 2360 2360 2431 2431 2430 2430 2362 2362 2362 2362 2430 2430 2361 2361 2432 2432 2431 2431 2363 2363 2363 2363 2431 2431 2362 2362 2433 2433 2432 2432 2364 2364 2364 2364 2432 2432 2363 2363 2434 2434 2433 2433 2365 2365 2365 2365 2433 2433 2364 2364 2435 2435 2434 2434 2366 2366 2366 2366 2434 2434 2365 2365 2436 2436 2435 2435 2367 2367 2367 2367 2435 2435 2366 2366 2437 2437 2436 2436 2368 2368 2368 2368 2436 2436 2367 2367 2438 2438 2437 2437 2369 2369 2369 2369 2437 2437 2368 2368 2439 2439 2438 2438 2370 2370 2370 2370 2438 2438 2369 2369 2440 2440 2439 2439 2371 2371 2371 2371 2439 2439 2370 2370 2441 2441 2440 2440 2372 2372 2372 2372 2440 2440 2371 2371 2442 2442 2441 2441 2373 2373 2373 2373 2441 2441 2372 2372 2443 2443 2442 2442 2374 2374 2374 2374 2442 2442 2373 2373 2444 2444 2443 2443 2375 2375 2375 2375 2443 2443 2374 2374 2377 2377 2445 2445 2308 2308 2308 2308 2445 2445 2376 2376 2445 2445 2444 2444 2376 2376 2376 2376 2444 2444 2375 2375 2447 2447 2446 2446 2453 2453 2449 2449 2448 2448 2447 2447 2451 2451 2450 2450 2449 2449 2447 2447 2453 2453 2452 2452 2451 2451 2449 2449 2447 2447 2447 2447 2452 2452 2451 2451 2461 2461 2454 2454 2455 2455 2455 2455 2456 2456 2457 2457 2457 2457 2458 2458 2459 2459 2460 2460 2461 2461 2455 2455 2455 2455 2457 2457 2459 2459 2459 2459 2460 2460 2455 2455 2455 2455 2454 2454 2447 2447 2447 2447 2454 2454 2446 2446 2456 2456 2455 2455 2448 2448 2448 2448 2455 2455 2447 2447 2457 2457 2456 2456 2449 2449 2449 2449 2456 2456 2448 2448 2458 2458 2457 2457 2450 2450 2450 2450 2457 2457 2449 2449 2459 2459 2458 2458 2451 2451 2451 2451 2458 2458 2450 2450 2460 2460 2459 2459 2452 2452 2452 2452 2459 2459 2451 2451 2454 2454 2461 2461 2446 2446 2446 2446 2461 2461 2453 2453 2461 2461 2460 2460 2453 2453 2453 2453 2460 2460 2452 2452 2464 2464 2465 2465 2462 2462 2462 2462 2463 2463 2464 2464 2466 2466 2469 2469 2468 2468 2468 2468 2467 2467 2466 2466 2466 2466 2467 2467 2462 2462 2462 2462 2467 2467 2463 2463 2467 2467 2468 2468 2463 2463 2463 2463 2468 2468 2464 2464 2469 2469 2466 2466 2465 2465 2465 2465 2466 2466 2462 2462 2468 2468 2469 2469 2464 2464 2464 2464 2469 2469 2465 2465 2479 2479 2480 2480 2470 2470 2476 2476 2477 2477 2478 2478 2474 2474 2475 2475 2476 2476 2472 2472 2473 2473 2474 2474 2470 2470 2471 2471 2472 2472 2478 2478 2479 2479 2470 2470 2474 2474 2476 2476 2478 2478 2470 2470 2472 2472 2474 2474 2474 2474 2478 2478 2470 2470 2481 2481 2491 2491 2490 2490 2489 2489 2488 2488 2487 2487 2487 2487 2486 2486 2485 2485 2485 2485 2484 2484 2483 2483 2483 2483 2482 2482 2481 2481 2481 2481 2490 2490 2489 2489 2489 2489 2487 2487 2485 2485 2485 2485 2483 2483 2481 2481 2481 2481 2489 2489 2485 2485 2481 2481 2482 2482 2470 2470 2470 2470 2482 2482 2471 2471 2482 2482 2483 2483 2471 2471 2471 2471 2483 2483 2472 2472 2483 2483 2484 2484 2472 2472 2472 2472 2484 2484 2473 2473 2484 2484 2485 2485 2473 2473 2473 2473 2485 2485 2474 2474 2485 2485 2486 2486 2474 2474 2474 2474 2486 2486 2475 2475 2486 2486 2487 2487 2475 2475 2475 2475 2487 2487 2476 2476 2487 2487 2488 2488 2476 2476 2476 2476 2488 2488 2477 2477 2488 2488 2489 2489 2477 2477 2477 2477 2489 2489 2478 2478 2489 2489 2490 2490 2478 2478 2478 2478 2490 2490 2479 2479 2491 2491 2481 2481 2480 2480 2480 2480 2481 2481 2470 2470 2490 2490 2491 2491 2479 2479 2479 2479 2491 2491 2480 2480 2502 2502 2503 2503 2492 2492 2499 2499 2500 2500 2501 2501 2497 2497 2498 2498 2499 2499 2494 2494 2495 2495 2496 2496 2501 2501 2502 2502 2492 2492 2497 2497 2499 2499 2501 2501 2493 2493 2494 2494 2496 2496 2501 2501 2492 2492 2493 2493 2496 2496 2497 2497 2501 2501 2501 2501 2493 2493 2496 2496 2504 2504 2515 2515 2514 2514 2513 2513 2512 2512 2511 2511 2511 2511 2510 2510 2509 2509 2508 2508 2507 2507 2506 2506 2504 2504 2514 2514 2513 2513 2513 2513 2511 2511 2509 2509 2508 2508 2506 2506 2505 2505 2505 2505 2504 2504 2513 2513 2513 2513 2509 2509 2508 2508 2508 2508 2505 2505 2513 2513 2504 2504 2505 2505 2492 2492 2492 2492 2505 2505 2493 2493 2505 2505 2506 2506 2493 2493 2493 2493 2506 2506 2494 2494 2506 2506 2507 2507 2494 2494 2494 2494 2507 2507 2495 2495 2507 2507 2508 2508 2495 2495 2495 2495 2508 2508 2496 2496 2508 2508 2509 2509 2496 2496 2496 2496 2509 2509 2497 2497 2509 2509 2510 2510 2497 2497 2497 2497 2510 2510 2498 2498 2510 2510 2511 2511 2498 2498 2498 2498 2511 2511 2499 2499 2511 2511 2512 2512 2499 2499 2499 2499 2512 2512 2500 2500 2512 2512 2513 2513 2500 2500 2500 2500 2513 2513 2501 2501 2513 2513 2514 2514 2501 2501 2501 2501 2514 2514 2502 2502 2515 2515 2504 2504 2503 2503 2503 2503 2504 2504 2492 2492 2514 2514 2515 2515 2502 2502 2502 2502 2515 2515 2503 2503 2518 2518 2519 2519 2516 2516 2516 2516 2517 2517 2518 2518 2520 2520 2523 2523 2522 2522 2522 2522 2521 2521 2520 2520 2520 2520 2521 2521 2516 2516 2516 2516 2521 2521 2517 2517 2521 2521 2522 2522 2517 2517 2517 2517 2522 2522 2518 2518 2523 2523 2520 2520 2519 2519 2519 2519 2520 2520 2516 2516 2522 2522 2523 2523 2518 2518 2518 2518 2523 2523 2519 2519 2525 2525 2524 2524 2528 2528 2527 2527 2526 2526 2525 2525 2525 2525 2528 2528 2527 2527 2533 2533 2529 2529 2530 2530 2530 2530 2531 2531 2532 2532 2532 2532 2533 2533 2530 2530 2530 2530 2529 2529 2525 2525 2525 2525 2529 2529 2524 2524 2531 2531 2530 2530 2526 2526 2526 2526 2530 2530 2525 2525 2532 2532 2531 2531 2527 2527 2527 2527 2531 2531 2526 2526 2529 2529 2533 2533 2524 2524 2524 2524 2533 2533 2528 2528 2533 2533 2532 2532 2528 2528 2528 2528 2532 2532 2527 2527 2536 2536 2537 2537 2534 2534 2534 2534 2535 2535 2536 2536 2538 2538 2541 2541 2540 2540 2540 2540 2539 2539 2538 2538 2538 2538 2539 2539 2534 2534 2534 2534 2539 2539 2535 2535 2539 2539 2540 2540 2535 2535 2535 2535 2540 2540 2536 2536 2541 2541 2538 2538 2537 2537 2537 2537 2538 2538 2534 2534 2540 2540 2541 2541 2536 2536 2536 2536 2541 2541 2537 2537 2543 2543 2542 2542 2557 2557 2545 2545 2544 2544 2543 2543 2549 2549 2548 2548 2547 2547 2551 2551 2550 2550 2549 2549 2554 2554 2553 2553 2552 2552 2556 2556 2555 2555 2554 2554 2543 2543 2557 2557 2556 2556 2546 2546 2545 2545 2543 2543 2551 2551 2549 2549 2547 2547 2556 2556 2554 2554 2552 2552 2546 2546 2543 2543 2556 2556 2552 2552 2551 2551 2547 2547 2547 2547 2546 2546 2556 2556 2556 2556 2552 2552 2547 2547 2573 2573 2558 2558 2559 2559 2559 2559 2560 2560 2561 2561 2563 2563 2564 2564 2565 2565 2565 2565 2566 2566 2567 2567 2568 2568 2569 2569 2570 2570 2570 2570 2571 2571 2572 2572 2572 2572 2573 2573 2559 2559 2559 2559 2561 2561 2562 2562 2563 2563 2565 2565 2567 2567 2568 2568 2570 2570 2572 2572 2572 2572 2559 2559 2562 2562 2563 2563 2567 2567 2568 2568 2572 2572 2562 2562 2563 2563 2563 2563 2568 2568 2572 2572 2559 2559 2558 2558 2543 2543 2543 2543 2558 2558 2542 2542 2560 2560 2559 2559 2544 2544 2544 2544 2559 2559 2543 2543 2561 2561 2560 2560 2545 2545 2545 2545 2560 2560 2544 2544 2562 2562 2561 2561 2546 2546 2546 2546 2561 2561 2545 2545 2563 2563 2562 2562 2547 2547 2547 2547 2562 2562 2546 2546 2564 2564 2563 2563 2548 2548 2548 2548 2563 2563 2547 2547 2565 2565 2564 2564 2549 2549 2549 2549 2564 2564 2548 2548 2566 2566 2565 2565 2550 2550 2550 2550 2565 2565 2549 2549 2567 2567 2566 2566 2551 2551 2551 2551 2566 2566 2550 2550 2568 2568 2567 2567 2552 2552 2552 2552 2567 2567 2551 2551 2569 2569 2568 2568 2553 2553 2553 2553 2568 2568 2552 2552 2570 2570 2569 2569 2554 2554 2554 2554 2569 2569 2553 2553 2571 2571 2570 2570 2555 2555 2555 2555 2570 2570 2554 2554 2572 2572 2571 2571 2556 2556 2556 2556 2571 2571 2555 2555 2558 2558 2573 2573 2542 2542 2542 2542 2573 2573 2557 2557 2573 2573 2572 2572 2557 2557 2557 2557 2572 2572 2556 2556 2575 2575 2574 2574 2588 2588 2577 2577 2576 2576 2575 2575 2580 2580 2579 2579 2578 2578 2582 2582 2581 2581 2580 2580 2585 2585 2584 2584 2583 2583 2588 2588 2587 2587 2586 2586 2577 2577 2575 2575 2588 2588 2582 2582 2580 2580 2578 2578 2586 2586 2585 2585 2583 2583 2577 2577 2588 2588 2586 2586 2583 2583 2582 2582 2578 2578 2578 2578 2577 2577 2586 2586 2586 2586 2583 2583 2578 2578 2603 2603 2589 2589 2590 2590 2590 2590 2591 2591 2592 2592 2593 2593 2594 2594 2595 2595 2595 2595 2596 2596 2597 2597 2598 2598 2599 2599 2600 2600 2601 2601 2602 2602 2603 2603 2603 2603 2590 2590 2592 2592 2593 2593 2595 2595 2597 2597 2598 2598 2600 2600 2601 2601 2601 2601 2603 2603 2592 2592 2593 2593 2597 2597 2598 2598 2601 2601 2592 2592 2593 2593 2593 2593 2598 2598 2601 2601 2590 2590 2589 2589 2575 2575 2575 2575 2589 2589 2574 2574 2591 2591 2590 2590 2576 2576 2576 2576 2590 2590 2575 2575 2592 2592 2591 2591 2577 2577 2577 2577 2591 2591 2576 2576 2593 2593 2592 2592 2578 2578 2578 2578 2592 2592 2577 2577 2594 2594 2593 2593 2579 2579 2579 2579 2593 2593 2578 2578 2595 2595 2594 2594 2580 2580 2580 2580 2594 2594 2579 2579 2596 2596 2595 2595 2581 2581 2581 2581 2595 2595 2580 2580 2597 2597 2596 2596 2582 2582 2582 2582 2596 2596 2581 2581 2598 2598 2597 2597 2583 2583 2583 2583 2597 2597 2582 2582 2599 2599 2598 2598 2584 2584 2584 2584 2598 2598 2583 2583 2600 2600 2599 2599 2585 2585 2585 2585 2599 2599 2584 2584 2601 2601 2600 2600 2586 2586 2586 2586 2600 2600 2585 2585 2602 2602 2601 2601 2587 2587 2587 2587 2601 2601 2586 2586 2589 2589 2603 2603 2574 2574 2574 2574 2603 2603 2588 2588 2603 2603 2602 2602 2588 2588 2588 2588 2602 2602 2587 2587 2605 2605 2604 2604 2607 2607 2607 2607 2606 2606 2605 2605 2611 2611 2608 2608 2609 2609 2609 2609 2610 2610 2611 2611 2609 2609 2608 2608 2605 2605 2605 2605 2608 2608 2604 2604 2610 2610 2609 2609 2606 2606 2606 2606 2609 2609 2605 2605 2608 2608 2611 2611 2604 2604 2604 2604 2611 2611 2607 2607 2611 2611 2610 2610 2607 2607 2607 2607 2610 2610 2606 2606 2613 2613 2612 2612 2642 2642 2615 2615 2614 2614 2613 2613 2617 2617 2616 2616 2615 2615 2620 2620 2619 2619 2618 2618 2623 2623 2622 2622 2621 2621 2625 2625 2624 2624 2623 2623 2629 2629 2628 2628 2627 2627 2633 2633 2632 2632 2631 2631 2637 2637 2636 2636 2635 2635 2639 2639 2638 2638 2637 2637 2613 2613 2642 2642 2641 2641 2617 2617 2615 2615 2613 2613 2621 2621 2620 2620 2618 2618 2626 2626 2625 2625 2623 2623 2630 2630 2629 2629 2627 2627 2634 2634 2633 2633 2631 2631 2637 2637 2635 2635 2634 2634 2640 2640 2639 2639 2637 2637 2613 2613 2641 2641 2640 2640 2618 2618 2617 2617 2613 2613 2623 2623 2621 2621 2618 2618 2630 2630 2627 2627 2626 2626 2637 2637 2634 2634 2631 2631 2613 2613 2640 2640 2637 2637 2623 2623 2618 2618 2613 2613 2613 2613 2637 2637 2631 2631 2626 2626 2623 2623 2613 2613 2613 2613 2631 2631 2630 2630 2630 2630 2626 2626 2613 2613 2673 2673 2643 2643 2644 2644 2644 2644 2645 2645 2646 2646 2646 2646 2647 2647 2648 2648 2649 2649 2650 2650 2651 2651 2652 2652 2653 2653 2654 2654 2654 2654 2655 2655 2656 2656 2658 2658 2659 2659 2660 2660 2662 2662 2663 2663 2664 2664 2666 2666 2667 2667 2668 2668 2668 2668 2669 2669 2670 2670 2672 2672 2673 2673 2644 2644 2644 2644 2646 2646 2648 2648 2649 2649 2651 2651 2652 2652 2654 2654 2656 2656 2657 2657 2658 2658 2660 2660 2661 2661 2662 2662 2664 2664 2665 2665 2665 2665 2666 2666 2668 2668 2668 2668 2670 2670 2671 2671 2671 2671 2672 2672 2644 2644 2644 2644 2648 2648 2649 2649 2649 2649 2652 2652 2654 2654 2657 2657 2658 2658 2661 2661 2662 2662 2665 2665 2668 2668 2668 2668 2671 2671 2644 2644 2644 2644 2649 2649 2654 2654 2662 2662 2668 2668 2644 2644 2644 2644 2654 2654 2657 2657 2661 2661 2662 2662 2644 2644 2644 2644 2657 2657 2661 2661 2644 2644 2643 2643 2613 2613 2613 2613 2643 2643 2612 2612 2645 2645 2644 2644 2614 2614 2614 2614 2644 2644 2613 2613 2646 2646 2645 2645 2615 2615 2615 2615 2645 2645 2614 2614 2647 2647 2646 2646 2616 2616 2616 2616 2646 2646 2615 2615 2648 2648 2647 2647 2617 2617 2617 2617 2647 2647 2616 2616 2649 2649 2648 2648 2618 2618 2618 2618 2648 2648 2617 2617 2650 2650 2649 2649 2619 2619 2619 2619 2649 2649 2618 2618 2651 2651 2650 2650 2620 2620 2620 2620 2650 2650 2619 2619 2652 2652 2651 2651 2621 2621 2621 2621 2651 2651 2620 2620 2653 2653 2652 2652 2622 2622 2622 2622 2652 2652 2621 2621 2654 2654 2653 2653 2623 2623 2623 2623 2653 2653 2622 2622 2655 2655 2654 2654 2624 2624 2624 2624 2654 2654 2623 2623 2656 2656 2655 2655 2625 2625 2625 2625 2655 2655 2624 2624 2657 2657 2656 2656 2626 2626 2626 2626 2656 2656 2625 2625 2658 2658 2657 2657 2627 2627 2627 2627 2657 2657 2626 2626 2659 2659 2658 2658 2628 2628 2628 2628 2658 2658 2627 2627 2660 2660 2659 2659 2629 2629 2629 2629 2659 2659 2628 2628 2661 2661 2660 2660 2630 2630 2630 2630 2660 2660 2629 2629 2662 2662 2661 2661 2631 2631 2631 2631 2661 2661 2630 2630 2663 2663 2662 2662 2632 2632 2632 2632 2662 2662 2631 2631 2664 2664 2663 2663 2633 2633 2633 2633 2663 2663 2632 2632 2665 2665 2664 2664 2634 2634 2634 2634 2664 2664 2633 2633 2666 2666 2665 2665 2635 2635 2635 2635 2665 2665 2634 2634 2667 2667 2666 2666 2636 2636 2636 2636 2666 2666 2635 2635 2668 2668 2667 2667 2637 2637 2637 2637 2667 2667 2636 2636 2669 2669 2668 2668 2638 2638 2638 2638 2668 2668 2637 2637 2670 2670 2669 2669 2639 2639 2639 2639 2669 2669 2638 2638 2671 2671 2670 2670 2640 2640 2640 2640 2670 2670 2639 2639 2672 2672 2671 2671 2641 2641 2641 2641 2671 2671 2640 2640 2643 2643 2673 2673 2612 2612 2612 2612 2673 2673 2642 2642 2673 2673 2672 2672 2642 2642 2642 2642 2672 2672 2641 2641 2676 2676 2677 2677 2674 2674 2674 2674 2675 2675 2676 2676 2678 2678 2681 2681 2680 2680 2680 2680 2679 2679 2678 2678 2678 2678 2679 2679 2674 2674 2674 2674 2679 2679 2675 2675 2679 2679 2680 2680 2675 2675 2675 2675 2680 2680 2676 2676 2681 2681 2678 2678 2677 2677 2677 2677 2678 2678 2674 2674 2680 2680 2681 2681 2676 2676 2676 2676 2681 2681 2677 2677 2683 2683 2682 2682 2688 2688 2685 2685 2684 2684 2683 2683 2687 2687 2686 2686 2685 2685 2683 2683 2688 2688 2687 2687 2687 2687 2685 2685 2683 2683 2695 2695 2689 2689 2690 2690 2690 2690 2691 2691 2692 2692 2692 2692 2693 2693 2694 2694 2694 2694 2695 2695 2690 2690 2690 2690 2692 2692 2694 2694 2690 2690 2689 2689 2683 2683 2683 2683 2689 2689 2682 2682 2691 2691 2690 2690 2684 2684 2684 2684 2690 2690 2683 2683 2692 2692 2691 2691 2685 2685 2685 2685 2691 2691 2684 2684 2693 2693 2692 2692 2686 2686 2686 2686 2692 2692 2685 2685 2694 2694 2693 2693 2687 2687 2687 2687 2693 2693 2686 2686 2689 2689 2695 2695 2682 2682 2682 2682 2695 2695 2688 2688 2695 2695 2694 2694 2688 2688 2688 2688 2694 2694 2687 2687 2697 2697 2696 2696 2699 2699 2699 2699 2698 2698 2697 2697 2703 2703 2700 2700 2701 2701 2701 2701 2702 2702 2703 2703 2701 2701 2700 2700 2697 2697 2697 2697 2700 2700 2696 2696 2702 2702 2701 2701 2698 2698 2698 2698 2701 2701 2697 2697 2700 2700 2703 2703 2696 2696 2696 2696 2703 2703 2699 2699 2703 2703 2702 2702 2699 2699 2699 2699 2702 2702 2698 2698 2705 2705 2704 2704 2731 2731 2707 2707 2706 2706 2705 2705 2709 2709 2708 2708 2707 2707 2712 2712 2711 2711 2710 2710 2714 2714 2713 2713 2712 2712 2716 2716 2715 2715 2714 2714 2718 2718 2717 2717 2716 2716 2721 2721 2720 2720 2719 2719 2724 2724 2723 2723 2722 2722 2726 2726 2725 2725 2724 2724 2730 2730 2729 2729 2728 2728 2705 2705 2731 2731 2730 2730 2709 2709 2707 2707 2705 2705 2714 2714 2712 2712 2710 2710 2718 2718 2716 2716 2714 2714 2726 2726 2724 2724 2722 2722 2705 2705 2730 2730 2728 2728 2710 2710 2709 2709 2705 2705 2718 2718 2714 2714 2710 2710 2726 2726 2722 2722 2721 2721 2710 2710 2705 2705 2728 2728 2719 2719 2718 2718 2710 2710 2727 2727 2726 2726 2721 2721 2710 2710 2728 2728 2727 2727 2721 2721 2719 2719 2710 2710 2710 2710 2727 2727 2721 2721 2759 2759 2732 2732 2733 2733 2733 2733 2734 2734 2735 2735 2735 2735 2736 2736 2737 2737 2738 2738 2739 2739 2740 2740 2740 2740 2741 2741 2742 2742 2742 2742 2743 2743 2744 2744 2744 2744 2745 2745 2746 2746 2747 2747 2748 2748 2749 2749 2750 2750 2751 2751 2752 2752 2752 2752 2753 2753 2754 2754 2756 2756 2757 2757 2758 2758 2758 2758 2759 2759 2733 2733 2733 2733 2735 2735 2737 2737 2738 2738 2740 2740 2742 2742 2742 2742 2744 2744 2746 2746 2750 2750 2752 2752 2754 2754 2756 2756 2758 2758 2733 2733 2733 2733 2737 2737 2738 2738 2738 2738 2742 2742 2746 2746 2749 2749 2750 2750 2754 2754 2756 2756 2733 2733 2738 2738 2738 2738 2746 2746 2747 2747 2749 2749 2754 2754 2755 2755 2755 2755 2756 2756 2738 2738 2738 2738 2747 2747 2749 2749 2749 2749 2755 2755 2738 2738 2733 2733 2732 2732 2705 2705 2705 2705 2732 2732 2704 2704 2734 2734 2733 2733 2706 2706 2706 2706 2733 2733 2705 2705 2735 2735 2734 2734 2707 2707 2707 2707 2734 2734 2706 2706 2736 2736 2735 2735 2708 2708 2708 2708 2735 2735 2707 2707 2737 2737 2736 2736 2709 2709 2709 2709 2736 2736 2708 2708 2738 2738 2737 2737 2710 2710 2710 2710 2737 2737 2709 2709 2739 2739 2738 2738 2711 2711 2711 2711 2738 2738 2710 2710 2740 2740 2739 2739 2712 2712 2712 2712 2739 2739 2711 2711 2741 2741 2740 2740 2713 2713 2713 2713 2740 2740 2712 2712 2742 2742 2741 2741 2714 2714 2714 2714 2741 2741 2713 2713 2743 2743 2742 2742 2715 2715 2715 2715 2742 2742 2714 2714 2744 2744 2743 2743 2716 2716 2716 2716 2743 2743 2715 2715 2745 2745 2744 2744 2717 2717 2717 2717 2744 2744 2716 2716 2746 2746 2745 2745 2718 2718 2718 2718 2745 2745 2717 2717 2747 2747 2746 2746 2719 2719 2719 2719 2746 2746 2718 2718 2748 2748 2747 2747 2720 2720 2720 2720 2747 2747 2719 2719 2749 2749 2748 2748 2721 2721 2721 2721 2748 2748 2720 2720 2750 2750 2749 2749 2722 2722 2722 2722 2749 2749 2721 2721 2751 2751 2750 2750 2723 2723 2723 2723 2750 2750 2722 2722 2752 2752 2751 2751 2724 2724 2724 2724 2751 2751 2723 2723 2753 2753 2752 2752 2725 2725 2725 2725 2752 2752 2724 2724 2754 2754 2753 2753 2726 2726 2726 2726 2753 2753 2725 2725 2755 2755 2754 2754 2727 2727 2727 2727 2754 2754 2726 2726 2756 2756 2755 2755 2728 2728 2728 2728 2755 2755 2727 2727 2757 2757 2756 2756 2729 2729 2729 2729 2756 2756 2728 2728 2758 2758 2757 2757 2730 2730 2730 2730 2757 2757 2729 2729 2732 2732 2759 2759 2704 2704 2704 2704 2759 2759 2731 2731 2759 2759 2758 2758 2731 2731 2731 2731 2758 2758 2730 2730 2761 2761 2760 2760 2763 2763 2763 2763 2762 2762 2761 2761 2767 2767 2764 2764 2765 2765 2765 2765 2766 2766 2767 2767 2765 2765 2764 2764 2761 2761 2761 2761 2764 2764 2760 2760 2766 2766 2765 2765 2762 2762 2762 2762 2765 2765 2761 2761 2764 2764 2767 2767 2760 2760 2760 2760 2767 2767 2763 2763 2767 2767 2766 2766 2763 2763 2763 2763 2766 2766 2762 2762 2769 2769 2768 2768 2773 2773 2771 2771 2770 2770 2769 2769 2773 2773 2772 2772 2771 2771 2771 2771 2769 2769 2773 2773 2779 2779 2774 2774 2775 2775 2775 2775 2776 2776 2777 2777 2777 2777 2778 2778 2779 2779 2779 2779 2775 2775 2777 2777 2775 2775 2774 2774 2769 2769 2769 2769 2774 2774 2768 2768 2776 2776 2775 2775 2770 2770 2770 2770 2775 2775 2769 2769 2777 2777 2776 2776 2771 2771 2771 2771 2776 2776 2770 2770 2778 2778 2777 2777 2772 2772 2772 2772 2777 2777 2771 2771 2774 2774 2779 2779 2768 2768 2768 2768 2779 2779 2773 2773 2779 2779 2778 2778 2773 2773 2773 2773 2778 2778 2772 2772 2781 2781 2780 2780 2783 2783 2783 2783 2782 2782 2781 2781 2787 2787 2784 2784 2785 2785 2785 2785 2786 2786 2787 2787 2785 2785 2784 2784 2781 2781 2781 2781 2784 2784 2780 2780 2786 2786 2785 2785 2782 2782 2782 2782 2785 2785 2781 2781 2784 2784 2787 2787 2780 2780 2780 2780 2787 2787 2783 2783 2787 2787 2786 2786 2783 2783 2783 2783 2786 2786 2782 2782 2803 2803 2804 2804 2788 2788 2801 2801 2802 2802 2803 2803 2798 2798 2799 2799 2800 2800 2796 2796 2797 2797 2798 2798 2793 2793 2794 2794 2795 2795 2791 2791 2792 2792 2793 2793 2788 2788 2789 2789 2790 2790 2801 2801 2803 2803 2788 2788 2796 2796 2798 2798 2800 2800 2790 2790 2791 2791 2793 2793 2801 2801 2788 2788 2790 2790 2795 2795 2796 2796 2800 2800 2790 2790 2793 2793 2795 2795 2800 2800 2801 2801 2790 2790 2790 2790 2795 2795 2800 2800 2805 2805 2821 2821 2820 2820 2820 2820 2819 2819 2818 2818 2817 2817 2816 2816 2815 2815 2815 2815 2814 2814 2813 2813 2812 2812 2811 2811 2810 2810 2810 2810 2809 2809 2808 2808 2807 2807 2806 2806 2805 2805 2805 2805 2820 2820 2818 2818 2817 2817 2815 2815 2813 2813 2810 2810 2808 2808 2807 2807 2807 2807 2805 2805 2818 2818 2817 2817 2813 2813 2812 2812 2812 2812 2810 2810 2807 2807 2807 2807 2818 2818 2817 2817 2817 2817 2812 2812 2807 2807 2805 2805 2806 2806 2788 2788 2788 2788 2806 2806 2789 2789 2806 2806 2807 2807 2789 2789 2789 2789 2807 2807 2790 2790 2807 2807 2808 2808 2790 2790 2790 2790 2808 2808 2791 2791 2808 2808 2809 2809 2791 2791 2791 2791 2809 2809 2792 2792 2809 2809 2810 2810 2792 2792 2792 2792 2810 2810 2793 2793 2810 2810 2811 2811 2793 2793 2793 2793 2811 2811 2794 2794 2811 2811 2812 2812 2794 2794 2794 2794 2812 2812 2795 2795 2812 2812 2813 2813 2795 2795 2795 2795 2813 2813 2796 2796 2813 2813 2814 2814 2796 2796 2796 2796 2814 2814 2797 2797 2814 2814 2815 2815 2797 2797 2797 2797 2815 2815 2798 2798 2815 2815 2816 2816 2798 2798 2798 2798 2816 2816 2799 2799 2816 2816 2817 2817 2799 2799 2799 2799 2817 2817 2800 2800 2817 2817 2818 2818 2800 2800 2800 2800 2818 2818 2801 2801 2818 2818 2819 2819 2801 2801 2801 2801 2819 2819 2802 2802 2819 2819 2820 2820 2802 2802 2802 2802 2820 2820 2803 2803 2821 2821 2805 2805 2804 2804 2804 2804 2805 2805 2788 2788 2820 2820 2821 2821 2803 2803 2803 2803 2821 2821 2804 2804 2823 2823 2822 2822 2834 2834 2828 2828 2827 2827 2826 2826 2831 2831 2830 2830 2829 2829 2823 2823 2834 2834 2833 2833 2828 2828 2826 2826 2825 2825 2832 2832 2831 2831 2829 2829 2823 2823 2833 2833 2832 2832 2828 2828 2825 2825 2824 2824 2832 2832 2829 2829 2828 2828 2824 2824 2823 2823 2832 2832 2832 2832 2828 2828 2824 2824 2847 2847 2835 2835 2836 2836 2839 2839 2840 2840 2841 2841 2842 2842 2843 2843 2844 2844 2846 2846 2847 2847 2836 2836 2838 2838 2839 2839 2841 2841 2842 2842 2844 2844 2845 2845 2845 2845 2846 2846 2836 2836 2837 2837 2838 2838 2841 2841 2841 2841 2842 2842 2845 2845 2845 2845 2836 2836 2837 2837 2837 2837 2841 2841 2845 2845 2836 2836 2835 2835 2823 2823 2823 2823 2835 2835 2822 2822 2837 2837 2836 2836 2824 2824 2824 2824 2836 2836 2823 2823 2838 2838 2837 2837 2825 2825 2825 2825 2837 2837 2824 2824 2839 2839 2838 2838 2826 2826 2826 2826 2838 2838 2825 2825 2840 2840 2839 2839 2827 2827 2827 2827 2839 2839 2826 2826 2841 2841 2840 2840 2828 2828 2828 2828 2840 2840 2827 2827 2842 2842 2841 2841 2829 2829 2829 2829 2841 2841 2828 2828 2843 2843 2842 2842 2830 2830 2830 2830 2842 2842 2829 2829 2844 2844 2843 2843 2831 2831 2831 2831 2843 2843 2830 2830 2845 2845 2844 2844 2832 2832 2832 2832 2844 2844 2831 2831 2846 2846 2845 2845 2833 2833 2833 2833 2845 2845 2832 2832 2835 2835 2847 2847 2822 2822 2822 2822 2847 2847 2834 2834 2847 2847 2846 2846 2834 2834 2834 2834 2846 2846 2833 2833 2851 2851 2852 2852 2848 2848 2849 2849 2850 2850 2851 2851 2851 2851 2848 2848 2849 2849 2853 2853 2857 2857 2856 2856 2856 2856 2855 2855 2854 2854 2854 2854 2853 2853 2856 2856 2853 2853 2854 2854 2848 2848 2848 2848 2854 2854 2849 2849 2854 2854 2855 2855 2849 2849 2849 2849 2855 2855 2850 2850 2855 2855 2856 2856 2850 2850 2850 2850 2856 2856 2851 2851 2857 2857 2853 2853 2852 2852 2852 2852 2853 2853 2848 2848 2856 2856 2857 2857 2851 2851 2851 2851 2857 2857 2852 2852 2859 2859 2858 2858 2863 2863 2861 2861 2860 2860 2859 2859 2863 2863 2862 2862 2861 2861 2861 2861 2859 2859 2863 2863 2869 2869 2864 2864 2865 2865 2865 2865 2866 2866 2867 2867 2867 2867 2868 2868 2869 2869 2869 2869 2865 2865 2867 2867 2865 2865 2864 2864 2859 2859 2859 2859 2864 2864 2858 2858 2866 2866 2865 2865 2860 2860 2860 2860 2865 2865 2859 2859 2867 2867 2866 2866 2861 2861 2861 2861 2866 2866 2860 2860 2868 2868 2867 2867 2862 2862 2862 2862 2867 2867 2861 2861 2864 2864 2869 2869 2858 2858 2858 2858 2869 2869 2863 2863 2869 2869 2868 2868 2863 2863 2863 2863 2868 2868 2862 2862 2875 2875 2876 2876 2870 2870 2873 2873 2874 2874 2875 2875 2870 2870 2871 2871 2872 2872 2873 2873 2875 2875 2870 2870 2870 2870 2872 2872 2873 2873 2877 2877 2883 2883 2882 2882 2882 2882 2881 2881 2880 2880 2879 2879 2878 2878 2877 2877 2877 2877 2882 2882 2880 2880 2880 2880 2879 2879 2877 2877 2877 2877 2878 2878 2870 2870 2870 2870 2878 2878 2871 2871 2878 2878 2879 2879 2871 2871 2871 2871 2879 2879 2872 2872 2879 2879 2880 2880 2872 2872 2872 2872 2880 2880 2873 2873 2880 2880 2881 2881 2873 2873 2873 2873 2881 2881 2874 2874 2881 2881 2882 2882 2874 2874 2874 2874 2882 2882 2875 2875 2883 2883 2877 2877 2876 2876 2876 2876 2877 2877 2870 2870 2882 2882 2883 2883 2875 2875 2875 2875 2883 2883 2876 2876 2892 2892 2893 2893 2894 2894 2890 2890 2891 2891 2892 2892 2887 2887 2888 2888 2889 2889 2884 2884 2885 2885 2886 2886 2890 2890 2892 2892 2894 2894 2887 2887 2889 2889 2890 2890 2894 2894 2884 2884 2886 2886 2886 2886 2887 2887 2890 2890 2890 2890 2894 2894 2886 2886 2905 2905 2904 2904 2903 2903 2903 2903 2902 2902 2901 2901 2900 2900 2899 2899 2898 2898 2897 2897 2896 2896 2895 2895 2905 2905 2903 2903 2901 2901 2901 2901 2900 2900 2898 2898 2897 2897 2895 2895 2905 2905 2901 2901 2898 2898 2897 2897 2897 2897 2905 2905 2901 2901 2895 2895 2896 2896 2884 2884 2884 2884 2896 2896 2885 2885 2896 2896 2897 2897 2885 2885 2885 2885 2897 2897 2886 2886 2897 2897 2898 2898 2886 2886 2886 2886 2898 2898 2887 2887 2898 2898 2899 2899 2887 2887 2887 2887 2899 2899 2888 2888 2899 2899 2900 2900 2888 2888 2888 2888 2900 2900 2889 2889 2900 2900 2901 2901 2889 2889 2889 2889 2901 2901 2890 2890 2901 2901 2902 2902 2890 2890 2890 2890 2902 2902 2891 2891 2902 2902 2903 2903 2891 2891 2891 2891 2903 2903 2892 2892 2903 2903 2904 2904 2892 2892 2892 2892 2904 2904 2893 2893 2905 2905 2895 2895 2894 2894 2894 2894 2895 2895 2884 2884 2904 2904 2905 2905 2893 2893 2893 2893 2905 2905 2894 2894 2907 2907 2906 2906 2943 2943 2909 2909 2908 2908 2907 2907 2911 2911 2910 2910 2909 2909 2914 2914 2913 2913 2912 2912 2916 2916 2915 2915 2914 2914 2918 2918 2917 2917 2916 2916 2920 2920 2919 2919 2918 2918 2923 2923 2922 2922 2921 2921 2925 2925 2924 2924 2923 2923 2929 2929 2928 2928 2927 2927 2931 2931 2930 2930 2929 2929 2933 2933 2932 2932 2931 2931 2936 2936 2935 2935 2934 2934 2938 2938 2937 2937 2936 2936 2942 2942 2941 2941 2940 2940 2907 2907 2943 2943 2942 2942 2912 2912 2911 2911 2909 2909 2916 2916 2914 2914 2912 2912 2920 2920 2918 2918 2916 2916 2925 2925 2923 2923 2921 2921 2931 2931 2929 2929 2927 2927 2934 2934 2933 2933 2931 2931 2938 2938 2936 2936 2934 2934 2942 2942 2940 2940 2939 2939 2909 2909 2907 2907 2942 2942 2916 2916 2912 2912 2909 2909 2921 2921 2920 2920 2916 2916 2926 2926 2925 2925 2921 2921 2931 2931 2927 2927 2926 2926 2938 2938 2934 2934 2931 2931 2909 2909 2942 2942 2939 2939 2921 2921 2916 2916 2909 2909 2931 2931 2926 2926 2921 2921 2921 2921 2909 2909 2939 2939 2938 2938 2931 2931 2921 2921 2921 2921 2939 2939 2938 2938 2981 2981 2944 2944 2945 2945 2945 2945 2946 2946 2947 2947 2947 2947 2948 2948 2949 2949 2950 2950 2951 2951 2952 2952 2952 2952 2953 2953 2954 2954 2954 2954 2955 2955 2956 2956 2956 2956 2957 2957 2958 2958 2959 2959 2960 2960 2961 2961 2961 2961 2962 2962 2963 2963 2965 2965 2966 2966 2967 2967 2967 2967 2968 2968 2969 2969 2969 2969 2970 2970 2971 2971 2972 2972 2973 2973 2974 2974 2974 2974 2975 2975 2976 2976 2978 2978 2979 2979 2980 2980 2980 2980 2981 2981 2945 2945 2947 2947 2949 2949 2950 2950 2950 2950 2952 2952 2954 2954 2954 2954 2956 2956 2958 2958 2959 2959 2961 2961 2963 2963 2965 2965 2967 2967 2969 2969 2969 2969 2971 2971 2972 2972 2972 2972 2974 2974 2976 2976 2977 2977 2978 2978 2980 2980 2980 2980 2945 2945 2947 2947 2947 2947 2950 2950 2954 2954 2954 2954 2958 2958 2959 2959 2959 2959 2963 2963 2964 2964 2964 2964 2965 2965 2969 2969 2969 2969 2972 2972 2976 2976 2977 2977 2980 2980 2947 2947 2947 2947 2954 2954 2959 2959 2959 2959 2964 2964 2969 2969 2977 2977 2947 2947 2959 2959 2959 2959 2969 2969 2976 2976 2976 2976 2977 2977 2959 2959 2945 2945 2944 2944 2907 2907 2907 2907 2944 2944 2906 2906 2946 2946 2945 2945 2908 2908 2908 2908 2945 2945 2907 2907 2947 2947 2946 2946 2909 2909 2909 2909 2946 2946 2908 2908 2948 2948 2947 2947 2910 2910 2910 2910 2947 2947 2909 2909 2949 2949 2948 2948 2911 2911 2911 2911 2948 2948 2910 2910 2950 2950 2949 2949 2912 2912 2912 2912 2949 2949 2911 2911 2951 2951 2950 2950 2913 2913 2913 2913 2950 2950 2912 2912 2952 2952 2951 2951 2914 2914 2914 2914 2951 2951 2913 2913 2953 2953 2952 2952 2915 2915 2915 2915 2952 2952 2914 2914 2954 2954 2953 2953 2916 2916 2916 2916 2953 2953 2915 2915 2955 2955 2954 2954 2917 2917 2917 2917 2954 2954 2916 2916 2956 2956 2955 2955 2918 2918 2918 2918 2955 2955 2917 2917 2957 2957 2956 2956 2919 2919 2919 2919 2956 2956 2918 2918 2958 2958 2957 2957 2920 2920 2920 2920 2957 2957 2919 2919 2959 2959 2958 2958 2921 2921 2921 2921 2958 2958 2920 2920 2960 2960 2959 2959 2922 2922 2922 2922 2959 2959 2921 2921 2961 2961 2960 2960 2923 2923 2923 2923 2960 2960 2922 2922 2962 2962 2961 2961 2924 2924 2924 2924 2961 2961 2923 2923 2963 2963 2962 2962 2925 2925 2925 2925 2962 2962 2924 2924 2964 2964 2963 2963 2926 2926 2926 2926 2963 2963 2925 2925 2965 2965 2964 2964 2927 2927 2927 2927 2964 2964 2926 2926 2966 2966 2965 2965 2928 2928 2928 2928 2965 2965 2927 2927 2967 2967 2966 2966 2929 2929 2929 2929 2966 2966 2928 2928 2968 2968 2967 2967 2930 2930 2930 2930 2967 2967 2929 2929 2969 2969 2968 2968 2931 2931 2931 2931 2968 2968 2930 2930 2970 2970 2969 2969 2932 2932 2932 2932 2969 2969 2931 2931 2971 2971 2970 2970 2933 2933 2933 2933 2970 2970 2932 2932 2972 2972 2971 2971 2934 2934 2934 2934 2971 2971 2933 2933 2973 2973 2972 2972 2935 2935 2935 2935 2972 2972 2934 2934 2974 2974 2973 2973 2936 2936 2936 2936 2973 2973 2935 2935 2975 2975 2974 2974 2937 2937 2937 2937 2974 2974 2936 2936 2976 2976 2975 2975 2938 2938 2938 2938 2975 2975 2937 2937 2977 2977 2976 2976 2939 2939 2939 2939 2976 2976 2938 2938 2978 2978 2977 2977 2940 2940 2940 2940 2977 2977 2939 2939 2979 2979 2978 2978 2941 2941 2941 2941 2978 2978 2940 2940 2980 2980 2979 2979 2942 2942 2942 2942 2979 2979 2941 2941 2944 2944 2981 2981 2906 2906 2906 2906 2981 2981 2943 2943 2981 2981 2980 2980 2943 2943 2943 2943 2980 2980 2942 2942 2983 2983 2982 2982 2987 2987 2986 2986 2985 2985 2984 2984 2983 2983 2987 2987 2986 2986 2986 2986 2984 2984 2983 2983 2993 2993 2988 2988 2989 2989 2990 2990 2991 2991 2992 2992 2992 2992 2993 2993 2989 2989 2989 2989 2990 2990 2992 2992 2989 2989 2988 2988 2983 2983 2983 2983 2988 2988 2982 2982 2990 2990 2989 2989 2984 2984 2984 2984 2989 2989 2983 2983 2991 2991 2990 2990 2985 2985 2985 2985 2990 2990 2984 2984 2992 2992 2991 2991 2986 2986 2986 2986 2991 2991 2985 2985 2988 2988 2993 2993 2982 2982 2982 2982 2993 2993 2987 2987 2993 2993 2992 2992 2987 2987 2987 2987 2992 2992 2986 2986 2996 2996 2997 2997 2994 2994 2994 2994 2995 2995 2996 2996 2998 2998 3001 3001 3000 3000 3000 3000 2999 2999 2998 2998 2998 2998 2999 2999 2994 2994 2994 2994 2999 2999 2995 2995 2999 2999 3000 3000 2995 2995 2995 2995 3000 3000 2996 2996 3001 3001 2998 2998 2997 2997 2997 2997 2998 2998 2994 2994 3000 3000 3001 3001 2996 2996 2996 2996 3001 3001 2997 2997 3005 3005 3006 3006 3002 3002 3003 3003 3004 3004 3005 3005 3005 3005 3002 3002 3003 3003 3007 3007 3011 3011 3010 3010 3010 3010 3009 3009 3008 3008 3008 3008 3007 3007 3010 3010 3007 3007 3008 3008 3002 3002 3002 3002 3008 3008 3003 3003 3008 3008 3009 3009 3003 3003 3003 3003 3009 3009 3004 3004 3009 3009 3010 3010 3004 3004 3004 3004 3010 3010 3005 3005 3011 3011 3007 3007 3006 3006 3006 3006 3007 3007 3002 3002 3010 3010 3011 3011 3005 3005 3005 3005 3011 3011 3006 3006 3014 3014 3015 3015 3012 3012 3012 3012 3013 3013 3014 3014 3016 3016 3019 3019 3018 3018 3018 3018 3017 3017 3016 3016 3016 3016 3017 3017 3012 3012 3012 3012 3017 3017 3013 3013 3017 3017 3018 3018 3013 3013 3013 3013 3018 3018 3014 3014 3019 3019 3016 3016 3015 3015 3015 3015 3016 3016 3012 3012 3018 3018 3019 3019 3014 3014 3014 3014 3019 3019 3015 3015 3021 3021 3020 3020 3036 3036 3024 3024 3023 3023 3022 3022 3026 3026 3025 3025 3024 3024 3028 3028 3027 3027 3026 3026 3030 3030 3029 3029 3028 3028 3032 3032 3031 3031 3030 3030 3035 3035 3034 3034 3033 3033 3021 3021 3036 3036 3035 3035 3024 3024 3022 3022 3021 3021 3028 3028 3026 3026 3024 3024 3032 3032 3030 3030 3028 3028 3021 3021 3035 3035 3033 3033 3028 3028 3024 3024 3021 3021 3033 3033 3032 3032 3028 3028 3028 3028 3021 3021 3033 3033 3053 3053 3037 3037 3038 3038 3039 3039 3040 3040 3041 3041 3041 3041 3042 3042 3043 3043 3043 3043 3044 3044 3045 3045 3045 3045 3046 3046 3047 3047 3047 3047 3048 3048 3049 3049 3050 3050 3051 3051 3052 3052 3052 3052 3053 3053 3038 3038 3038 3038 3039 3039 3041 3041 3041 3041 3043 3043 3045 3045 3045 3045 3047 3047 3049 3049 3050 3050 3052 3052 3038 3038 3038 3038 3041 3041 3045 3045 3045 3045 3049 3049 3050 3050 3050 3050 3038 3038 3045 3045 3038 3038 3037 3037 3021 3021 3021 3021 3037 3037 3020 3020 3039 3039 3038 3038 3022 3022 3022 3022 3038 3038 3021 3021 3040 3040 3039 3039 3023 3023 3023 3023 3039 3039 3022 3022 3041 3041 3040 3040 3024 3024 3024 3024 3040 3040 3023 3023 3042 3042 3041 3041 3025 3025 3025 3025 3041 3041 3024 3024 3043 3043 3042 3042 3026 3026 3026 3026 3042 3042 3025 3025 3044 3044 3043 3043 3027 3027 3027 3027 3043 3043 3026 3026 3045 3045 3044 3044 3028 3028 3028 3028 3044 3044 3027 3027 3046 3046 3045 3045 3029 3029 3029 3029 3045 3045 3028 3028 3047 3047 3046 3046 3030 3030 3030 3030 3046 3046 3029 3029 3048 3048 3047 3047 3031 3031 3031 3031 3047 3047 3030 3030 3049 3049 3048 3048 3032 3032 3032 3032 3048 3048 3031 3031 3050 3050 3049 3049 3033 3033 3033 3033 3049 3049 3032 3032 3051 3051 3050 3050 3034 3034 3034 3034 3050 3050 3033 3033 3052 3052 3051 3051 3035 3035 3035 3035 3051 3051 3034 3034 3037 3037 3053 3053 3020 3020 3020 3020 3053 3053 3036 3036 3053 3053 3052 3052 3036 3036 3036 3036 3052 3052 3035 3035 3055 3055 3054 3054 3067 3067 3057 3057 3056 3056 3055 3055 3060 3060 3059 3059 3058 3058 3063 3063 3062 3062 3061 3061 3067 3067 3066 3066 3065 3065 3057 3057 3055 3055 3067 3067 3060 3060 3058 3058 3057 3057 3057 3057 3067 3067 3065 3065 3061 3061 3060 3060 3057 3057 3057 3057 3065 3065 3064 3064 3063 3063 3061 3061 3057 3057 3057 3057 3064 3064 3063 3063 3081 3081 3068 3068 3069 3069 3069 3069 3070 3070 3071 3071 3072 3072 3073 3073 3074 3074 3075 3075 3076 3076 3077 3077 3079 3079 3080 3080 3081 3081 3081 3081 3069 3069 3071 3071 3071 3071 3072 3072 3074 3074 3079 3079 3081 3081 3071 3071 3071 3071 3074 3074 3075 3075 3078 3078 3079 3079 3071 3071 3071 3071 3075 3075 3077 3077 3077 3077 3078 3078 3071 3071 3069 3069 3068 3068 3055 3055 3055 3055 3068 3068 3054 3054 3070 3070 3069 3069 3056 3056 3056 3056 3069 3069 3055 3055 3071 3071 3070 3070 3057 3057 3057 3057 3070 3070 3056 3056 3072 3072 3071 3071 3058 3058 3058 3058 3071 3071 3057 3057 3073 3073 3072 3072 3059 3059 3059 3059 3072 3072 3058 3058 3074 3074 3073 3073 3060 3060 3060 3060 3073 3073 3059 3059 3075 3075 3074 3074 3061 3061 3061 3061 3074 3074 3060 3060 3076 3076 3075 3075 3062 3062 3062 3062 3075 3075 3061 3061 3077 3077 3076 3076 3063 3063 3063 3063 3076 3076 3062 3062 3078 3078 3077 3077 3064 3064 3064 3064 3077 3077 3063 3063 3079 3079 3078 3078 3065 3065 3065 3065 3078 3078 3064 3064 3080 3080 3079 3079 3066 3066 3066 3066 3079 3079 3065 3065 3068 3068 3081 3081 3054 3054 3054 3054 3081 3081 3067 3067 3081 3081 3080 3080 3067 3067 3067 3067 3080 3080 3066 3066 3094 3094 3095 3095 3082 3082 3090 3090 3091 3091 3092 3092 3086 3086 3087 3087 3088 3088 3084 3084 3085 3085 3086 3086 3093 3093 3094 3094 3082 3082 3089 3089 3090 3090 3092 3092 3084 3084 3086 3086 3088 3088 3093 3093 3082 3082 3083 3083 3083 3083 3084 3084 3088 3088 3092 3092 3093 3093 3083 3083 3083 3083 3088 3088 3089 3089 3089 3089 3092 3092 3083 3083 3096 3096 3109 3109 3108 3108 3106 3106 3105 3105 3104 3104 3102 3102 3101 3101 3100 3100 3100 3100 3099 3099 3098 3098 3096 3096 3108 3108 3107 3107 3106 3106 3104 3104 3103 3103 3102 3102 3100 3100 3098 3098 3097 3097 3096 3096 3107 3107 3102 3102 3098 3098 3097 3097 3097 3097 3107 3107 3106 3106 3103 3103 3102 3102 3097 3097 3097 3097 3106 3106 3103 3103 3096 3096 3097 3097 3082 3082 3082 3082 3097 3097 3083 3083 3097 3097 3098 3098 3083 3083 3083 3083 3098 3098 3084 3084 3098 3098 3099 3099 3084 3084 3084 3084 3099 3099 3085 3085 3099 3099 3100 3100 3085 3085 3085 3085 3100 3100 3086 3086 3100 3100 3101 3101 3086 3086 3086 3086 3101 3101 3087 3087 3101 3101 3102 3102 3087 3087 3087 3087 3102 3102 3088 3088 3102 3102 3103 3103 3088 3088 3088 3088 3103 3103 3089 3089 3103 3103 3104 3104 3089 3089 3089 3089 3104 3104 3090 3090 3104 3104 3105 3105 3090 3090 3090 3090 3105 3105 3091 3091 3105 3105 3106 3106 3091 3091 3091 3091 3106 3106 3092 3092 3106 3106 3107 3107 3092 3092 3092 3092 3107 3107 3093 3093 3107 3107 3108 3108 3093 3093 3093 3093 3108 3108 3094 3094 3109 3109 3096 3096 3095 3095 3095 3095 3096 3096 3082 3082 3108 3108 3109 3109 3094 3094 3094 3094 3109 3109 3095 3095 3111 3111 3110 3110 3118 3118 3113 3113 3112 3112 3111 3111 3115 3115 3114 3114 3113 3113 3118 3118 3117 3117 3116 3116 3113 3113 3111 3111 3118 3118 3116 3116 3115 3115 3113 3113 3113 3113 3118 3118 3116 3116 3127 3127 3119 3119 3120 3120 3120 3120 3121 3121 3122 3122 3122 3122 3123 3123 3124 3124 3125 3125 3126 3126 3127 3127 3127 3127 3120 3120 3122 3122 3122 3122 3124 3124 3125 3125 3125 3125 3127 3127 3122 3122 3120 3120 3119 3119 3111 3111 3111 3111 3119 3119 3110 3110 3121 3121 3120 3120 3112 3112 3112 3112 3120 3120 3111 3111 3122 3122 3121 3121 3113 3113 3113 3113 3121 3121 3112 3112 3123 3123 3122 3122 3114 3114 3114 3114 3122 3122 3113 3113 3124 3124 3123 3123 3115 3115 3115 3115 3123 3123 3114 3114 3125 3125 3124 3124 3116 3116 3116 3116 3124 3124 3115 3115 3126 3126 3125 3125 3117 3117 3117 3117 3125 3125 3116 3116 3119 3119 3127 3127 3110 3110 3110 3110 3127 3127 3118 3118 3127 3127 3126 3126 3118 3118 3118 3118 3126 3126 3117 3117 3129 3129 3128 3128 3131 3131 3131 3131 3130 3130 3129 3129 3135 3135 3132 3132 3133 3133 3133 3133 3134 3134 3135 3135 3133 3133 3132 3132 3129 3129 3129 3129 3132 3132 3128 3128 3134 3134 3133 3133 3130 3130 3130 3130 3133 3133 3129 3129 3132 3132 3135 3135 3128 3128 3128 3128 3135 3135 3131 3131 3135 3135 3134 3134 3131 3131 3131 3131 3134 3134 3130 3130 3137 3137 3136 3136 3142 3142 3139 3139 3138 3138 3137 3137 3141 3141 3140 3140 3139 3139 3137 3137 3142 3142 3141 3141 3141 3141 3139 3139 3137 3137 3149 3149 3143 3143 3144 3144 3144 3144 3145 3145 3146 3146 3146 3146 3147 3147 3148 3148 3148 3148 3149 3149 3144 3144 3144 3144 3146 3146 3148 3148 3144 3144 3143 3143 3137 3137 3137 3137 3143 3143 3136 3136 3145 3145 3144 3144 3138 3138 3138 3138 3144 3144 3137 3137 3146 3146 3145 3145 3139 3139 3139 3139 3145 3145 3138 3138 3147 3147 3146 3146 3140 3140 3140 3140 3146 3146 3139 3139 3148 3148 3147 3147 3141 3141 3141 3141 3147 3147 3140 3140 3143 3143 3149 3149 3136 3136 3136 3136 3149 3149 3142 3142 3149 3149 3148 3148 3142 3142 3142 3142 3148 3148 3141 3141 3152 3152 3153 3153 3150 3150 3150 3150 3151 3151 3152 3152 3154 3154 3157 3157 3156 3156 3156 3156 3155 3155 3154 3154 3154 3154 3155 3155 3150 3150 3150 3150 3155 3155 3151 3151 3155 3155 3156 3156 3151 3151 3151 3151 3156 3156 3152 3152 3157 3157 3154 3154 3153 3153 3153 3153 3154 3154 3150 3150 3156 3156 3157 3157 3152 3152 3152 3152 3157 3157 3153 3153 3160 3160 3161 3161 3158 3158 3158 3158 3159 3159 3160 3160 3162 3162 3165 3165 3164 3164 3164 3164 3163 3163 3162 3162 3162 3162 3163 3163 3158 3158 3158 3158 3163 3163 3159 3159 3163 3163 3164 3164 3159 3159 3159 3159 3164 3164 3160 3160 3165 3165 3162 3162 3161 3161 3161 3161 3162 3162 3158 3158 3164 3164 3165 3165 3160 3160 3160 3160 3165 3165 3161 3161 3176 3176 3177 3177 3166 3166 3173 3173 3174 3174 3175 3175 3171 3171 3172 3172 3173 3173 3169 3169 3170 3170 3171 3171 3167 3167 3168 3168 3169 3169 3176 3176 3166 3166 3167 3167 3173 3173 3175 3175 3176 3176 3169 3169 3171 3171 3173 3173 3176 3176 3167 3167 3169 3169 3169 3169 3173 3173 3176 3176 3178 3178 3189 3189 3188 3188 3187 3187 3186 3186 3185 3185 3185 3185 3184 3184 3183 3183 3183 3183 3182 3182 3181 3181 3181 3181 3180 3180 3179 3179 3179 3179 3178 3178 3188 3188 3188 3188 3187 3187 3185 3185 3185 3185 3183 3183 3181 3181 3181 3181 3179 3179 3188 3188 3188 3188 3185 3185 3181 3181 3178 3178 3179 3179 3166 3166 3166 3166 3179 3179 3167 3167 3179 3179 3180 3180 3167 3167 3167 3167 3180 3180 3168 3168 3180 3180 3181 3181 3168 3168 3168 3168 3181 3181 3169 3169 3181 3181 3182 3182 3169 3169 3169 3169 3182 3182 3170 3170 3182 3182 3183 3183 3170 3170 3170 3170 3183 3183 3171 3171 3183 3183 3184 3184 3171 3171 3171 3171 3184 3184 3172 3172 3184 3184 3185 3185 3172 3172 3172 3172 3185 3185 3173 3173 3185 3185 3186 3186 3173 3173 3173 3173 3186 3186 3174 3174 3186 3186 3187 3187 3174 3174 3174 3174 3187 3187 3175 3175 3187 3187 3188 3188 3175 3175 3175 3175 3188 3188 3176 3176 3189 3189 3178 3178 3177 3177 3177 3177 3178 3178 3166 3166 3188 3188 3189 3189 3176 3176 3176 3176 3189 3189 3177 3177 3197 3197 3198 3198 3190 3190 3194 3194 3195 3195 3196 3196 3191 3191 3192 3192 3193 3193 3196 3196 3197 3197 3190 3190 3193 3193 3194 3194 3196 3196 3190 3190 3191 3191 3193 3193 3193 3193 3196 3196 3190 3190 3199 3199 3207 3207 3206 3206 3205 3205 3204 3204 3203 3203 3202 3202 3201 3201 3200 3200 3199 3199 3206 3206 3205 3205 3205 3205 3203 3203 3202 3202 3202 3202 3200 3200 3199 3199 3199 3199 3205 3205 3202 3202 3199 3199 3200 3200 3190 3190 3190 3190 3200 3200 3191 3191 3200 3200 3201 3201 3191 3191 3191 3191 3201 3201 3192 3192 3201 3201 3202 3202 3192 3192 3192 3192 3202 3202 3193 3193 3202 3202 3203 3203 3193 3193 3193 3193 3203 3203 3194 3194 3203 3203 3204 3204 3194 3194 3194 3194 3204 3204 3195 3195 3204 3204 3205 3205 3195 3195 3195 3195 3205 3205 3196 3196 3205 3205 3206 3206 3196 3196 3196 3196 3206 3206 3197 3197 3207 3207 3199 3199 3198 3198 3198 3198 3199 3199 3190 3190 3206 3206 3207 3207 3197 3197 3197 3197 3207 3207 3198 3198 3220 3220 3221 3221 3208 3208 3217 3217 3218 3218 3219 3219 3214 3214 3215 3215 3216 3216 3212 3212 3213 3213 3214 3214 3209 3209 3210 3210 3211 3211 3220 3220 3208 3208 3209 3209 3217 3217 3219 3219 3220 3220 3212 3212 3214 3214 3216 3216 3209 3209 3211 3211 3212 3212 3217 3217 3220 3220 3209 3209 3212 3212 3216 3216 3217 3217 3217 3217 3209 3209 3212 3212 3222 3222 3235 3235 3234 3234 3233 3233 3232 3232 3231 3231 3230 3230 3229 3229 3228 3228 3228 3228 3227 3227 3226 3226 3225 3225 3224 3224 3223 3223 3223 3223 3222 3222 3234 3234 3234 3234 3233 3233 3231 3231 3230 3230 3228 3228 3226 3226 3226 3226 3225 3225 3223 3223 3223 3223 3234 3234 3231 3231 3231 3231 3230 3230 3226 3226 3226 3226 3223 3223 3231 3231 3222 3222 3223 3223 3208 3208 3208 3208 3223 3223 3209 3209 3223 3223 3224 3224 3209 3209 3209 3209 3224 3224 3210 3210 3224 3224 3225 3225 3210 3210 3210 3210 3225 3225 3211 3211 3225 3225 3226 3226 3211 3211 3211 3211 3226 3226 3212 3212 3226 3226 3227 3227 3212 3212 3212 3212 3227 3227 3213 3213 3227 3227 3228 3228 3213 3213 3213 3213 3228 3228 3214 3214 3228 3228 3229 3229 3214 3214 3214 3214 3229 3229 3215 3215 3229 3229 3230 3230 3215 3215 3215 3215 3230 3230 3216 3216 3230 3230 3231 3231 3216 3216 3216 3216 3231 3231 3217 3217 3231 3231 3232 3232 3217 3217 3217 3217 3232 3232 3218 3218 3232 3232 3233 3233 3218 3218 3218 3218 3233 3233 3219 3219 3233 3233 3234 3234 3219 3219 3219 3219 3234 3234 3220 3220 3235 3235 3222 3222 3221 3221 3221 3221 3222 3222 3208 3208 3234 3234 3235 3235 3220 3220 3220 3220 3235 3235 3221 3221 3237 3237 3236 3236 3242 3242 3239 3239 3238 3238 3237 3237 3241 3241 3240 3240 3239 3239 3237 3237 3242 3242 3241 3241 3241 3241 3239 3239 3237 3237 3249 3249 3243 3243 3244 3244 3244 3244 3245 3245 3246 3246 3246 3246 3247 3247 3248 3248 3248 3248 3249 3249 3244 3244 3244 3244 3246 3246 3248 3248 3244 3244 3243 3243 3237 3237 3237 3237 3243 3243 3236 3236 3245 3245 3244 3244 3238 3238 3238 3238 3244 3244 3237 3237 3246 3246 3245 3245 3239 3239 3239 3239 3245 3245 3238 3238 3247 3247 3246 3246 3240 3240 3240 3240 3246 3246 3239 3239 3248 3248 3247 3247 3241 3241 3241 3241 3247 3247 3240 3240 3243 3243 3249 3249 3236 3236 3236 3236 3249 3249 3242 3242 3249 3249 3248 3248 3242 3242 3242 3242 3248 3248 3241 3241 3254 3254 3255 3255 3250 3250 3252 3252 3253 3253 3254 3254 3250 3250 3251 3251 3252 3252 3252 3252 3254 3254 3250 3250 3256 3256 3261 3261 3260 3260 3260 3260 3259 3259 3258 3258 3258 3258 3257 3257 3256 3256 3256 3256 3260 3260 3258 3258 3256 3256 3257 3257 3250 3250 3250 3250 3257 3257 3251 3251 3257 3257 3258 3258 3251 3251 3251 3251 3258 3258 3252 3252 3258 3258 3259 3259 3252 3252 3252 3252 3259 3259 3253 3253 3259 3259 3260 3260 3253 3253 3253 3253 3260 3260 3254 3254 3261 3261 3256 3256 3255 3255 3255 3255 3256 3256 3250 3250 3260 3260 3261 3261 3254 3254 3254 3254 3261 3261 3255 3255 3264 3264 3265 3265 3262 3262 3262 3262 3263 3263 3264 3264 3266 3266 3269 3269 3268 3268 3268 3268 3267 3267 3266 3266 3266 3266 3267 3267 3262 3262 3262 3262 3267 3267 3263 3263 3267 3267 3268 3268 3263 3263 3263 3263 3268 3268 3264 3264 3269 3269 3266 3266 3265 3265 3265 3265 3266 3266 3262 3262 3268 3268 3269 3269 3264 3264 3264 3264 3269 3269 3265 3265 3272 3272 3273 3273 3270 3270 3270 3270 3271 3271 3272 3272 3274 3274 3277 3277 3276 3276 3276 3276 3275 3275 3274 3274 3274 3274 3275 3275 3270 3270 3270 3270 3275 3275 3271 3271 3275 3275 3276 3276 3271 3271 3271 3271 3276 3276 3272 3272 3277 3277 3274 3274 3273 3273 3273 3273 3274 3274 3270 3270 3276 3276 3277 3277 3272 3272 3272 3272 3277 3277 3273 3273 3281 3281 3282 3282 3283 3283 3279 3279 3280 3280 3281 3281 3283 3283 3278 3278 3279 3279 3279 3279 3281 3281 3283 3283 3289 3289 3288 3288 3287 3287 3287 3287 3286 3286 3285 3285 3285 3285 3284 3284 3289 3289 3289 3289 3287 3287 3285 3285 3284 3284 3285 3285 3278 3278 3278 3278 3285 3285 3279 3279 3285 3285 3286 3286 3279 3279 3279 3279 3286 3286 3280 3280 3286 3286 3287 3287 3280 3280 3280 3280 3287 3287 3281 3281 3287 3287 3288 3288 3281 3281 3281 3281 3288 3288 3282 3282 3289 3289 3284 3284 3283 3283 3283 3283 3284 3284 3278 3278 3288 3288 3289 3289 3282 3282 3282 3282 3289 3289 3283 3283 3291 3291 3290 3290 3294 3294 3293 3293 3292 3292 3291 3291 3291 3291 3294 3294 3293 3293 3299 3299 3295 3295 3296 3296 3296 3296 3297 3297 3298 3298 3298 3298 3299 3299 3296 3296 3296 3296 3295 3295 3291 3291 3291 3291 3295 3295 3290 3290 3297 3297 3296 3296 3292 3292 3292 3292 3296 3296 3291 3291 3298 3298 3297 3297 3293 3293 3293 3293 3297 3297 3292 3292 3295 3295 3299 3299 3290 3290 3290 3290 3299 3299 3294 3294 3299 3299 3298 3298 3294 3294 3294 3294 3298 3298 3293 3293 3302 3302 3303 3303 3300 3300 3300 3300 3301 3301 3302 3302 3304 3304 3307 3307 3306 3306 3306 3306 3305 3305 3304 3304 3304 3304 3305 3305 3300 3300 3300 3300 3305 3305 3301 3301 3305 3305 3306 3306 3301 3301 3301 3301 3306 3306 3302 3302 3307 3307 3304 3304 3303 3303 3303 3303 3304 3304 3300 3300 3306 3306 3307 3307 3302 3302 3302 3302 3307 3307 3303 3303 3314 3314 3315 3315 3308 3308 3312 3312 3313 3313 3314 3314 3309 3309 3310 3310 3311 3311 3312 3312 3314 3314 3308 3308 3308 3308 3309 3309 3311 3311 3311 3311 3312 3312 3308 3308 3316 3316 3323 3323 3322 3322 3322 3322 3321 3321 3320 3320 3319 3319 3318 3318 3317 3317 3316 3316 3322 3322 3320 3320 3319 3319 3317 3317 3316 3316 3316 3316 3320 3320 3319 3319 3316 3316 3317 3317 3308 3308 3308 3308 3317 3317 3309 3309 3317 3317 3318 3318 3309 3309 3309 3309 3318 3318 3310 3310 3318 3318 3319 3319 3310 3310 3310 3310 3319 3319 3311 3311 3319 3319 3320 3320 3311 3311 3311 3311 3320 3320 3312 3312 3320 3320 3321 3321 3312 3312 3312 3312 3321 3321 3313 3313 3321 3321 3322 3322 3313 3313 3313 3313 3322 3322 3314 3314 3323 3323 3316 3316 3315 3315 3315 3315 3316 3316 3308 3308 3322 3322 3323 3323 3314 3314 3314 3314 3323 3323 3315 3315 3326 3326 3327 3327 3324 3324 3324 3324 3325 3325 3326 3326 3328 3328 3331 3331 3330 3330 3330 3330 3329 3329 3328 3328 3328 3328 3329 3329 3324 3324 3324 3324 3329 3329 3325 3325 3329 3329 3330 3330 3325 3325 3325 3325 3330 3330 3326 3326 3331 3331 3328 3328 3327 3327 3327 3327 3328 3328 3324 3324 3330 3330 3331 3331 3326 3326 3326 3326 3331 3331 3327 3327 3334 3334 3335 3335 3332 3332 3332 3332 3333 3333 3334 3334 3336 3336 3339 3339 3338 3338 3338 3338 3337 3337 3336 3336 3336 3336 3337 3337 3332 3332 3332 3332 3337 3337 3333 3333 3337 3337 3338 3338 3333 3333 3333 3333 3338 3338 3334 3334 3339 3339 3336 3336 3335 3335 3335 3335 3336 3336 3332 3332 3338 3338 3339 3339 3334 3334 3334 3334 3339 3339 3335 3335 3342 3342 3343 3343 3340 3340 3340 3340 3341 3341 3342 3342 3344 3344 3347 3347 3346 3346 3346 3346 3345 3345 3344 3344 3344 3344 3345 3345 3340 3340 3340 3340 3345 3345 3341 3341 3345 3345 3346 3346 3341 3341 3341 3341 3346 3346 3342 3342 3347 3347 3344 3344 3343 3343 3343 3343 3344 3344 3340 3340 3346 3346 3347 3347 3342 3342 3342 3342 3347 3347 3343 3343 3350 3350 3351 3351 3348 3348 3348 3348 3349 3349 3350 3350 3352 3352 3355 3355 3354 3354 3354 3354 3353 3353 3352 3352 3352 3352 3353 3353 3348 3348 3348 3348 3353 3353 3349 3349 3353 3353 3354 3354 3349 3349 3349 3349 3354 3354 3350 3350 3355 3355 3352 3352 3351 3351 3351 3351 3352 3352 3348 3348 3354 3354 3355 3355 3350 3350 3350 3350 3355 3355 3351 3351 3358 3358 3359 3359 3356 3356 3356 3356 3357 3357 3358 3358 3360 3360 3363 3363 3362 3362 3362 3362 3361 3361 3360 3360 3360 3360 3361 3361 3356 3356 3356 3356 3361 3361 3357 3357 3361 3361 3362 3362 3357 3357 3357 3357 3362 3362 3358 3358 3363 3363 3360 3360 3359 3359 3359 3359 3360 3360 3356 3356 3362 3362 3363 3363 3358 3358 3358 3358 3363 3363 3359 3359 3366 3366 3367 3367 3364 3364 3364 3364 3365 3365 3366 3366 3368 3368 3371 3371 3370 3370 3370 3370 3369 3369 3368 3368 3368 3368 3369 3369 3364 3364 3364 3364 3369 3369 3365 3365 3369 3369 3370 3370 3365 3365 3365 3365 3370 3370 3366 3366 3371 3371 3368 3368 3367 3367 3367 3367 3368 3368 3364 3364 3370 3370 3371 3371 3366 3366 3366 3366 3371 3371 3367 3367 3373 3373 3372 3372 3375 3375 3375 3375 3374 3374 3373 3373 3379 3379 3376 3376 3377 3377 3377 3377 3378 3378 3379 3379 3377 3377 3376 3376 3373 3373 3373 3373 3376 3376 3372 3372 3378 3378 3377 3377 3374 3374 3374 3374 3377 3377 3373 3373 3376 3376 3379 3379 3372 3372 3372 3372 3379 3379 3375 3375 3379 3379 3378 3378 3375 3375 3375 3375 3378 3378 3374 3374 3394 3394 3395 3395 3396 3396 3391 3391 3392 3392 3393 3393 3389 3389 3390 3390 3391 3391 3387 3387 3388 3388 3389 3389 3385 3385 3386 3386 3387 3387 3382 3382 3383 3383 3384 3384 3380 3380 3381 3381 3382 3382 3393 3393 3394 3394 3396 3396 3389 3389 3391 3391 3393 3393 3385 3385 3387 3387 3389 3389 3382 3382 3384 3384 3385 3385 3396 3396 3380 3380 3382 3382 3389 3389 3393 3393 3396 3396 3382 3382 3385 3385 3389 3389 3389 3389 3396 3396 3382 3382 3413 3413 3412 3412 3411 3411 3410 3410 3409 3409 3408 3408 3408 3408 3407 3407 3406 3406 3406 3406 3405 3405 3404 3404 3404 3404 3403 3403 3402 3402 3401 3401 3400 3400 3399 3399 3399 3399 3398 3398 3397 3397 3413 3413 3411 3411 3410 3410 3410 3410 3408 3408 3406 3406 3406 3406 3404 3404 3402 3402 3402 3402 3401 3401 3399 3399 3399 3399 3397 3397 3413 3413 3413 3413 3410 3410 3406 3406 3406 3406 3402 3402 3399 3399 3399 3399 3413 3413 3406 3406 3397 3397 3398 3398 3380 3380 3380 3380 3398 3398 3381 3381 3398 3398 3399 3399 3381 3381 3381 3381 3399 3399 3382 3382 3399 3399 3400 3400 3382 3382 3382 3382 3400 3400 3383 3383 3400 3400 3401 3401 3383 3383 3383 3383 3401 3401 3384 3384 3401 3401 3402 3402 3384 3384 3384 3384 3402 3402 3385 3385 3402 3402 3403 3403 3385 3385 3385 3385 3403 3403 3386 3386 3403 3403 3404 3404 3386 3386 3386 3386 3404 3404 3387 3387 3404 3404 3405 3405 3387 3387 3387 3387 3405 3405 3388 3388 3405 3405 3406 3406 3388 3388 3388 3388 3406 3406 3389 3389 3406 3406 3407 3407 3389 3389 3389 3389 3407 3407 3390 3390 3407 3407 3408 3408 3390 3390 3390 3390 3408 3408 3391 3391 3408 3408 3409 3409 3391 3391 3391 3391 3409 3409 3392 3392 3409 3409 3410 3410 3392 3392 3392 3392 3410 3410 3393 3393 3410 3410 3411 3411 3393 3393 3393 3393 3411 3411 3394 3394 3411 3411 3412 3412 3394 3394 3394 3394 3412 3412 3395 3395 3413 3413 3397 3397 3396 3396 3396 3396 3397 3397 3380 3380 3412 3412 3413 3413 3395 3395 3395 3395 3413 3413 3396 3396 3417 3417 3418 3418 3414 3414 3415 3415 3416 3416 3417 3417 3417 3417 3414 3414 3415 3415 3419 3419 3423 3423 3422 3422 3422 3422 3421 3421 3420 3420 3420 3420 3419 3419 3422 3422 3419 3419 3420 3420 3414 3414 3414 3414 3420 3420 3415 3415 3420 3420 3421 3421 3415 3415 3415 3415 3421 3421 3416 3416 3421 3421 3422 3422 3416 3416 3416 3416 3422 3422 3417 3417 3423 3423 3419 3419 3418 3418 3418 3418 3419 3419 3414 3414 3422 3422 3423 3423 3417 3417 3417 3417 3423 3423 3418 3418 3434 3434 3435 3435 3424 3424 3432 3432 3433 3433 3434 3434 3430 3430 3431 3431 3432 3432 3428 3428 3429 3429 3430 3430 3426 3426 3427 3427 3428 3428 3424 3424 3425 3425 3426 3426 3432 3432 3434 3434 3424 3424 3426 3426 3428 3428 3430 3430 3432 3432 3424 3424 3426 3426 3426 3426 3430 3430 3432 3432 3436 3436 3447 3447 3446 3446 3446 3446 3445 3445 3444 3444 3444 3444 3443 3443 3442 3442 3442 3442 3441 3441 3440 3440 3440 3440 3439 3439 3438 3438 3438 3438 3437 3437 3436 3436 3436 3436 3446 3446 3444 3444 3442 3442 3440 3440 3438 3438 3438 3438 3436 3436 3444 3444 3444 3444 3442 3442 3438 3438 3436 3436 3437 3437 3424 3424 3424 3424 3437 3437 3425 3425 3437 3437 3438 3438 3425 3425 3425 3425 3438 3438 3426 3426 3438 3438 3439 3439 3426 3426 3426 3426 3439 3439 3427 3427 3439 3439 3440 3440 3427 3427 3427 3427 3440 3440 3428 3428 3440 3440 3441 3441 3428 3428 3428 3428 3441 3441 3429 3429 3441 3441 3442 3442 3429 3429 3429 3429 3442 3442 3430 3430 3442 3442 3443 3443 3430 3430 3430 3430 3443 3443 3431 3431 3443 3443 3444 3444 3431 3431 3431 3431 3444 3444 3432 3432 3444 3444 3445 3445 3432 3432 3432 3432 3445 3445 3433 3433 3445 3445 3446 3446 3433 3433 3433 3433 3446 3446 3434 3434 3447 3447 3436 3436 3435 3435 3435 3435 3436 3436 3424 3424 3446 3446 3447 3447 3434 3434 3434 3434 3447 3447 3435 3435 3457 3457 3458 3458 3448 3448 3455 3455 3456 3456 3457 3457 3453 3453 3454 3454 3455 3455 3450 3450 3451 3451 3452 3452 3448 3448 3449 3449 3450 3450 3455 3455 3457 3457 3448 3448 3452 3452 3453 3453 3455 3455 3448 3448 3450 3450 3452 3452 3452 3452 3455 3455 3448 3448 3459 3459 3469 3469 3468 3468 3468 3468 3467 3467 3466 3466 3466 3466 3465 3465 3464 3464 3463 3463 3462 3462 3461 3461 3461 3461 3460 3460 3459 3459 3459 3459 3468 3468 3466 3466 3466 3466 3464 3464 3463 3463 3463 3463 3461 3461 3459 3459 3459 3459 3466 3466 3463 3463 3459 3459 3460 3460 3448 3448 3448 3448 3460 3460 3449 3449 3460 3460 3461 3461 3449 3449 3449 3449 3461 3461 3450 3450 3461 3461 3462 3462 3450 3450 3450 3450 3462 3462 3451 3451 3462 3462 3463 3463 3451 3451 3451 3451 3463 3463 3452 3452 3463 3463 3464 3464 3452 3452 3452 3452 3464 3464 3453 3453 3464 3464 3465 3465 3453 3453 3453 3453 3465 3465 3454 3454 3465 3465 3466 3466 3454 3454 3454 3454 3466 3466 3455 3455 3466 3466 3467 3467 3455 3455 3455 3455 3467 3467 3456 3456 3467 3467 3468 3468 3456 3456 3456 3456 3468 3468 3457 3457 3469 3469 3459 3459 3458 3458 3458 3458 3459 3459 3448 3448 3468 3468 3469 3469 3457 3457 3457 3457 3469 3469 3458 3458 3473 3473 3474 3474 3470 3470 3471 3471 3472 3472 3473 3473 3473 3473 3470 3470 3471 3471 3475 3475 3479 3479 3478 3478 3478 3478 3477 3477 3476 3476 3476 3476 3475 3475 3478 3478 3475 3475 3476 3476 3470 3470 3470 3470 3476 3476 3471 3471 3476 3476 3477 3477 3471 3471 3471 3471 3477 3477 3472 3472 3477 3477 3478 3478 3472 3472 3472 3472 3478 3478 3473 3473 3479 3479 3475 3475 3474 3474 3474 3474 3475 3475 3470 3470 3478 3478 3479 3479 3473 3473 3473 3473 3479 3479 3474 3474 3481 3481 3480 3480 3485 3485 3483 3483 3482 3482 3481 3481 3485 3485 3484 3484 3483 3483 3483 3483 3481 3481 3485 3485 3491 3491 3486 3486 3487 3487 3487 3487 3488 3488 3489 3489 3489 3489 3490 3490 3491 3491 3491 3491 3487 3487 3489 3489 3487 3487 3486 3486 3481 3481 3481 3481 3486 3486 3480 3480 3488 3488 3487 3487 3482 3482 3482 3482 3487 3487 3481 3481 3489 3489 3488 3488 3483 3483 3483 3483 3488 3488 3482 3482 3490 3490 3489 3489 3484 3484 3484 3484 3489 3489 3483 3483 3486 3486 3491 3491 3480 3480 3480 3480 3491 3491 3485 3485 3491 3491 3490 3490 3485 3485 3485 3485 3490 3490 3484 3484 3493 3493 3492 3492 3495 3495 3495 3495 3494 3494 3493 3493 3499 3499 3496 3496 3497 3497 3497 3497 3498 3498 3499 3499 3497 3497 3496 3496 3493 3493 3493 3493 3496 3496 3492 3492 3498 3498 3497 3497 3494 3494 3494 3494 3497 3497 3493 3493 3496 3496 3499 3499 3492 3492 3492 3492 3499 3499 3495 3495 3499 3499 3498 3498 3495 3495 3495 3495 3498 3498 3494 3494 3502 3502 3503 3503 3500 3500 3500 3500 3501 3501 3502 3502 3504 3504 3507 3507 3506 3506 3506 3506 3505 3505 3504 3504 3504 3504 3505 3505 3500 3500 3500 3500 3505 3505 3501 3501 3505 3505 3506 3506 3501 3501 3501 3501 3506 3506 3502 3502 3507 3507 3504 3504 3503 3503 3503 3503 3504 3504 3500 3500 3506 3506 3507 3507 3502 3502 3502 3502 3507 3507 3503 3503 3512 3512 3513 3513 3508 3508 3508 3508 3509 3509 3510 3510 3511 3511 3512 3512 3508 3508 3508 3508 3510 3510 3511 3511 3514 3514 3519 3519 3518 3518 3516 3516 3515 3515 3514 3514 3514 3514 3518 3518 3517 3517 3517 3517 3516 3516 3514 3514 3514 3514 3515 3515 3508 3508 3508 3508 3515 3515 3509 3509 3515 3515 3516 3516 3509 3509 3509 3509 3516 3516 3510 3510 3516 3516 3517 3517 3510 3510 3510 3510 3517 3517 3511 3511 3517 3517 3518 3518 3511 3511 3511 3511 3518 3518 3512 3512 3519 3519 3514 3514 3513 3513 3513 3513 3514 3514 3508 3508 3518 3518 3519 3519 3512 3512 3512 3512 3519 3519 3513 3513 3523 3523 3524 3524 3520 3520 3521 3521 3522 3522 3523 3523 3523 3523 3520 3520 3521 3521 3525 3525 3529 3529 3528 3528 3528 3528 3527 3527 3526 3526 3526 3526 3525 3525 3528 3528 3525 3525 3526 3526 3520 3520 3520 3520 3526 3526 3521 3521 3526 3526 3527 3527 3521 3521 3521 3521 3527 3527 3522 3522 3527 3527 3528 3528 3522 3522 3522 3522 3528 3528 3523 3523 3529 3529 3525 3525 3524 3524 3524 3524 3525 3525 3520 3520 3528 3528 3529 3529 3523 3523 3523 3523 3529 3529 3524 3524 3538 3538 3539 3539 3530 3530 3536 3536 3537 3537 3538 3538 3533 3533 3534 3534 3535 3535 3531 3531 3532 3532 3533 3533 3538 3538 3530 3530 3531 3531 3535 3535 3536 3536 3538 3538 3531 3531 3533 3533 3535 3535 3535 3535 3538 3538 3531 3531 3540 3540 3549 3549 3548 3548 3548 3548 3547 3547 3546 3546 3545 3545 3544 3544 3543 3543 3543 3543 3542 3542 3541 3541 3541 3541 3540 3540 3548 3548 3548 3548 3546 3546 3545 3545 3545 3545 3543 3543 3541 3541 3541 3541 3548 3548 3545 3545 3540 3540 3541 3541 3530 3530 3530 3530 3541 3541 3531 3531 3541 3541 3542 3542 3531 3531 3531 3531 3542 3542 3532 3532 3542 3542 3543 3543 3532 3532 3532 3532 3543 3543 3533 3533 3543 3543 3544 3544 3533 3533 3533 3533 3544 3544 3534 3534 3544 3544 3545 3545 3534 3534 3534 3534 3545 3545 3535 3535 3545 3545 3546 3546 3535 3535 3535 3535 3546 3546 3536 3536 3546 3546 3547 3547 3536 3536 3536 3536 3547 3547 3537 3537 3547 3547 3548 3548 3537 3537 3537 3537 3548 3548 3538 3538 3549 3549 3540 3540 3539 3539 3539 3539 3540 3540 3530 3530 3548 3548 3549 3549 3538 3538 3538 3538 3549 3549 3539 3539 3599 3599 3600 3600 3550 3550 3597 3597 3598 3598 3599 3599 3595 3595 3596 3596 3597 3597 3591 3591 3592 3592 3593 3593 3588 3588 3589 3589 3590 3590 3586 3586 3587 3587 3588 3588 3583 3583 3584 3584 3585 3585 3581 3581 3582 3582 3583 3583 3579 3579 3580 3580 3581 3581 3577 3577 3578 3578 3579 3579 3575 3575 3576 3576 3577 3577 3573 3573 3574 3574 3575 3575 3571 3571 3572 3572 3573 3573 3569 3569 3570 3570 3571 3571 3567 3567 3568 3568 3569 3569 3564 3564 3565 3565 3566 3566 3561 3561 3562 3562 3563 3563 3557 3557 3558 3558 3559 3559 3552 3552 3553 3553 3554 3554 3550 3550 3551 3551 3552 3552 3597 3597 3599 3599 3550 3550 3594 3594 3595 3595 3597 3597 3591 3591 3593 3593 3594 3594 3586 3586 3588 3588 3590 3590 3577 3577 3579 3579 3581 3581 3573 3573 3575 3575 3577 3577 3569 3569 3571 3571 3573 3573 3566 3566 3567 3567 3569 3569 3563 3563 3564 3564 3566 3566 3556 3556 3557 3557 3559 3559 3552 3552 3554 3554 3555 3555 3597 3597 3550 3550 3552 3552 3591 3591 3594 3594 3597 3597 3586 3586 3590 3590 3591 3591 3577 3577 3581 3581 3583 3583 3569 3569 3573 3573 3577 3577 3561 3561 3563 3563 3566 3566 3556 3556 3559 3559 3560 3560 3597 3597 3552 3552 3555 3555 3586 3586 3591 3591 3597 3597 3569 3569 3577 3577 3583 3583 3561 3561 3566 3566 3569 3569 3597 3597 3555 3555 3556 3556 3585 3585 3586 3586 3597 3597 3569 3569 3583 3583 3585 3585 3597 3597 3556 3556 3560 3560 3561 3561 3569 3569 3585 3585 3585 3585 3597 3597 3560 3560 3560 3560 3561 3561 3585 3585 3601 3601 3651 3651 3650 3650 3650 3650 3649 3649 3648 3648 3648 3648 3647 3647 3646 3646 3644 3644 3643 3643 3642 3642 3641 3641 3640 3640 3639 3639 3639 3639 3638 3638 3637 3637 3636 3636 3635 3635 3634 3634 3634 3634 3633 3633 3632 3632 3632 3632 3631 3631 3630 3630 3630 3630 3629 3629 3628 3628 3628 3628 3627 3627 3626 3626 3626 3626 3625 3625 3624 3624 3624 3624 3623 3623 3622 3622 3622 3622 3621 3621 3620 3620 3620 3620 3619 3619 3618 3618 3617 3617 3616 3616 3615 3615 3614 3614 3613 3613 3612 3612 3610 3610 3609 3609 3608 3608 3605 3605 3604 3604 3603 3603 3603 3603 3602 3602 3601 3601 3601 3601 3650 3650 3648 3648 3648 3648 3646 3646 3645 3645 3645 3645 3644 3644 3642 3642 3641 3641 3639 3639 3637 3637 3632 3632 3630 3630 3628 3628 3628 3628 3626 3626 3624 3624 3624 3624 3622 3622 3620 3620 3620 3620 3618 3618 3617 3617 3617 3617 3615 3615 3614 3614 3610 3610 3608 3608 3607 3607 3606 3606 3605 3605 3603 3603 3603 3603 3601 3601 3648 3648 3648 3648 3645 3645 3642 3642 3642 3642 3641 3641 3637 3637 3634 3634 3632 3632 3628 3628 3628 3628 3624 3624 3620 3620 3617 3617 3614 3614 3612 3612 3611 3611 3610 3610 3607 3607 3606 3606 3603 3603 3648 3648 3648 3648 3642 3642 3637 3637 3634 3634 3628 3628 3620 3620 3620 3620 3617 3617 3612 3612 3607 3607 3606 3606 3648 3648 3648 3648 3637 3637 3636 3636 3636 3636 3634 3634 3620 3620 3611 3611 3607 3607 3648 3648 3636 3636 3620 3620 3612 3612 3611 3611 3648 3648 3636 3636 3636 3636 3612 3612 3611 3611 3601 3601 3602 3602 3550 3550 3550 3550 3602 3602 3551 3551 3602 3602 3603 3603 3551 3551 3551 3551 3603 3603 3552 3552 3603 3603 3604 3604 3552 3552 3552 3552 3604 3604 3553 3553 3604 3604 3605 3605 3553 3553 3553 3553 3605 3605 3554 3554 3605 3605 3606 3606 3554 3554 3554 3554 3606 3606 3555 3555 3606 3606 3607 3607 3555 3555 3555 3555 3607 3607 3556 3556 3607 3607 3608 3608 3556 3556 3556 3556 3608 3608 3557 3557 3608 3608 3609 3609 3557 3557 3557 3557 3609 3609 3558 3558 3609 3609 3610 3610 3558 3558 3558 3558 3610 3610 3559 3559 3610 3610 3611 3611 3559 3559 3559 3559 3611 3611 3560 3560 3611 3611 3612 3612 3560 3560 3560 3560 3612 3612 3561 3561 3612 3612 3613 3613 3561 3561 3561 3561 3613 3613 3562 3562 3613 3613 3614 3614 3562 3562 3562 3562 3614 3614 3563 3563 3614 3614 3615 3615 3563 3563 3563 3563 3615 3615 3564 3564 3615 3615 3616 3616 3564 3564 3564 3564 3616 3616 3565 3565 3616 3616 3617 3617 3565 3565 3565 3565 3617 3617 3566 3566 3617 3617 3618 3618 3566 3566 3566 3566 3618 3618 3567 3567 3618 3618 3619 3619 3567 3567 3567 3567 3619 3619 3568 3568 3619 3619 3620 3620 3568 3568 3568 3568 3620 3620 3569 3569 3620 3620 3621 3621 3569 3569 3569 3569 3621 3621 3570 3570 3621 3621 3622 3622 3570 3570 3570 3570 3622 3622 3571 3571 3622 3622 3623 3623 3571 3571 3571 3571 3623 3623 3572 3572 3623 3623 3624 3624 3572 3572 3572 3572 3624 3624 3573 3573 3624 3624 3625 3625 3573 3573 3573 3573 3625 3625 3574 3574 3625 3625 3626 3626 3574 3574 3574 3574 3626 3626 3575 3575 3626 3626 3627 3627 3575 3575 3575 3575 3627 3627 3576 3576 3627 3627 3628 3628 3576 3576 3576 3576 3628 3628 3577 3577 3628 3628 3629 3629 3577 3577 3577 3577 3629 3629 3578 3578 3629 3629 3630 3630 3578 3578 3578 3578 3630 3630 3579 3579 3630 3630 3631 3631 3579 3579 3579 3579 3631 3631 3580 3580 3631 3631 3632 3632 3580 3580 3580 3580 3632 3632 3581 3581 3632 3632 3633 3633 3581 3581 3581 3581 3633 3633 3582 3582 3633 3633 3634 3634 3582 3582 3582 3582 3634 3634 3583 3583 3634 3634 3635 3635 3583 3583 3583 3583 3635 3635 3584 3584 3635 3635 3636 3636 3584 3584 3584 3584 3636 3636 3585 3585 3636 3636 3637 3637 3585 3585 3585 3585 3637 3637 3586 3586 3637 3637 3638 3638 3586 3586 3586 3586 3638 3638 3587 3587 3638 3638 3639 3639 3587 3587 3587 3587 3639 3639 3588 3588 3639 3639 3640 3640 3588 3588 3588 3588 3640 3640 3589 3589 3640 3640 3641 3641 3589 3589 3589 3589 3641 3641 3590 3590 3641 3641 3642 3642 3590 3590 3590 3590 3642 3642 3591 3591 3642 3642 3643 3643 3591 3591 3591 3591 3643 3643 3592 3592 3643 3643 3644 3644 3592 3592 3592 3592 3644 3644 3593 3593 3644 3644 3645 3645 3593 3593 3593 3593 3645 3645 3594 3594 3645 3645 3646 3646 3594 3594 3594 3594 3646 3646 3595 3595 3646 3646 3647 3647 3595 3595 3595 3595 3647 3647 3596 3596 3647 3647 3648 3648 3596 3596 3596 3596 3648 3648 3597 3597 3648 3648 3649 3649 3597 3597 3597 3597 3649 3649 3598 3598 3649 3649 3650 3650 3598 3598 3598 3598 3650 3650 3599 3599 3651 3651 3601 3601 3600 3600 3600 3600 3601 3601 3550 3550 3650 3650 3651 3651 3599 3599 3599 3599 3651 3651 3600 3600 3664 3664 3665 3665 3652 3652 3660 3660 3661 3661 3662 3662 3657 3657 3658 3658 3659 3659 3654 3654 3655 3655 3656 3656 3664 3664 3652 3652 3653 3653 3660 3660 3662 3662 3663 3663 3653 3653 3654 3654 3656 3656 3663 3663 3664 3664 3653 3653 3659 3659 3660 3660 3663 3663 3663 3663 3653 3653 3656 3656 3657 3657 3659 3659 3663 3663 3663 3663 3656 3656 3657 3657 3666 3666 3679 3679 3678 3678 3676 3676 3675 3675 3674 3674 3673 3673 3672 3672 3671 3671 3670 3670 3669 3669 3668 3668 3667 3667 3666 3666 3678 3678 3677 3677 3676 3676 3674 3674 3670 3670 3668 3668 3667 3667 3667 3667 3678 3678 3677 3677 3677 3677 3674 3674 3673 3673 3670 3670 3667 3667 3677 3677 3677 3677 3673 3673 3671 3671 3671 3671 3670 3670 3677 3677 3666 3666 3667 3667 3652 3652 3652 3652 3667 3667 3653 3653 3667 3667 3668 3668 3653 3653 3653 3653 3668 3668 3654 3654 3668 3668 3669 3669 3654 3654 3654 3654 3669 3669 3655 3655 3669 3669 3670 3670 3655 3655 3655 3655 3670 3670 3656 3656 3670 3670 3671 3671 3656 3656 3656 3656 3671 3671 3657 3657 3671 3671 3672 3672 3657 3657 3657 3657 3672 3672 3658 3658 3672 3672 3673 3673 3658 3658 3658 3658 3673 3673 3659 3659 3673 3673 3674 3674 3659 3659 3659 3659 3674 3674 3660 3660 3674 3674 3675 3675 3660 3660 3660 3660 3675 3675 3661 3661 3675 3675 3676 3676 3661 3661 3661 3661 3676 3676 3662 3662 3676 3676 3677 3677 3662 3662 3662 3662 3677 3677 3663 3663 3677 3677 3678 3678 3663 3663 3663 3663 3678 3678 3664 3664 3679 3679 3666 3666 3665 3665 3665 3665 3666 3666 3652 3652 3678 3678 3679 3679 3664 3664 3664 3664 3679 3679 3665 3665 3691 3691 3692 3692 3680 3680 3689 3689 3690 3690 3691 3691 3687 3687 3688 3688 3689 3689 3684 3684 3685 3685 3686 3686 3682 3682 3683 3683 3684 3684 3680 3680 3681 3681 3682 3682 3689 3689 3691 3691 3680 3680 3686 3686 3687 3687 3689 3689 3682 3682 3684 3684 3686 3686 3689 3689 3680 3680 3682 3682 3682 3682 3686 3686 3689 3689 3693 3693 3705 3705 3704 3704 3704 3704 3703 3703 3702 3702 3702 3702 3701 3701 3700 3700 3699 3699 3698 3698 3697 3697 3697 3697 3696 3696 3695 3695 3695 3695 3694 3694 3693 3693 3693 3693 3704 3704 3702 3702 3702 3702 3700 3700 3699 3699 3699 3699 3697 3697 3695 3695 3695 3695 3693 3693 3702 3702 3702 3702 3699 3699 3695 3695 3693 3693 3694 3694 3680 3680 3680 3680 3694 3694 3681 3681 3694 3694 3695 3695 3681 3681 3681 3681 3695 3695 3682 3682 3695 3695 3696 3696 3682 3682 3682 3682 3696 3696 3683 3683 3696 3696 3697 3697 3683 3683 3683 3683 3697 3697 3684 3684 3697 3697 3698 3698 3684 3684 3684 3684 3698 3698 3685 3685 3698 3698 3699 3699 3685 3685 3685 3685 3699 3699 3686 3686 3699 3699 3700 3700 3686 3686 3686 3686 3700 3700 3687 3687 3700 3700 3701 3701 3687 3687 3687 3687 3701 3701 3688 3688 3701 3701 3702 3702 3688 3688 3688 3688 3702 3702 3689 3689 3702 3702 3703 3703 3689 3689 3689 3689 3703 3703 3690 3690 3703 3703 3704 3704 3690 3690 3690 3690 3704 3704 3691 3691 3705 3705 3693 3693 3692 3692 3692 3692 3693 3693 3680 3680 3704 3704 3705 3705 3691 3691 3691 3691 3705 3705 3692 3692 3709 3709 3710 3710 3706 3706 3707 3707 3708 3708 3709 3709 3709 3709 3706 3706 3707 3707 3711 3711 3715 3715 3714 3714 3714 3714 3713 3713 3712 3712 3712 3712 3711 3711 3714 3714 3711 3711 3712 3712 3706 3706 3706 3706 3712 3712 3707 3707 3712 3712 3713 3713 3707 3707 3707 3707 3713 3713 3708 3708 3713 3713 3714 3714 3708 3708 3708 3708 3714 3714 3709 3709 3715 3715 3711 3711 3710 3710 3710 3710 3711 3711 3706 3706 3714 3714 3715 3715 3709 3709 3709 3709 3715 3715 3710 3710 3718 3718 3719 3719 3716 3716 3716 3716 3717 3717 3718 3718 3720 3720 3723 3723 3722 3722 3722 3722 3721 3721 3720 3720 3720 3720 3721 3721 3716 3716 3716 3716 3721 3721 3717 3717 3721 3721 3722 3722 3717 3717 3717 3717 3722 3722 3718 3718 3723 3723 3720 3720 3719 3719 3719 3719 3720 3720 3716 3716 3722 3722 3723 3723 3718 3718 3718 3718 3723 3723 3719 3719 3728 3728 3729 3729 3724 3724 3726 3726 3727 3727 3728 3728 3728 3728 3724 3724 3725 3725 3725 3725 3726 3726 3728 3728 3730 3730 3735 3735 3734 3734 3734 3734 3733 3733 3732 3732 3731 3731 3730 3730 3734 3734 3734 3734 3732 3732 3731 3731 3730 3730 3731 3731 3724 3724 3724 3724 3731 3731 3725 3725 3731 3731 3732 3732 3725 3725 3725 3725 3732 3732 3726 3726 3732 3732 3733 3733 3726 3726 3726 3726 3733 3733 3727 3727 3733 3733 3734 3734 3727 3727 3727 3727 3734 3734 3728 3728 3735 3735 3730 3730 3729 3729 3729 3729 3730 3730 3724 3724 3734 3734 3735 3735 3728 3728 3728 3728 3735 3735 3729 3729 3737 3737 3736 3736 3740 3740 3739 3739 3738 3738 3737 3737 3737 3737 3740 3740 3739 3739 3745 3745 3741 3741 3742 3742 3742 3742 3743 3743 3744 3744 3744 3744 3745 3745 3742 3742 3742 3742 3741 3741 3737 3737 3737 3737 3741 3741 3736 3736 3743 3743 3742 3742 3738 3738 3738 3738 3742 3742 3737 3737 3744 3744 3743 3743 3739 3739 3739 3739 3743 3743 3738 3738 3741 3741 3745 3745 3736 3736 3736 3736 3745 3745 3740 3740 3745 3745 3744 3744 3740 3740 3740 3740 3744 3744 3739 3739 3748 3748 3749 3749 3746 3746 3746 3746 3747 3747 3748 3748 3750 3750 3753 3753 3752 3752 3752 3752 3751 3751 3750 3750 3750 3750 3751 3751 3746 3746 3746 3746 3751 3751 3747 3747 3751 3751 3752 3752 3747 3747 3747 3747 3752 3752 3748 3748 3753 3753 3750 3750 3749 3749 3749 3749 3750 3750 3746 3746 3752 3752 3753 3753 3748 3748 3748 3748 3753 3753 3749 3749 3760 3760 3761 3761 3754 3754 3757 3757 3758 3758 3759 3759 3755 3755 3756 3756 3757 3757 3760 3760 3754 3754 3755 3755 3755 3755 3757 3757 3759 3759 3759 3759 3760 3760 3755 3755 3762 3762 3769 3769 3768 3768 3767 3767 3766 3766 3765 3765 3765 3765 3764 3764 3763 3763 3763 3763 3762 3762 3768 3768 3767 3767 3765 3765 3763 3763 3763 3763 3768 3768 3767 3767 3762 3762 3763 3763 3754 3754 3754 3754 3763 3763 3755 3755 3763 3763 3764 3764 3755 3755 3755 3755 3764 3764 3756 3756 3764 3764 3765 3765 3756 3756 3756 3756 3765 3765 3757 3757 3765 3765 3766 3766 3757 3757 3757 3757 3766 3766 3758 3758 3766 3766 3767 3767 3758 3758 3758 3758 3767 3767 3759 3759 3767 3767 3768 3768 3759 3759 3759 3759 3768 3768 3760 3760 3769 3769 3762 3762 3761 3761 3761 3761 3762 3762 3754 3754 3768 3768 3769 3769 3760 3760 3760 3760 3769 3769 3761 3761 3772 3772 3773 3773 3770 3770 3770 3770 3771 3771 3772 3772 3774 3774 3777 3777 3776 3776 3776 3776 3775 3775 3774 3774 3774 3774 3775 3775 3770 3770 3770 3770 3775 3775 3771 3771 3775 3775 3776 3776 3771 3771 3771 3771 3776 3776 3772 3772 3777 3777 3774 3774 3773 3773 3773 3773 3774 3774 3770 3770 3776 3776 3777 3777 3772 3772 3772 3772 3777 3777 3773 3773 3780 3780 3781 3781 3778 3778 3778 3778 3779 3779 3780 3780 3782 3782 3785 3785 3784 3784 3784 3784 3783 3783 3782 3782 3782 3782 3783 3783 3778 3778 3778 3778 3783 3783 3779 3779 3783 3783 3784 3784 3779 3779 3779 3779 3784 3784 3780 3780 3785 3785 3782 3782 3781 3781 3781 3781 3782 3782 3778 3778 3784 3784 3785 3785 3780 3780 3780 3780 3785 3785 3781 3781 3788 3788 3789 3789 3786 3786 3786 3786 3787 3787 3788 3788 3790 3790 3793 3793 3792 3792 3792 3792 3791 3791 3790 3790 3790 3790 3791 3791 3786 3786 3786 3786 3791 3791 3787 3787 3791 3791 3792 3792 3787 3787 3787 3787 3792 3792 3788 3788 3793 3793 3790 3790 3789 3789 3789 3789 3790 3790 3786 3786 3792 3792 3793 3793 3788 3788 3788 3788 3793 3793 3789 3789 3796 3796 3797 3797 3794 3794 3794 3794 3795 3795 3796 3796 3798 3798 3801 3801 3800 3800 3800 3800 3799 3799 3798 3798 3798 3798 3799 3799 3794 3794 3794 3794 3799 3799 3795 3795 3799 3799 3800 3800 3795 3795 3795 3795 3800 3800 3796 3796 3801 3801 3798 3798 3797 3797 3797 3797 3798 3798 3794 3794 3800 3800 3801 3801 3796 3796 3796 3796 3801 3801 3797 3797 3804 3804 3805 3805 3802 3802 3802 3802 3803 3803 3804 3804 3806 3806 3809 3809 3808 3808 3808 3808 3807 3807 3806 3806 3806 3806 3807 3807 3802 3802 3802 3802 3807 3807 3803 3803 3807 3807 3808 3808 3803 3803 3803 3803 3808 3808 3804 3804 3809 3809 3806 3806 3805 3805 3805 3805 3806 3806 3802 3802 3808 3808 3809 3809 3804 3804 3804 3804 3809 3809 3805 3805 3811 3811 3810 3810 3813 3813 3813 3813 3812 3812 3811 3811 3817 3817 3814 3814 3815 3815 3815 3815 3816 3816 3817 3817 3815 3815 3814 3814 3811 3811 3811 3811 3814 3814 3810 3810 3816 3816 3815 3815 3812 3812 3812 3812 3815 3815 3811 3811 3814 3814 3817 3817 3810 3810 3810 3810 3817 3817 3813 3813 3817 3817 3816 3816 3813 3813 3813 3813 3816 3816 3812 3812 3837 3837 3838 3838 3818 3818 3835 3835 3836 3836 3837 3837 3833 3833 3834 3834 3835 3835 3830 3830 3831 3831 3832 3832 3826 3826 3827 3827 3828 3828 3822 3822 3823 3823 3824 3824 3819 3819 3820 3820 3821 3821 3837 3837 3818 3818 3819 3819 3832 3832 3833 3833 3835 3835 3826 3826 3828 3828 3829 3829 3821 3821 3822 3822 3824 3824 3835 3835 3837 3837 3819 3819 3830 3830 3832 3832 3835 3835 3825 3825 3826 3826 3829 3829 3819 3819 3821 3821 3824 3824 3830 3830 3835 3835 3819 3819 3824 3824 3825 3825 3829 3829 3829 3829 3830 3830 3819 3819 3819 3819 3824 3824 3829 3829 3839 3839 3859 3859 3858 3858 3858 3858 3857 3857 3856 3856 3856 3856 3855 3855 3854 3854 3853 3853 3852 3852 3851 3851 3849 3849 3848 3848 3847 3847 3845 3845 3844 3844 3843 3843 3842 3842 3841 3841 3840 3840 3840 3840 3839 3839 3858 3858 3856 3856 3854 3854 3853 3853 3850 3850 3849 3849 3847 3847 3845 3845 3843 3843 3842 3842 3840 3840 3858 3858 3856 3856 3856 3856 3853 3853 3851 3851 3850 3850 3847 3847 3846 3846 3845 3845 3842 3842 3840 3840 3840 3840 3856 3856 3851 3851 3850 3850 3846 3846 3845 3845 3840 3840 3851 3851 3850 3850 3850 3850 3845 3845 3840 3840 3839 3839 3840 3840 3818 3818 3818 3818 3840 3840 3819 3819 3840 3840 3841 3841 3819 3819 3819 3819 3841 3841 3820 3820 3841 3841 3842 3842 3820 3820 3820 3820 3842 3842 3821 3821 3842 3842 3843 3843 3821 3821 3821 3821 3843 3843 3822 3822 3843 3843 3844 3844 3822 3822 3822 3822 3844 3844 3823 3823 3844 3844 3845 3845 3823 3823 3823 3823 3845 3845 3824 3824 3845 3845 3846 3846 3824 3824 3824 3824 3846 3846 3825 3825 3846 3846 3847 3847 3825 3825 3825 3825 3847 3847 3826 3826 3847 3847 3848 3848 3826 3826 3826 3826 3848 3848 3827 3827 3848 3848 3849 3849 3827 3827 3827 3827 3849 3849 3828 3828 3849 3849 3850 3850 3828 3828 3828 3828 3850 3850 3829 3829 3850 3850 3851 3851 3829 3829 3829 3829 3851 3851 3830 3830 3851 3851 3852 3852 3830 3830 3830 3830 3852 3852 3831 3831 3852 3852 3853 3853 3831 3831 3831 3831 3853 3853 3832 3832 3853 3853 3854 3854 3832 3832 3832 3832 3854 3854 3833 3833 3854 3854 3855 3855 3833 3833 3833 3833 3855 3855 3834 3834 3855 3855 3856 3856 3834 3834 3834 3834 3856 3856 3835 3835 3856 3856 3857 3857 3835 3835 3835 3835 3857 3857 3836 3836 3857 3857 3858 3858 3836 3836 3836 3836 3858 3858 3837 3837 3859 3859 3839 3839 3838 3838 3838 3838 3839 3839 3818 3818 3858 3858 3859 3859 3837 3837 3837 3837 3859 3859 3838 3838 3861 3861 3860 3860 3863 3863 3863 3863 3862 3862 3861 3861 3867 3867 3864 3864 3865 3865 3865 3865 3866 3866 3867 3867 3865 3865 3864 3864 3861 3861 3861 3861 3864 3864 3860 3860 3866 3866 3865 3865 3862 3862 3862 3862 3865 3865 3861 3861 3864 3864 3867 3867 3860 3860 3860 3860 3867 3867 3863 3863 3867 3867 3866 3866 3863 3863 3863 3863 3866 3866 3862 3862 3869 3869 3868 3868 3871 3871 3871 3871 3870 3870 3869 3869 3875 3875 3872 3872 3873 3873 3873 3873 3874 3874 3875 3875 3873 3873 3872 3872 3869 3869 3869 3869 3872 3872 3868 3868 3874 3874 3873 3873 3870 3870 3870 3870 3873 3873 3869 3869 3872 3872 3875 3875 3868 3868 3868 3868 3875 3875 3871 3871 3875 3875 3874 3874 3871 3871 3871 3871 3874 3874 3870 3870 3878 3878 3879 3879 3876 3876 3876 3876 3877 3877 3878 3878 3880 3880 3883 3883 3882 3882 3882 3882 3881 3881 3880 3880 3880 3880 3881 3881 3876 3876 3876 3876 3881 3881 3877 3877 3881 3881 3882 3882 3877 3877 3877 3877 3882 3882 3878 3878 3883 3883 3880 3880 3879 3879 3879 3879 3880 3880 3876 3876 3882 3882 3883 3883 3878 3878 3878 3878 3883 3883 3879 3879 3894 3894 3895 3895 3884 3884 3892 3892 3893 3893 3894 3894 3890 3890 3891 3891 3892 3892 3888 3888 3889 3889 3890 3890 3886 3886 3887 3887 3888 3888 3894 3894 3884 3884 3885 3885 3890 3890 3892 3892 3894 3894 3886 3886 3888 3888 3890 3890 3894 3894 3885 3885 3886 3886 3886 3886 3890 3890 3894 3894 3896 3896 3907 3907 3906 3906 3906 3906 3905 3905 3904 3904 3904 3904 3903 3903 3902 3902 3902 3902 3901 3901 3900 3900 3900 3900 3899 3899 3898 3898 3897 3897 3896 3896 3906 3906 3906 3906 3904 3904 3902 3902 3902 3902 3900 3900 3898 3898 3898 3898 3897 3897 3906 3906 3906 3906 3902 3902 3898 3898 3896 3896 3897 3897 3884 3884 3884 3884 3897 3897 3885 3885 3897 3897 3898 3898 3885 3885 3885 3885 3898 3898 3886 3886 3898 3898 3899 3899 3886 3886 3886 3886 3899 3899 3887 3887 3899 3899 3900 3900 3887 3887 3887 3887 3900 3900 3888 3888 3900 3900 3901 3901 3888 3888 3888 3888 3901 3901 3889 3889 3901 3901 3902 3902 3889 3889 3889 3889 3902 3902 3890 3890 3902 3902 3903 3903 3890 3890 3890 3890 3903 3903 3891 3891 3903 3903 3904 3904 3891 3891 3891 3891 3904 3904 3892 3892 3904 3904 3905 3905 3892 3892 3892 3892 3905 3905 3893 3893 3905 3905 3906 3906 3893 3893 3893 3893 3906 3906 3894 3894 3907 3907 3896 3896 3895 3895 3895 3895 3896 3896 3884 3884 3906 3906 3907 3907 3894 3894 3894 3894 3907 3907 3895 3895 3911 3911 3912 3912 3908 3908 3909 3909 3910 3910 3911 3911 3911 3911 3908 3908 3909 3909 3913 3913 3917 3917 3916 3916 3916 3916 3915 3915 3914 3914 3914 3914 3913 3913 3916 3916 3913 3913 3914 3914 3908 3908 3908 3908 3914 3914 3909 3909 3914 3914 3915 3915 3909 3909 3909 3909 3915 3915 3910 3910 3915 3915 3916 3916 3910 3910 3910 3910 3916 3916 3911 3911 3917 3917 3913 3913 3912 3912 3912 3912 3913 3913 3908 3908 3916 3916 3917 3917 3911 3911 3911 3911 3917 3917 3912 3912 3920 3920 3919 3919 3918 3918 3922 3922 3921 3921 3920 3920 3924 3924 3923 3923 3922 3922 3920 3920 3918 3918 3924 3924 3924 3924 3922 3922 3920 3920 3925 3925 3926 3926 3927 3927 3927 3927 3928 3928 3929 3929 3929 3929 3930 3930 3931 3931 3931 3931 3925 3925 3927 3927 3927 3927 3929 3929 3931 3931 3926 3926 3925 3925 3919 3919 3919 3919 3925 3925 3918 3918 3927 3927 3926 3926 3920 3920 3920 3920 3926 3926 3919 3919 3928 3928 3927 3927 3921 3921 3921 3921 3927 3927 3920 3920 3929 3929 3928 3928 3922 3922 3922 3922 3928 3928 3921 3921 3930 3930 3929 3929 3923 3923 3923 3923 3929 3929 3922 3922 3925 3925 3931 3931 3918 3918 3918 3918 3931 3931 3924 3924 3931 3931 3930 3930 3924 3924 3924 3924 3930 3930 3923 3923 3933 3933 3932 3932 3936 3936 3935 3935 3934 3934 3933 3933 3933 3933 3936 3936 3935 3935 3941 3941 3937 3937 3938 3938 3938 3938 3939 3939 3940 3940 3940 3940 3941 3941 3938 3938 3938 3938 3937 3937 3933 3933 3933 3933 3937 3937 3932 3932 3939 3939 3938 3938 3934 3934 3934 3934 3938 3938 3933 3933 3940 3940 3939 3939 3935 3935 3935 3935 3939 3939 3934 3934 3937 3937 3941 3941 3932 3932 3932 3932 3941 3941 3936 3936 3941 3941 3940 3940 3936 3936 3936 3936 3940 3940 3935 3935 3945 3945 3946 3946 3942 3942 3943 3943 3944 3944 3945 3945 3945 3945 3942 3942 3943 3943 3947 3947 3951 3951 3950 3950 3950 3950 3949 3949 3948 3948 3948 3948 3947 3947 3950 3950 3947 3947 3948 3948 3942 3942 3942 3942 3948 3948 3943 3943 3948 3948 3949 3949 3943 3943 3943 3943 3949 3949 3944 3944 3949 3949 3950 3950 3944 3944 3944 3944 3950 3950 3945 3945 3951 3951 3947 3947 3946 3946 3946 3946 3947 3947 3942 3942 3950 3950 3951 3951 3945 3945 3945 3945 3951 3951 3946 3946 3953 3953 3952 3952 3974 3974 3956 3956 3955 3955 3954 3954 3958 3958 3957 3957 3956 3956 3960 3960 3959 3959 3958 3958 3965 3965 3964 3964 3963 3963 3967 3967 3966 3966 3965 3965 3969 3969 3968 3968 3967 3967 3973 3973 3972 3972 3971 3971 3953 3953 3974 3974 3973 3973 3958 3958 3956 3956 3954 3954 3967 3967 3965 3965 3963 3963 3970 3970 3969 3969 3967 3967 3953 3953 3973 3973 3971 3971 3958 3958 3954 3954 3953 3953 3967 3967 3963 3963 3962 3962 3971 3971 3970 3970 3967 3967 3960 3960 3958 3958 3953 3953 3971 3971 3967 3967 3962 3962 3961 3961 3960 3960 3953 3953 3953 3953 3971 3971 3962 3962 3962 3962 3961 3961 3953 3953 3997 3997 3975 3975 3976 3976 3977 3977 3978 3978 3979 3979 3979 3979 3980 3980 3981 3981 3981 3981 3982 3982 3983 3983 3986 3986 3987 3987 3988 3988 3988 3988 3989 3989 3990 3990 3990 3990 3991 3991 3992 3992 3994 3994 3995 3995 3996 3996 3996 3996 3997 3997 3976 3976 3977 3977 3979 3979 3981 3981 3986 3986 3988 3988 3990 3990 3990 3990 3992 3992 3993 3993 3994 3994 3996 3996 3976 3976 3976 3976 3977 3977 3981 3981 3985 3985 3986 3986 3990 3990 3990 3990 3993 3993 3994 3994 3976 3976 3981 3981 3983 3983 3985 3985 3990 3990 3994 3994 3976 3976 3983 3983 3984 3984 3985 3985 3994 3994 3976 3976 3976 3976 3984 3984 3985 3985 3976 3976 3975 3975 3953 3953 3953 3953 3975 3975 3952 3952 3977 3977 3976 3976 3954 3954 3954 3954 3976 3976 3953 3953 3978 3978 3977 3977 3955 3955 3955 3955 3977 3977 3954 3954 3979 3979 3978 3978 3956 3956 3956 3956 3978 3978 3955 3955 3980 3980 3979 3979 3957 3957 3957 3957 3979 3979 3956 3956 3981 3981 3980 3980 3958 3958 3958 3958 3980 3980 3957 3957 3982 3982 3981 3981 3959 3959 3959 3959 3981 3981 3958 3958 3983 3983 3982 3982 3960 3960 3960 3960 3982 3982 3959 3959 3984 3984 3983 3983 3961 3961 3961 3961 3983 3983 3960 3960 3985 3985 3984 3984 3962 3962 3962 3962 3984 3984 3961 3961 3986 3986 3985 3985 3963 3963 3963 3963 3985 3985 3962 3962 3987 3987 3986 3986 3964 3964 3964 3964 3986 3986 3963 3963 3988 3988 3987 3987 3965 3965 3965 3965 3987 3987 3964 3964 3989 3989 3988 3988 3966 3966 3966 3966 3988 3988 3965 3965 3990 3990 3989 3989 3967 3967 3967 3967 3989 3989 3966 3966 3991 3991 3990 3990 3968 3968 3968 3968 3990 3990 3967 3967 3992 3992 3991 3991 3969 3969 3969 3969 3991 3991 3968 3968 3993 3993 3992 3992 3970 3970 3970 3970 3992 3992 3969 3969 3994 3994 3993 3993 3971 3971 3971 3971 3993 3993 3970 3970 3995 3995 3994 3994 3972 3972 3972 3972 3994 3994 3971 3971 3996 3996 3995 3995 3973 3973 3973 3973 3995 3995 3972 3972 3975 3975 3997 3997 3952 3952 3952 3952 3997 3997 3974 3974 3997 3997 3996 3996 3974 3974 3974 3974 3996 3996 3973 3973 3999 3999 3998 3998 4010 4010 4001 4001 4000 4000 3999 3999 4003 4003 4002 4002 4001 4001 4006 4006 4005 4005 4004 4004 4008 4008 4007 4007 4006 4006 4010 4010 4009 4009 4008 4008 4001 4001 3999 3999 4010 4010 4004 4004 4003 4003 4001 4001 4008 4008 4006 4006 4004 4004 4001 4001 4010 4010 4008 4008 4008 4008 4004 4004 4001 4001 4023 4023 4011 4011 4012 4012 4012 4012 4013 4013 4014 4014 4014 4014 4015 4015 4016 4016 4017 4017 4018 4018 4019 4019 4019 4019 4020 4020 4021 4021 4021 4021 4022 4022 4023 4023 4023 4023 4012 4012 4014 4014 4014 4014 4016 4016 4017 4017 4017 4017 4019 4019 4021 4021 4021 4021 4023 4023 4014 4014 4014 4014 4017 4017 4021 4021 4012 4012 4011 4011 3999 3999 3999 3999 4011 4011 3998 3998 4013 4013 4012 4012 4000 4000 4000 4000 4012 4012 3999 3999 4014 4014 4013 4013 4001 4001 4001 4001 4013 4013 4000 4000 4015 4015 4014 4014 4002 4002 4002 4002 4014 4014 4001 4001 4016 4016 4015 4015 4003 4003 4003 4003 4015 4015 4002 4002 4017 4017 4016 4016 4004 4004 4004 4004 4016 4016 4003 4003 4018 4018 4017 4017 4005 4005 4005 4005 4017 4017 4004 4004 4019 4019 4018 4018 4006 4006 4006 4006 4018 4018 4005 4005 4020 4020 4019 4019 4007 4007 4007 4007 4019 4019 4006 4006 4021 4021 4020 4020 4008 4008 4008 4008 4020 4020 4007 4007 4022 4022 4021 4021 4009 4009 4009 4009 4021 4021 4008 4008 4011 4011 4023 4023 3998 3998 3998 3998 4023 4023 4010 4010 4023 4023 4022 4022 4010 4010 4010 4010 4022 4022 4009 4009 4025 4025 4024 4024 4052 4052 4027 4027 4026 4026 4025 4025 4029 4029 4028 4028 4027 4027 4032 4032 4031 4031 4030 4030 4036 4036 4035 4035 4034 4034 4039 4039 4038 4038 4037 4037 4041 4041 4040 4040 4039 4039 4043 4043 4042 4042 4041 4041 4046 4046 4045 4045 4044 4044 4050 4050 4049 4049 4048 4048 4052 4052 4051 4051 4050 4050 4030 4030 4029 4029 4027 4027 4033 4033 4032 4032 4030 4030 4041 4041 4039 4039 4037 4037 4044 4044 4043 4043 4041 4041 4047 4047 4046 4046 4044 4044 4052 4052 4050 4050 4048 4048 4030 4030 4027 4027 4025 4025 4041 4041 4037 4037 4036 4036 4047 4047 4044 4044 4041 4041 4025 4025 4052 4052 4048 4048 4033 4033 4030 4030 4025 4025 4041 4041 4036 4036 4034 4034 4048 4048 4047 4047 4041 4041 4033 4033 4025 4025 4048 4048 4048 4048 4041 4041 4034 4034 4034 4034 4033 4033 4048 4048 4081 4081 4053 4053 4054 4054 4054 4054 4055 4055 4056 4056 4056 4056 4057 4057 4058 4058 4059 4059 4060 4060 4061 4061 4063 4063 4064 4064 4065 4065 4066 4066 4067 4067 4068 4068 4068 4068 4069 4069 4070 4070 4070 4070 4071 4071 4072 4072 4073 4073 4074 4074 4075 4075 4077 4077 4078 4078 4079 4079 4079 4079 4080 4080 4081 4081 4056 4056 4058 4058 4059 4059 4059 4059 4061 4061 4062 4062 4066 4066 4068 4068 4070 4070 4070 4070 4072 4072 4073 4073 4073 4073 4075 4075 4076 4076 4077 4077 4079 4079 4081 4081 4054 4054 4056 4056 4059 4059 4065 4065 4066 4066 4070 4070 4070 4070 4073 4073 4076 4076 4077 4077 4081 4081 4054 4054 4054 4054 4059 4059 4062 4062 4063 4063 4065 4065 4070 4070 4070 4070 4076 4076 4077 4077 4077 4077 4054 4054 4062 4062 4063 4063 4070 4070 4077 4077 4077 4077 4062 4062 4063 4063 4054 4054 4053 4053 4025 4025 4025 4025 4053 4053 4024 4024 4055 4055 4054 4054 4026 4026 4026 4026 4054 4054 4025 4025 4056 4056 4055 4055 4027 4027 4027 4027 4055 4055 4026 4026 4057 4057 4056 4056 4028 4028 4028 4028 4056 4056 4027 4027 4058 4058 4057 4057 4029 4029 4029 4029 4057 4057 4028 4028 4059 4059 4058 4058 4030 4030 4030 4030 4058 4058 4029 4029 4060 4060 4059 4059 4031 4031 4031 4031 4059 4059 4030 4030 4061 4061 4060 4060 4032 4032 4032 4032 4060 4060 4031 4031 4062 4062 4061 4061 4033 4033 4033 4033 4061 4061 4032 4032 4063 4063 4062 4062 4034 4034 4034 4034 4062 4062 4033 4033 4064 4064 4063 4063 4035 4035 4035 4035 4063 4063 4034 4034 4065 4065 4064 4064 4036 4036 4036 4036 4064 4064 4035 4035 4066 4066 4065 4065 4037 4037 4037 4037 4065 4065 4036 4036 4067 4067 4066 4066 4038 4038 4038 4038 4066 4066 4037 4037 4068 4068 4067 4067 4039 4039 4039 4039 4067 4067 4038 4038 4069 4069 4068 4068 4040 4040 4040 4040 4068 4068 4039 4039 4070 4070 4069 4069 4041 4041 4041 4041 4069 4069 4040 4040 4071 4071 4070 4070 4042 4042 4042 4042 4070 4070 4041 4041 4072 4072 4071 4071 4043 4043 4043 4043 4071 4071 4042 4042 4073 4073 4072 4072 4044 4044 4044 4044 4072 4072 4043 4043 4074 4074 4073 4073 4045 4045 4045 4045 4073 4073 4044 4044 4075 4075 4074 4074 4046 4046 4046 4046 4074 4074 4045 4045 4076 4076 4075 4075 4047 4047 4047 4047 4075 4075 4046 4046 4077 4077 4076 4076 4048 4048 4048 4048 4076 4076 4047 4047 4078 4078 4077 4077 4049 4049 4049 4049 4077 4077 4048 4048 4079 4079 4078 4078 4050 4050 4050 4050 4078 4078 4049 4049 4080 4080 4079 4079 4051 4051 4051 4051 4079 4079 4050 4050 4053 4053 4081 4081 4024 4024 4024 4024 4081 4081 4052 4052 4081 4081 4080 4080 4052 4052 4052 4052 4080 4080 4051 4051 4083 4083 4082 4082 4117 4117 4086 4086 4085 4085 4084 4084 4090 4090 4089 4089 4088 4088 4092 4092 4091 4091 4090 4090 4095 4095 4094 4094 4093 4093 4097 4097 4096 4096 4095 4095 4099 4099 4098 4098 4097 4097 4101 4101 4100 4100 4099 4099 4103 4103 4102 4102 4101 4101 4106 4106 4105 4105 4104 4104 4108 4108 4107 4107 4106 4106 4111 4111 4110 4110 4109 4109 4115 4115 4114 4114 4113 4113 4117 4117 4116 4116 4115 4115 4087 4087 4086 4086 4084 4084 4092 4092 4090 4090 4088 4088 4097 4097 4095 4095 4093 4093 4103 4103 4101 4101 4099 4099 4108 4108 4106 4106 4104 4104 4112 4112 4111 4111 4109 4109 4117 4117 4115 4115 4113 4113 4087 4087 4084 4084 4083 4083 4092 4092 4088 4088 4087 4087 4099 4099 4097 4097 4093 4093 4108 4108 4104 4104 4103 4103 4112 4112 4109 4109 4108 4108 4083 4083 4117 4117 4113 4113 4092 4092 4087 4087 4083 4083 4099 4099 4093 4093 4092 4092 4112 4112 4108 4108 4103 4103 4083 4083 4113 4113 4112 4112 4099 4099 4092 4092 4083 4083 4083 4083 4112 4112 4103 4103 4103 4103 4099 4099 4083 4083 4153 4153 4118 4118 4119 4119 4120 4120 4121 4121 4122 4122 4124 4124 4125 4125 4126 4126 4126 4126 4127 4127 4128 4128 4129 4129 4130 4130 4131 4131 4131 4131 4132 4132 4133 4133 4133 4133 4134 4134 4135 4135 4135 4135 4136 4136 4137 4137 4137 4137 4138 4138 4139 4139 4140 4140 4141 4141 4142 4142 4142 4142 4143 4143 4144 4144 4145 4145 4146 4146 4147 4147 4149 4149 4150 4150 4151 4151 4151 4151 4152 4152 4153 4153 4120 4120 4122 4122 4123 4123 4124 4124 4126 4126 4128 4128 4129 4129 4131 4131 4133 4133 4135 4135 4137 4137 4139 4139 4140 4140 4142 4142 4144 4144 4145 4145 4147 4147 4148 4148 4149 4149 4151 4151 4153 4153 4119 4119 4120 4120 4123 4123 4123 4123 4124 4124 4128 4128 4129 4129 4133 4133 4135 4135 4139 4139 4140 4140 4144 4144 4144 4144 4145 4145 4148 4148 4149 4149 4153 4153 4119 4119 4119 4119 4123 4123 4128 4128 4128 4128 4129 4129 4135 4135 4139 4139 4144 4144 4148 4148 4148 4148 4149 4149 4119 4119 4119 4119 4128 4128 4135 4135 4139 4139 4148 4148 4119 4119 4119 4119 4135 4135 4139 4139 4119 4119 4118 4118 4083 4083 4083 4083 4118 4118 4082 4082 4120 4120 4119 4119 4084 4084 4084 4084 4119 4119 4083 4083 4121 4121 4120 4120 4085 4085 4085 4085 4120 4120 4084 4084 4122 4122 4121 4121 4086 4086 4086 4086 4121 4121 4085 4085 4123 4123 4122 4122 4087 4087 4087 4087 4122 4122 4086 4086 4124 4124 4123 4123 4088 4088 4088 4088 4123 4123 4087 4087 4125 4125 4124 4124 4089 4089 4089 4089 4124 4124 4088 4088 4126 4126 4125 4125 4090 4090 4090 4090 4125 4125 4089 4089 4127 4127 4126 4126 4091 4091 4091 4091 4126 4126 4090 4090 4128 4128 4127 4127 4092 4092 4092 4092 4127 4127 4091 4091 4129 4129 4128 4128 4093 4093 4093 4093 4128 4128 4092 4092 4130 4130 4129 4129 4094 4094 4094 4094 4129 4129 4093 4093 4131 4131 4130 4130 4095 4095 4095 4095 4130 4130 4094 4094 4132 4132 4131 4131 4096 4096 4096 4096 4131 4131 4095 4095 4133 4133 4132 4132 4097 4097 4097 4097 4132 4132 4096 4096 4134 4134 4133 4133 4098 4098 4098 4098 4133 4133 4097 4097 4135 4135 4134 4134 4099 4099 4099 4099 4134 4134 4098 4098 4136 4136 4135 4135 4100 4100 4100 4100 4135 4135 4099 4099 4137 4137 4136 4136 4101 4101 4101 4101 4136 4136 4100 4100 4138 4138 4137 4137 4102 4102 4102 4102 4137 4137 4101 4101 4139 4139 4138 4138 4103 4103 4103 4103 4138 4138 4102 4102 4140 4140 4139 4139 4104 4104 4104 4104 4139 4139 4103 4103 4141 4141 4140 4140 4105 4105 4105 4105 4140 4140 4104 4104 4142 4142 4141 4141 4106 4106 4106 4106 4141 4141 4105 4105 4143 4143 4142 4142 4107 4107 4107 4107 4142 4142 4106 4106 4144 4144 4143 4143 4108 4108 4108 4108 4143 4143 4107 4107 4145 4145 4144 4144 4109 4109 4109 4109 4144 4144 4108 4108 4146 4146 4145 4145 4110 4110 4110 4110 4145 4145 4109 4109 4147 4147 4146 4146 4111 4111 4111 4111 4146 4146 4110 4110 4148 4148 4147 4147 4112 4112 4112 4112 4147 4147 4111 4111 4149 4149 4148 4148 4113 4113 4113 4113 4148 4148 4112 4112 4150 4150 4149 4149 4114 4114 4114 4114 4149 4149 4113 4113 4151 4151 4150 4150 4115 4115 4115 4115 4150 4150 4114 4114 4152 4152 4151 4151 4116 4116 4116 4116 4151 4151 4115 4115 4118 4118 4153 4153 4082 4082 4082 4082 4153 4153 4117 4117 4153 4153 4152 4152 4117 4117 4117 4117 4152 4152 4116 4116 4155 4155 4154 4154 4169 4169 4157 4157 4156 4156 4155 4155 4160 4160 4159 4159 4158 4158 4163 4163 4162 4162 4161 4161 4167 4167 4166 4166 4165 4165 4155 4155 4169 4169 4168 4168 4160 4160 4158 4158 4157 4157 4164 4164 4163 4163 4161 4161 4167 4167 4165 4165 4164 4164 4157 4157 4155 4155 4168 4168 4161 4161 4160 4160 4157 4157 4167 4167 4164 4164 4161 4161 4161 4161 4157 4157 4168 4168 4168 4168 4167 4167 4161 4161 4185 4185 4170 4170 4171 4171 4171 4171 4172 4172 4173 4173 4174 4174 4175 4175 4176 4176 4177 4177 4178 4178 4179 4179 4181 4181 4182 4182 4183 4183 4184 4184 4185 4185 4171 4171 4173 4173 4174 4174 4176 4176 4177 4177 4179 4179 4180 4180 4180 4180 4181 4181 4183 4183 4184 4184 4171 4171 4173 4173 4173 4173 4176 4176 4177 4177 4177 4177 4180 4180 4183 4183 4184 4184 4173 4173 4177 4177 4177 4177 4183 4183 4184 4184 4171 4171 4170 4170 4155 4155 4155 4155 4170 4170 4154 4154 4172 4172 4171 4171 4156 4156 4156 4156 4171 4171 4155 4155 4173 4173 4172 4172 4157 4157 4157 4157 4172 4172 4156 4156 4174 4174 4173 4173 4158 4158 4158 4158 4173 4173 4157 4157 4175 4175 4174 4174 4159 4159 4159 4159 4174 4174 4158 4158 4176 4176 4175 4175 4160 4160 4160 4160 4175 4175 4159 4159 4177 4177 4176 4176 4161 4161 4161 4161 4176 4176 4160 4160 4178 4178 4177 4177 4162 4162 4162 4162 4177 4177 4161 4161 4179 4179 4178 4178 4163 4163 4163 4163 4178 4178 4162 4162 4180 4180 4179 4179 4164 4164 4164 4164 4179 4179 4163 4163 4181 4181 4180 4180 4165 4165 4165 4165 4180 4180 4164 4164 4182 4182 4181 4181 4166 4166 4166 4166 4181 4181 4165 4165 4183 4183 4182 4182 4167 4167 4167 4167 4182 4182 4166 4166 4184 4184 4183 4183 4168 4168 4168 4168 4183 4183 4167 4167 4170 4170 4185 4185 4154 4154 4154 4154 4185 4185 4169 4169 4185 4185 4184 4184 4169 4169 4169 4169 4184 4184 4168 4168 4189 4189 4188 4188 4187 4187 4192 4192 4191 4191 4190 4190 4195 4195 4194 4194 4193 4193 4198 4198 4197 4197 4196 4196 4200 4200 4199 4199 4198 4198 4203 4203 4202 4202 4201 4201 4190 4190 4189 4189 4187 4187 4193 4193 4192 4192 4190 4190 4196 4196 4195 4195 4193 4193 4200 4200 4198 4198 4196 4196 4186 4186 4203 4203 4201 4201 4193 4193 4190 4190 4187 4187 4201 4201 4200 4200 4196 4196 4193 4193 4187 4187 4186 4186 4186 4186 4201 4201 4196 4196 4196 4196 4193 4193 4186 4186 4205 4205 4206 4206 4207 4207 4208 4208 4209 4209 4210 4210 4211 4211 4212 4212 4213 4213 4214 4214 4215 4215 4216 4216 4216 4216 4217 4217 4218 4218 4219 4219 4220 4220 4221 4221 4205 4205 4207 4207 4208 4208 4208 4208 4210 4210 4211 4211 4211 4211 4213 4213 4214 4214 4214 4214 4216 4216 4218 4218 4219 4219 4221 4221 4204 4204 4205 4205 4208 4208 4211 4211 4214 4214 4218 4218 4219 4219 4204 4204 4205 4205 4211 4211 4214 4214 4219 4219 4204 4204 4204 4204 4211 4211 4214 4214 4205 4205 4204 4204 4187 4187 4187 4187 4204 4204 4186 4186 4206 4206 4205 4205 4188 4188 4188 4188 4205 4205 4187 4187 4207 4207 4206 4206 4189 4189 4189 4189 4206 4206 4188 4188 4208 4208 4207 4207 4190 4190 4190 4190 4207 4207 4189 4189 4209 4209 4208 4208 4191 4191 4191 4191 4208 4208 4190 4190 4210 4210 4209 4209 4192 4192 4192 4192 4209 4209 4191 4191 4211 4211 4210 4210 4193 4193 4193 4193 4210 4210 4192 4192 4212 4212 4211 4211 4194 4194 4194 4194 4211 4211 4193 4193 4213 4213 4212 4212 4195 4195 4195 4195 4212 4212 4194 4194 4214 4214 4213 4213 4196 4196 4196 4196 4213 4213 4195 4195 4215 4215 4214 4214 4197 4197 4197 4197 4214 4214 4196 4196 4216 4216 4215 4215 4198 4198 4198 4198 4215 4215 4197 4197 4217 4217 4216 4216 4199 4199 4199 4199 4216 4216 4198 4198 4218 4218 4217 4217 4200 4200 4200 4200 4217 4217 4199 4199 4219 4219 4218 4218 4201 4201 4201 4201 4218 4218 4200 4200 4220 4220 4219 4219 4202 4202 4202 4202 4219 4219 4201 4201 4204 4204 4221 4221 4186 4186 4186 4186 4221 4221 4203 4203 4221 4221 4220 4220 4203 4203 4203 4203 4220 4220 4202 4202 4223 4223 4222 4222 4246 4246 4228 4228 4227 4227 4226 4226 4231 4231 4230 4230 4229 4229 4234 4234 4233 4233 4232 4232 4236 4236 4235 4235 4234 4234 4239 4239 4238 4238 4237 4237 4241 4241 4240 4240 4239 4239 4243 4243 4242 4242 4241 4241 4223 4223 4246 4246 4245 4245 4228 4228 4226 4226 4225 4225 4232 4232 4231 4231 4229 4229 4237 4237 4236 4236 4234 4234 4241 4241 4239 4239 4237 4237 4244 4244 4243 4243 4241 4241 4223 4223 4245 4245 4244 4244 4229 4229 4228 4228 4225 4225 4234 4234 4232 4232 4229 4229 4241 4241 4237 4237 4234 4234 4223 4223 4244 4244 4241 4241 4234 4234 4229 4229 4225 4225 4223 4223 4241 4241 4234 4234 4234 4234 4225 4225 4224 4224 4224 4224 4223 4223 4234 4234 4271 4271 4247 4247 4248 4248 4251 4251 4252 4252 4253 4253 4254 4254 4255 4255 4256 4256 4257 4257 4258 4258 4259 4259 4259 4259 4260 4260 4261 4261 4262 4262 4263 4263 4264 4264 4264 4264 4265 4265 4266 4266 4266 4266 4267 4267 4268 4268 4270 4270 4271 4271 4248 4248 4250 4250 4251 4251 4253 4253 4254 4254 4256 4256 4257 4257 4259 4259 4261 4261 4262 4262 4262 4262 4264 4264 4266 4266 4266 4266 4268 4268 4269 4269 4269 4269 4270 4270 4248 4248 4250 4250 4253 4253 4254 4254 4254 4254 4257 4257 4259 4259 4259 4259 4262 4262 4266 4266 4266 4266 4269 4269 4248 4248 4250 4250 4254 4254 4259 4259 4259 4259 4266 4266 4248 4248 4249 4249 4250 4250 4259 4259 4259 4259 4248 4248 4249 4249 4248 4248 4247 4247 4223 4223 4223 4223 4247 4247 4222 4222 4249 4249 4248 4248 4224 4224 4224 4224 4248 4248 4223 4223 4250 4250 4249 4249 4225 4225 4225 4225 4249 4249 4224 4224 4251 4251 4250 4250 4226 4226 4226 4226 4250 4250 4225 4225 4252 4252 4251 4251 4227 4227 4227 4227 4251 4251 4226 4226 4253 4253 4252 4252 4228 4228 4228 4228 4252 4252 4227 4227 4254 4254 4253 4253 4229 4229 4229 4229 4253 4253 4228 4228 4255 4255 4254 4254 4230 4230 4230 4230 4254 4254 4229 4229 4256 4256 4255 4255 4231 4231 4231 4231 4255 4255 4230 4230 4257 4257 4256 4256 4232 4232 4232 4232 4256 4256 4231 4231 4258 4258 4257 4257 4233 4233 4233 4233 4257 4257 4232 4232 4259 4259 4258 4258 4234 4234 4234 4234 4258 4258 4233 4233 4260 4260 4259 4259 4235 4235 4235 4235 4259 4259 4234 4234 4261 4261 4260 4260 4236 4236 4236 4236 4260 4260 4235 4235 4262 4262 4261 4261 4237 4237 4237 4237 4261 4261 4236 4236 4263 4263 4262 4262 4238 4238 4238 4238 4262 4262 4237 4237 4264 4264 4263 4263 4239 4239 4239 4239 4263 4263 4238 4238 4265 4265 4264 4264 4240 4240 4240 4240 4264 4264 4239 4239 4266 4266 4265 4265 4241 4241 4241 4241 4265 4265 4240 4240 4267 4267 4266 4266 4242 4242 4242 4242 4266 4266 4241 4241 4268 4268 4267 4267 4243 4243 4243 4243 4267 4267 4242 4242 4269 4269 4268 4268 4244 4244 4244 4244 4268 4268 4243 4243 4270 4270 4269 4269 4245 4245 4245 4245 4269 4269 4244 4244 4247 4247 4271 4271 4222 4222 4222 4222 4271 4271 4246 4246 4271 4271 4270 4270 4246 4246 4246 4246 4270 4270 4245 4245 4273 4273 4272 4272 4280 4280 4276 4276 4275 4275 4274 4274 4278 4278 4277 4277 4276 4276 4273 4273 4280 4280 4279 4279 4276 4276 4274 4274 4273 4273 4273 4273 4279 4279 4278 4278 4278 4278 4276 4276 4273 4273 4289 4289 4281 4281 4282 4282 4283 4283 4284 4284 4285 4285 4285 4285 4286 4286 4287 4287 4288 4288 4289 4289 4282 4282 4282 4282 4283 4283 4285 4285 4287 4287 4288 4288 4282 4282 4282 4282 4285 4285 4287 4287 4282 4282 4281 4281 4273 4273 4273 4273 4281 4281 4272 4272 4283 4283 4282 4282 4274 4274 4274 4274 4282 4282 4273 4273 4284 4284 4283 4283 4275 4275 4275 4275 4283 4283 4274 4274 4285 4285 4284 4284 4276 4276 4276 4276 4284 4284 4275 4275 4286 4286 4285 4285 4277 4277 4277 4277 4285 4285 4276 4276 4287 4287 4286 4286 4278 4278 4278 4278 4286 4286 4277 4277 4288 4288 4287 4287 4279 4279 4279 4279 4287 4287 4278 4278 4281 4281 4289 4289 4272 4272 4272 4272 4289 4289 4280 4280 4289 4289 4288 4288 4280 4280 4280 4280 4288 4288 4279 4279 4292 4292 4293 4293 4290 4290 4290 4290 4291 4291 4292 4292 4294 4294 4297 4297 4296 4296 4296 4296 4295 4295 4294 4294 4294 4294 4295 4295 4290 4290 4290 4290 4295 4295 4291 4291 4295 4295 4296 4296 4291 4291 4291 4291 4296 4296 4292 4292 4297 4297 4294 4294 4293 4293 4293 4293 4294 4294 4290 4290 4296 4296 4297 4297 4292 4292 4292 4292 4297 4297 4293 4293 4302 4302 4303 4303 4298 4298 4300 4300 4301 4301 4302 4302 4298 4298 4299 4299 4300 4300 4300 4300 4302 4302 4298 4298 4304 4304 4309 4309 4308 4308 4308 4308 4307 4307 4306 4306 4306 4306 4305 4305 4304 4304 4304 4304 4308 4308 4306 4306 4304 4304 4305 4305 4298 4298 4298 4298 4305 4305 4299 4299 4305 4305 4306 4306 4299 4299 4299 4299 4306 4306 4300 4300 4306 4306 4307 4307 4300 4300 4300 4300 4307 4307 4301 4301 4307 4307 4308 4308 4301 4301 4301 4301 4308 4308 4302 4302 4309 4309 4304 4304 4303 4303 4303 4303 4304 4304 4298 4298 4308 4308 4309 4309 4302 4302 4302 4302 4309 4309 4303 4303 4312 4312 4313 4313 4310 4310 4310 4310 4311 4311 4312 4312 4314 4314 4317 4317 4316 4316 4316 4316 4315 4315 4314 4314 4314 4314 4315 4315 4310 4310 4310 4310 4315 4315 4311 4311 4315 4315 4316 4316 4311 4311 4311 4311 4316 4316 4312 4312 4317 4317 4314 4314 4313 4313 4313 4313 4314 4314 4310 4310 4316 4316 4317 4317 4312 4312 4312 4312 4317 4317 4313 4313 4319 4319 4318 4318 4325 4325 4321 4321 4320 4320 4319 4319 4325 4325 4324 4324 4323 4323 4322 4322 4321 4321 4319 4319 4325 4325 4323 4323 4322 4322 4322 4322 4319 4319 4325 4325 4333 4333 4326 4326 4327 4327 4327 4327 4328 4328 4329 4329 4331 4331 4332 4332 4333 4333 4327 4327 4329 4329 4330 4330 4330 4330 4331 4331 4333 4333 4333 4333 4327 4327 4330 4330 4327 4327 4326 4326 4319 4319 4319 4319 4326 4326 4318 4318 4328 4328 4327 4327 4320 4320 4320 4320 4327 4327 4319 4319 4329 4329 4328 4328 4321 4321 4321 4321 4328 4328 4320 4320 4330 4330 4329 4329 4322 4322 4322 4322 4329 4329 4321 4321 4331 4331 4330 4330 4323 4323 4323 4323 4330 4330 4322 4322 4332 4332 4331 4331 4324 4324 4324 4324 4331 4331 4323 4323 4326 4326 4333 4333 4318 4318 4318 4318 4333 4333 4325 4325 4333 4333 4332 4332 4325 4325 4325 4325 4332 4332 4324 4324 4336 4336 4337 4337 4334 4334 4334 4334 4335 4335 4336 4336 4338 4338 4341 4341 4340 4340 4340 4340 4339 4339 4338 4338 4338 4338 4339 4339 4334 4334 4334 4334 4339 4339 4335 4335 4339 4339 4340 4340 4335 4335 4335 4335 4340 4340 4336 4336 4341 4341 4338 4338 4337 4337 4337 4337 4338 4338 4334 4334 4340 4340 4341 4341 4336 4336 4336 4336 4341 4341 4337 4337 4345 4345 4346 4346 4342 4342 4343 4343 4344 4344 4345 4345 4345 4345 4342 4342 4343 4343 4347 4347 4351 4351 4350 4350 4350 4350 4349 4349 4348 4348 4348 4348 4347 4347 4350 4350 4347 4347 4348 4348 4342 4342 4342 4342 4348 4348 4343 4343 4348 4348 4349 4349 4343 4343 4343 4343 4349 4349 4344 4344 4349 4349 4350 4350 4344 4344 4344 4344 4350 4350 4345 4345 4351 4351 4347 4347 4346 4346 4346 4346 4347 4347 4342 4342 4350 4350 4351 4351 4345 4345 4345 4345 4351 4351 4346 4346 4353 4353 4352 4352 4356 4356 4355 4355 4354 4354 4353 4353 4353 4353 4356 4356 4355 4355 4361 4361 4357 4357 4358 4358 4358 4358 4359 4359 4360 4360 4360 4360 4361 4361 4358 4358 4358 4358 4357 4357 4353 4353 4353 4353 4357 4357 4352 4352 4359 4359 4358 4358 4354 4354 4354 4354 4358 4358 4353 4353 4360 4360 4359 4359 4355 4355 4355 4355 4359 4359 4354 4354 4357 4357 4361 4361 4352 4352 4352 4352 4361 4361 4356 4356 4361 4361 4360 4360 4356 4356 4356 4356 4360 4360 4355 4355 4363 4363 4362 4362 4366 4366 4365 4365 4364 4364 4363 4363 4363 4363 4366 4366 4365 4365 4371 4371 4367 4367 4368 4368 4368 4368 4369 4369 4370 4370 4370 4370 4371 4371 4368 4368 4368 4368 4367 4367 4363 4363 4363 4363 4367 4367 4362 4362 4369 4369 4368 4368 4364 4364 4364 4364 4368 4368 4363 4363 4370 4370 4369 4369 4365 4365 4365 4365 4369 4369 4364 4364 4367 4367 4371 4371 4362 4362 4362 4362 4371 4371 4366 4366 4371 4371 4370 4370 4366 4366 4366 4366 4370 4370 4365 4365 4374 4374 4373 4373 4372 4372 4376 4376 4375 4375 4374 4374 4372 4372 4377 4377 4376 4376 4376 4376 4374 4374 4372 4372 4378 4378 4379 4379 4380 4380 4380 4380 4381 4381 4382 4382 4382 4382 4383 4383 4378 4378 4378 4378 4380 4380 4382 4382 4379 4379 4378 4378 4373 4373 4373 4373 4378 4378 4372 4372 4380 4380 4379 4379 4374 4374 4374 4374 4379 4379 4373 4373 4381 4381 4380 4380 4375 4375 4375 4375 4380 4380 4374 4374 4382 4382 4381 4381 4376 4376 4376 4376 4381 4381 4375 4375 4378 4378 4383 4383 4372 4372 4372 4372 4383 4383 4377 4377 4383 4383 4382 4382 4377 4377 4377 4377 4382 4382 4376 4376 4385 4385 4384 4384 4388 4388 4387 4387 4386 4386 4385 4385 4385 4385 4388 4388 4387 4387 4393 4393 4389 4389 4390 4390 4390 4390 4391 4391 4392 4392 4392 4392 4393 4393 4390 4390 4390 4390 4389 4389 4385 4385 4385 4385 4389 4389 4384 4384 4391 4391 4390 4390 4386 4386 4386 4386 4390 4390 4385 4385 4392 4392 4391 4391 4387 4387 4387 4387 4391 4391 4386 4386 4389 4389 4393 4393 4384 4384 4384 4384 4393 4393 4388 4388 4393 4393 4392 4392 4388 4388 4388 4388 4392 4392 4387 4387 4397 4397 4398 4398 4394 4394 4395 4395 4396 4396 4397 4397 4397 4397 4394 4394 4395 4395 4399 4399 4403 4403 4402 4402 4402 4402 4401 4401 4400 4400 4400 4400 4399 4399 4402 4402 4399 4399 4400 4400 4394 4394 4394 4394 4400 4400 4395 4395 4400 4400 4401 4401 4395 4395 4395 4395 4401 4401 4396 4396 4401 4401 4402 4402 4396 4396 4396 4396 4402 4402 4397 4397 4403 4403 4399 4399 4398 4398 4398 4398 4399 4399 4394 4394 4402 4402 4403 4403 4397 4397 4397 4397 4403 4403 4398 4398 4406 4406 4407 4407 4404 4404 4404 4404 4405 4405 4406 4406 4408 4408 4411 4411 4410 4410 4410 4410 4409 4409 4408 4408 4408 4408 4409 4409 4404 4404 4404 4404 4409 4409 4405 4405 4409 4409 4410 4410 4405 4405 4405 4405 4410 4410 4406 4406 4411 4411 4408 4408 4407 4407 4407 4407 4408 4408 4404 4404 4410 4410 4411 4411 4406 4406 4406 4406 4411 4411 4407 4407 4414 4414 4415 4415 4412 4412 4412 4412 4413 4413 4414 4414 4416 4416 4419 4419 4418 4418 4418 4418 4417 4417 4416 4416 4416 4416 4417 4417 4412 4412 4412 4412 4417 4417 4413 4413 4417 4417 4418 4418 4413 4413 4413 4413 4418 4418 4414 4414 4419 4419 4416 4416 4415 4415 4415 4415 4416 4416 4412 4412 4418 4418 4419 4419 4414 4414 4414 4414 4419 4419 4415 4415 4422 4422 4423 4423 4420 4420 4420 4420 4421 4421 4422 4422 4424 4424 4427 4427 4426 4426 4426 4426 4425 4425 4424 4424 4424 4424 4425 4425 4420 4420 4420 4420 4425 4425 4421 4421 4425 4425 4426 4426 4421 4421 4421 4421 4426 4426 4422 4422 4427 4427 4424 4424 4423 4423 4423 4423 4424 4424 4420 4420 4426 4426 4427 4427 4422 4422 4422 4422 4427 4427 4423 4423 4430 4430 4431 4431 4428 4428 4428 4428 4429 4429 4430 4430 4432 4432 4435 4435 4434 4434 4434 4434 4433 4433 4432 4432 4432 4432 4433 4433 4428 4428 4428 4428 4433 4433 4429 4429 4433 4433 4434 4434 4429 4429 4429 4429 4434 4434 4430 4430 4435 4435 4432 4432 4431 4431 4431 4431 4432 4432 4428 4428 4434 4434 4435 4435 4430 4430 4430 4430 4435 4435 4431 4431 4438 4438 4439 4439 4436 4436 4436 4436 4437 4437 4438 4438 4440 4440 4443 4443 4442 4442 4442 4442 4441 4441 4440 4440 4440 4440 4441 4441 4436 4436 4436 4436 4441 4441 4437 4437 4441 4441 4442 4442 4437 4437 4437 4437 4442 4442 4438 4438 4443 4443 4440 4440 4439 4439 4439 4439 4440 4440 4436 4436 4442 4442 4443 4443 4438 4438 4438 4438 4443 4443 4439 4439 4446 4446 4447 4447 4444 4444 4444 4444 4445 4445 4446 4446 4448 4448 4451 4451 4450 4450 4450 4450 4449 4449 4448 4448 4448 4448 4449 4449 4444 4444 4444 4444 4449 4449 4445 4445 4449 4449 4450 4450 4445 4445 4445 4445 4450 4450 4446 4446 4451 4451 4448 4448 4447 4447 4447 4447 4448 4448 4444 4444 4450 4450 4451 4451 4446 4446 4446 4446 4451 4451 4447 4447 4454 4454 4455 4455 4452 4452 4452 4452 4453 4453 4454 4454 4456 4456 4459 4459 4458 4458 4458 4458 4457 4457 4456 4456 4456 4456 4457 4457 4452 4452 4452 4452 4457 4457 4453 4453 4457 4457 4458 4458 4453 4453 4453 4453 4458 4458 4454 4454 4459 4459 4456 4456 4455 4455 4455 4455 4456 4456 4452 4452 4458 4458 4459 4459 4454 4454 4454 4454 4459 4459 4455 4455 4478 4478 4479 4479 4460 4460 4476 4476 4477 4477 4478 4478 4474 4474 4475 4475 4476 4476 4470 4470 4471 4471 4472 4472 4466 4466 4467 4467 4468 4468 4462 4462 4463 4463 4464 4464 4478 4478 4460 4460 4461 4461 4474 4474 4476 4476 4478 4478 4469 4469 4470 4470 4472 4472 4465 4465 4466 4466 4468 4468 4461 4461 4462 4462 4464 4464 4473 4473 4474 4474 4478 4478 4468 4468 4469 4469 4472 4472 4464 4464 4465 4465 4468 4468 4478 4478 4461 4461 4464 4464 4472 4472 4473 4473 4478 4478 4464 4464 4468 4468 4472 4472 4472 4472 4478 4478 4464 4464 4480 4480 4499 4499 4498 4498 4498 4498 4497 4497 4496 4496 4496 4496 4495 4495 4494 4494 4492 4492 4491 4491 4490 4490 4488 4488 4487 4487 4486 4486 4484 4484 4483 4483 4482 4482 4481 4481 4480 4480 4498 4498 4498 4498 4496 4496 4494 4494 4492 4492 4490 4490 4489 4489 4488 4488 4486 4486 4485 4485 4484 4484 4482 4482 4481 4481 4498 4498 4494 4494 4493 4493 4492 4492 4489 4489 4488 4488 4488 4488 4485 4485 4484 4484 4484 4484 4481 4481 4498 4498 4498 4498 4493 4493 4492 4492 4492 4492 4488 4488 4484 4484 4484 4484 4498 4498 4492 4492 4480 4480 4481 4481 4460 4460 4460 4460 4481 4481 4461 4461 4481 4481 4482 4482 4461 4461 4461 4461 4482 4482 4462 4462 4482 4482 4483 4483 4462 4462 4462 4462 4483 4483 4463 4463 4483 4483 4484 4484 4463 4463 4463 4463 4484 4484 4464 4464 4484 4484 4485 4485 4464 4464 4464 4464 4485 4485 4465 4465 4485 4485 4486 4486 4465 4465 4465 4465 4486 4486 4466 4466 4486 4486 4487 4487 4466 4466 4466 4466 4487 4487 4467 4467 4487 4487 4488 4488 4467 4467 4467 4467 4488 4488 4468 4468 4488 4488 4489 4489 4468 4468 4468 4468 4489 4489 4469 4469 4489 4489 4490 4490 4469 4469 4469 4469 4490 4490 4470 4470 4490 4490 4491 4491 4470 4470 4470 4470 4491 4491 4471 4471 4491 4491 4492 4492 4471 4471 4471 4471 4492 4492 4472 4472 4492 4492 4493 4493 4472 4472 4472 4472 4493 4493 4473 4473 4493 4493 4494 4494 4473 4473 4473 4473 4494 4494 4474 4474 4494 4494 4495 4495 4474 4474 4474 4474 4495 4495 4475 4475 4495 4495 4496 4496 4475 4475 4475 4475 4496 4496 4476 4476 4496 4496 4497 4497 4476 4476 4476 4476 4497 4497 4477 4477 4497 4497 4498 4498 4477 4477 4477 4477 4498 4498 4478 4478 4499 4499 4480 4480 4479 4479 4479 4479 4480 4480 4460 4460 4498 4498 4499 4499 4478 4478 4478 4478 4499 4499 4479 4479 4501 4501 4500 4500 4527 4527 4504 4504 4503 4503 4502 4502 4506 4506 4505 4505 4504 4504 4508 4508 4507 4507 4506 4506 4511 4511 4510 4510 4509 4509 4513 4513 4512 4512 4511 4511 4518 4518 4517 4517 4516 4516 4521 4521 4520 4520 4519 4519 4524 4524 4523 4523 4522 4522 4527 4527 4526 4526 4525 4525 4502 4502 4501 4501 4527 4527 4508 4508 4506 4506 4504 4504 4513 4513 4511 4511 4509 4509 4518 4518 4516 4516 4515 4515 4522 4522 4521 4521 4519 4519 4525 4525 4524 4524 4522 4522 4502 4502 4527 4527 4525 4525 4508 4508 4504 4504 4502 4502 4514 4514 4513 4513 4509 4509 4519 4519 4518 4518 4515 4515 4502 4502 4525 4525 4522 4522 4509 4509 4508 4508 4502 4502 4522 4522 4519 4519 4515 4515 4514 4514 4509 4509 4502 4502 4502 4502 4522 4522 4515 4515 4515 4515 4514 4514 4502 4502 4555 4555 4528 4528 4529 4529 4530 4530 4531 4531 4532 4532 4532 4532 4533 4533 4534 4534 4534 4534 4535 4535 4536 4536 4537 4537 4538 4538 4539 4539 4539 4539 4540 4540 4541 4541 4544 4544 4545 4545 4546 4546 4547 4547 4548 4548 4549 4549 4550 4550 4551 4551 4552 4552 4553 4553 4554 4554 4555 4555 4555 4555 4529 4529 4530 4530 4532 4532 4534 4534 4536 4536 4537 4537 4539 4539 4541 4541 4543 4543 4544 4544 4546 4546 4547 4547 4549 4549 4550 4550 4550 4550 4552 4552 4553 4553 4553 4553 4555 4555 4530 4530 4530 4530 4532 4532 4536 4536 4537 4537 4541 4541 4542 4542 4543 4543 4546 4546 4547 4547 4550 4550 4553 4553 4530 4530 4530 4530 4536 4536 4537 4537 4543 4543 4547 4547 4550 4550 4530 4530 4537 4537 4542 4542 4543 4543 4550 4550 4530 4530 4530 4530 4542 4542 4543 4543 4529 4529 4528 4528 4501 4501 4501 4501 4528 4528 4500 4500 4530 4530 4529 4529 4502 4502 4502 4502 4529 4529 4501 4501 4531 4531 4530 4530 4503 4503 4503 4503 4530 4530 4502 4502 4532 4532 4531 4531 4504 4504 4504 4504 4531 4531 4503 4503 4533 4533 4532 4532 4505 4505 4505 4505 4532 4532 4504 4504 4534 4534 4533 4533 4506 4506 4506 4506 4533 4533 4505 4505 4535 4535 4534 4534 4507 4507 4507 4507 4534 4534 4506 4506 4536 4536 4535 4535 4508 4508 4508 4508 4535 4535 4507 4507 4537 4537 4536 4536 4509 4509 4509 4509 4536 4536 4508 4508 4538 4538 4537 4537 4510 4510 4510 4510 4537 4537 4509 4509 4539 4539 4538 4538 4511 4511 4511 4511 4538 4538 4510 4510 4540 4540 4539 4539 4512 4512 4512 4512 4539 4539 4511 4511 4541 4541 4540 4540 4513 4513 4513 4513 4540 4540 4512 4512 4542 4542 4541 4541 4514 4514 4514 4514 4541 4541 4513 4513 4543 4543 4542 4542 4515 4515 4515 4515 4542 4542 4514 4514 4544 4544 4543 4543 4516 4516 4516 4516 4543 4543 4515 4515 4545 4545 4544 4544 4517 4517 4517 4517 4544 4544 4516 4516 4546 4546 4545 4545 4518 4518 4518 4518 4545 4545 4517 4517 4547 4547 4546 4546 4519 4519 4519 4519 4546 4546 4518 4518 4548 4548 4547 4547 4520 4520 4520 4520 4547 4547 4519 4519 4549 4549 4548 4548 4521 4521 4521 4521 4548 4548 4520 4520 4550 4550 4549 4549 4522 4522 4522 4522 4549 4549 4521 4521 4551 4551 4550 4550 4523 4523 4523 4523 4550 4550 4522 4522 4552 4552 4551 4551 4524 4524 4524 4524 4551 4551 4523 4523 4553 4553 4552 4552 4525 4525 4525 4525 4552 4552 4524 4524 4554 4554 4553 4553 4526 4526 4526 4526 4553 4553 4525 4525 4528 4528 4555 4555 4500 4500 4500 4500 4555 4555 4527 4527 4555 4555 4554 4554 4527 4527 4527 4527 4554 4554 4526 4526 4557 4557 4556 4556 4583 4583 4560 4560 4559 4559 4558 4558 4563 4563 4562 4562 4561 4561 4565 4565 4564 4564 4563 4563 4567 4567 4566 4566 4565 4565 4570 4570 4569 4569 4568 4568 4572 4572 4571 4571 4570 4570 4574 4574 4573 4573 4572 4572 4578 4578 4577 4577 4576 4576 4582 4582 4581 4581 4580 4580 4557 4557 4583 4583 4582 4582 4561 4561 4560 4560 4558 4558 4567 4567 4565 4565 4563 4563 4572 4572 4570 4570 4568 4568 4575 4575 4574 4574 4572 4572 4579 4579 4578 4578 4576 4576 4557 4557 4582 4582 4580 4580 4561 4561 4558 4558 4557 4557 4567 4567 4563 4563 4561 4561 4572 4572 4568 4568 4567 4567 4580 4580 4579 4579 4576 4576 4561 4561 4557 4557 4580 4580 4572 4572 4567 4567 4561 4561 4561 4561 4580 4580 4576 4576 4575 4575 4572 4572 4561 4561 4561 4561 4576 4576 4575 4575 4611 4611 4584 4584 4585 4585 4586 4586 4587 4587 4588 4588 4589 4589 4590 4590 4591 4591 4591 4591 4592 4592 4593 4593 4593 4593 4594 4594 4595 4595 4596 4596 4597 4597 4598 4598 4598 4598 4599 4599 4600 4600 4600 4600 4601 4601 4602 4602 4604 4604 4605 4605 4606 4606 4608 4608 4609 4609 4610 4610 4610 4610 4611 4611 4585 4585 4586 4586 4588 4588 4589 4589 4591 4591 4593 4593 4595 4595 4596 4596 4598 4598 4600 4600 4600 4600 4602 4602 4603 4603 4604 4604 4606 4606 4607 4607 4608 4608 4610 4610 4585 4585 4585 4585 4586 4586 4589 4589 4589 4589 4591 4591 4595 4595 4595 4595 4596 4596 4600 4600 4604 4604 4607 4607 4608 4608 4608 4608 4585 4585 4589 4589 4589 4589 4595 4595 4600 4600 4604 4604 4608 4608 4589 4589 4589 4589 4600 4600 4603 4603 4603 4603 4604 4604 4589 4589 4585 4585 4584 4584 4557 4557 4557 4557 4584 4584 4556 4556 4586 4586 4585 4585 4558 4558 4558 4558 4585 4585 4557 4557 4587 4587 4586 4586 4559 4559 4559 4559 4586 4586 4558 4558 4588 4588 4587 4587 4560 4560 4560 4560 4587 4587 4559 4559 4589 4589 4588 4588 4561 4561 4561 4561 4588 4588 4560 4560 4590 4590 4589 4589 4562 4562 4562 4562 4589 4589 4561 4561 4591 4591 4590 4590 4563 4563 4563 4563 4590 4590 4562 4562 4592 4592 4591 4591 4564 4564 4564 4564 4591 4591 4563 4563 4593 4593 4592 4592 4565 4565 4565 4565 4592 4592 4564 4564 4594 4594 4593 4593 4566 4566 4566 4566 4593 4593 4565 4565 4595 4595 4594 4594 4567 4567 4567 4567 4594 4594 4566 4566 4596 4596 4595 4595 4568 4568 4568 4568 4595 4595 4567 4567 4597 4597 4596 4596 4569 4569 4569 4569 4596 4596 4568 4568 4598 4598 4597 4597 4570 4570 4570 4570 4597 4597 4569 4569 4599 4599 4598 4598 4571 4571 4571 4571 4598 4598 4570 4570 4600 4600 4599 4599 4572 4572 4572 4572 4599 4599 4571 4571 4601 4601 4600 4600 4573 4573 4573 4573 4600 4600 4572 4572 4602 4602 4601 4601 4574 4574 4574 4574 4601 4601 4573 4573 4603 4603 4602 4602 4575 4575 4575 4575 4602 4602 4574 4574 4604 4604 4603 4603 4576 4576 4576 4576 4603 4603 4575 4575 4605 4605 4604 4604 4577 4577 4577 4577 4604 4604 4576 4576 4606 4606 4605 4605 4578 4578 4578 4578 4605 4605 4577 4577 4607 4607 4606 4606 4579 4579 4579 4579 4606 4606 4578 4578 4608 4608 4607 4607 4580 4580 4580 4580 4607 4607 4579 4579 4609 4609 4608 4608 4581 4581 4581 4581 4608 4608 4580 4580 4610 4610 4609 4609 4582 4582 4582 4582 4609 4609 4581 4581 4584 4584 4611 4611 4556 4556 4556 4556 4611 4611 4583 4583 4611 4611 4610 4610 4583 4583 4583 4583 4610 4610 4582 4582 4613 4613 4612 4612 4616 4616 4615 4615 4614 4614 4613 4613 4613 4613 4616 4616 4615 4615 4621 4621 4617 4617 4618 4618 4618 4618 4619 4619 4620 4620 4620 4620 4621 4621 4618 4618 4618 4618 4617 4617 4613 4613 4613 4613 4617 4617 4612 4612 4619 4619 4618 4618 4614 4614 4614 4614 4618 4618 4613 4613 4620 4620 4619 4619 4615 4615 4615 4615 4619 4619 4614 4614 4617 4617 4621 4621 4612 4612 4612 4612 4621 4621 4616 4616 4621 4621 4620 4620 4616 4616 4616 4616 4620 4620 4615 4615 4623 4623 4624 4624 4625 4625 4625 4625 4622 4622 4623 4623 4629 4629 4628 4628 4627 4627 4627 4627 4626 4626 4629 4629 4626 4626 4627 4627 4622 4622 4622 4622 4627 4627 4623 4623 4627 4627 4628 4628 4623 4623 4623 4623 4628 4628 4624 4624 4629 4629 4626 4626 4625 4625 4625 4625 4626 4626 4622 4622 4628 4628 4629 4629 4624 4624 4624 4624 4629 4629 4625 4625 4631 4631 4630 4630 4634 4634 4633 4633 4632 4632 4631 4631 4631 4631 4634 4634 4633 4633 4639 4639 4635 4635 4636 4636 4636 4636 4637 4637 4638 4638 4638 4638 4639 4639 4636 4636 4636 4636 4635 4635 4631 4631 4631 4631 4635 4635 4630 4630 4637 4637 4636 4636 4632 4632 4632 4632 4636 4636 4631 4631 4638 4638 4637 4637 4633 4633 4633 4633 4637 4637 4632 4632 4635 4635 4639 4639 4630 4630 4630 4630 4639 4639 4634 4634 4639 4639 4638 4638 4634 4634 4634 4634 4638 4638 4633 4633 4641 4641 4642 4642 4643 4643 4643 4643 4640 4640 4641 4641 4647 4647 4646 4646 4645 4645 4645 4645 4644 4644 4647 4647 4644 4644 4645 4645 4640 4640 4640 4640 4645 4645 4641 4641 4645 4645 4646 4646 4641 4641 4641 4641 4646 4646 4642 4642 4647 4647 4644 4644 4643 4643 4643 4643 4644 4644 4640 4640 4646 4646 4647 4647 4642 4642 4642 4642 4647 4647 4643 4643 4649 4649 4648 4648 4675 4675 4652 4652 4651 4651 4650 4650 4654 4654 4653 4653 4652 4652 4656 4656 4655 4655 4654 4654 4659 4659 4658 4658 4657 4657 4661 4661 4660 4660 4659 4659 4666 4666 4665 4665 4664 4664 4669 4669 4668 4668 4667 4667 4672 4672 4671 4671 4670 4670 4675 4675 4674 4674 4673 4673 4650 4650 4649 4649 4675 4675 4656 4656 4654 4654 4652 4652 4661 4661 4659 4659 4657 4657 4666 4666 4664 4664 4663 4663 4670 4670 4669 4669 4667 4667 4673 4673 4672 4672 4670 4670 4650 4650 4675 4675 4673 4673 4656 4656 4652 4652 4650 4650 4662 4662 4661 4661 4657 4657 4667 4667 4666 4666 4663 4663 4650 4650 4673 4673 4670 4670 4657 4657 4656 4656 4650 4650 4670 4670 4667 4667 4663 4663 4662 4662 4657 4657 4650 4650 4650 4650 4670 4670 4663 4663 4663 4663 4662 4662 4650 4650 4703 4703 4676 4676 4677 4677 4678 4678 4679 4679 4680 4680 4680 4680 4681 4681 4682 4682 4682 4682 4683 4683 4684 4684 4685 4685 4686 4686 4687 4687 4687 4687 4688 4688 4689 4689 4692 4692 4693 4693 4694 4694 4695 4695 4696 4696 4697 4697 4698 4698 4699 4699 4700 4700 4701 4701 4702 4702 4703 4703 4703 4703 4677 4677 4678 4678 4680 4680 4682 4682 4684 4684 4685 4685 4687 4687 4689 4689 4691 4691 4692 4692 4694 4694 4695 4695 4697 4697 4698 4698 4698 4698 4700 4700 4701 4701 4701 4701 4703 4703 4678 4678 4678 4678 4680 4680 4684 4684 4685 4685 4689 4689 4690 4690 4691 4691 4694 4694 4695 4695 4698 4698 4701 4701 4678 4678 4678 4678 4684 4684 4685 4685 4691 4691 4695 4695 4698 4698 4678 4678 4685 4685 4690 4690 4691 4691 4698 4698 4678 4678 4678 4678 4690 4690 4691 4691 4677 4677 4676 4676 4649 4649 4649 4649 4676 4676 4648 4648 4678 4678 4677 4677 4650 4650 4650 4650 4677 4677 4649 4649 4679 4679 4678 4678 4651 4651 4651 4651 4678 4678 4650 4650 4680 4680 4679 4679 4652 4652 4652 4652 4679 4679 4651 4651 4681 4681 4680 4680 4653 4653 4653 4653 4680 4680 4652 4652 4682 4682 4681 4681 4654 4654 4654 4654 4681 4681 4653 4653 4683 4683 4682 4682 4655 4655 4655 4655 4682 4682 4654 4654 4684 4684 4683 4683 4656 4656 4656 4656 4683 4683 4655 4655 4685 4685 4684 4684 4657 4657 4657 4657 4684 4684 4656 4656 4686 4686 4685 4685 4658 4658 4658 4658 4685 4685 4657 4657 4687 4687 4686 4686 4659 4659 4659 4659 4686 4686 4658 4658 4688 4688 4687 4687 4660 4660 4660 4660 4687 4687 4659 4659 4689 4689 4688 4688 4661 4661 4661 4661 4688 4688 4660 4660 4690 4690 4689 4689 4662 4662 4662 4662 4689 4689 4661 4661 4691 4691 4690 4690 4663 4663 4663 4663 4690 4690 4662 4662 4692 4692 4691 4691 4664 4664 4664 4664 4691 4691 4663 4663 4693 4693 4692 4692 4665 4665 4665 4665 4692 4692 4664 4664 4694 4694 4693 4693 4666 4666 4666 4666 4693 4693 4665 4665 4695 4695 4694 4694 4667 4667 4667 4667 4694 4694 4666 4666 4696 4696 4695 4695 4668 4668 4668 4668 4695 4695 4667 4667 4697 4697 4696 4696 4669 4669 4669 4669 4696 4696 4668 4668 4698 4698 4697 4697 4670 4670 4670 4670 4697 4697 4669 4669 4699 4699 4698 4698 4671 4671 4671 4671 4698 4698 4670 4670 4700 4700 4699 4699 4672 4672 4672 4672 4699 4699 4671 4671 4701 4701 4700 4700 4673 4673 4673 4673 4700 4700 4672 4672 4702 4702 4701 4701 4674 4674 4674 4674 4701 4701 4673 4673 4676 4676 4703 4703 4648 4648 4648 4648 4703 4703 4675 4675 4703 4703 4702 4702 4675 4675 4675 4675 4702 4702 4674 4674 4710 4710 4711 4711 4704 4704 4708 4708 4709 4709 4710 4710 4706 4706 4707 4707 4708 4708 4710 4710 4704 4704 4705 4705 4706 4706 4708 4708 4710 4710 4710 4710 4705 4705 4706 4706 4712 4712 4719 4719 4718 4718 4718 4718 4717 4717 4716 4716 4716 4716 4715 4715 4714 4714 4713 4713 4712 4712 4718 4718 4718 4718 4716 4716 4714 4714 4714 4714 4713 4713 4718 4718 4712 4712 4713 4713 4704 4704 4704 4704 4713 4713 4705 4705 4713 4713 4714 4714 4705 4705 4705 4705 4714 4714 4706 4706 4714 4714 4715 4715 4706 4706 4706 4706 4715 4715 4707 4707 4715 4715 4716 4716 4707 4707 4707 4707 4716 4716 4708 4708 4716 4716 4717 4717 4708 4708 4708 4708 4717 4717 4709 4709 4717 4717 4718 4718 4709 4709 4709 4709 4718 4718 4710 4710 4719 4719 4712 4712 4711 4711 4711 4711 4712 4712 4704 4704 4718 4718 4719 4719 4710 4710 4710 4710 4719 4719 4711 4711 4722 4722 4723 4723 4720 4720 4720 4720 4721 4721 4722 4722 4724 4724 4727 4727 4726 4726 4726 4726 4725 4725 4724 4724 4724 4724 4725 4725 4720 4720 4720 4720 4725 4725 4721 4721 4725 4725 4726 4726 4721 4721 4721 4721 4726 4726 4722 4722 4727 4727 4724 4724 4723 4723 4723 4723 4724 4724 4720 4720 4726 4726 4727 4727 4722 4722 4722 4722 4727 4727 4723 4723 4729 4729 4728 4728 4755 4755 4732 4732 4731 4731 4730 4730 4735 4735 4734 4734 4733 4733 4737 4737 4736 4736 4735 4735 4739 4739 4738 4738 4737 4737 4742 4742 4741 4741 4740 4740 4744 4744 4743 4743 4742 4742 4746 4746 4745 4745 4744 4744 4750 4750 4749 4749 4748 4748 4754 4754 4753 4753 4752 4752 4729 4729 4755 4755 4754 4754 4733 4733 4732 4732 4730 4730 4739 4739 4737 4737 4735 4735 4744 4744 4742 4742 4740 4740 4747 4747 4746 4746 4744 4744 4751 4751 4750 4750 4748 4748 4729 4729 4754 4754 4752 4752 4733 4733 4730 4730 4729 4729 4739 4739 4735 4735 4733 4733 4744 4744 4740 4740 4739 4739 4752 4752 4751 4751 4748 4748 4733 4733 4729 4729 4752 4752 4744 4744 4739 4739 4733 4733 4733 4733 4752 4752 4748 4748 4747 4747 4744 4744 4733 4733 4733 4733 4748 4748 4747 4747 4783 4783 4756 4756 4757 4757 4758 4758 4759 4759 4760 4760 4761 4761 4762 4762 4763 4763 4763 4763 4764 4764 4765 4765 4765 4765 4766 4766 4767 4767 4768 4768 4769 4769 4770 4770 4770 4770 4771 4771 4772 4772 4772 4772 4773 4773 4774 4774 4776 4776 4777 4777 4778 4778 4780 4780 4781 4781 4782 4782 4782 4782 4783 4783 4757 4757 4758 4758 4760 4760 4761 4761 4763 4763 4765 4765 4767 4767 4768 4768 4770 4770 4772 4772 4772 4772 4774 4774 4775 4775 4776 4776 4778 4778 4779 4779 4780 4780 4782 4782 4757 4757 4757 4757 4758 4758 4761 4761 4761 4761 4763 4763 4767 4767 4767 4767 4768 4768 4772 4772 4776 4776 4779 4779 4780 4780 4780 4780 4757 4757 4761 4761 4761 4761 4767 4767 4772 4772 4776 4776 4780 4780 4761 4761 4761 4761 4772 4772 4775 4775 4775 4775 4776 4776 4761 4761 4757 4757 4756 4756 4729 4729 4729 4729 4756 4756 4728 4728 4758 4758 4757 4757 4730 4730 4730 4730 4757 4757 4729 4729 4759 4759 4758 4758 4731 4731 4731 4731 4758 4758 4730 4730 4760 4760 4759 4759 4732 4732 4732 4732 4759 4759 4731 4731 4761 4761 4760 4760 4733 4733 4733 4733 4760 4760 4732 4732 4762 4762 4761 4761 4734 4734 4734 4734 4761 4761 4733 4733 4763 4763 4762 4762 4735 4735 4735 4735 4762 4762 4734 4734 4764 4764 4763 4763 4736 4736 4736 4736 4763 4763 4735 4735 4765 4765 4764 4764 4737 4737 4737 4737 4764 4764 4736 4736 4766 4766 4765 4765 4738 4738 4738 4738 4765 4765 4737 4737 4767 4767 4766 4766 4739 4739 4739 4739 4766 4766 4738 4738 4768 4768 4767 4767 4740 4740 4740 4740 4767 4767 4739 4739 4769 4769 4768 4768 4741 4741 4741 4741 4768 4768 4740 4740 4770 4770 4769 4769 4742 4742 4742 4742 4769 4769 4741 4741 4771 4771 4770 4770 4743 4743 4743 4743 4770 4770 4742 4742 4772 4772 4771 4771 4744 4744 4744 4744 4771 4771 4743 4743 4773 4773 4772 4772 4745 4745 4745 4745 4772 4772 4744 4744 4774 4774 4773 4773 4746 4746 4746 4746 4773 4773 4745 4745 4775 4775 4774 4774 4747 4747 4747 4747 4774 4774 4746 4746 4776 4776 4775 4775 4748 4748 4748 4748 4775 4775 4747 4747 4777 4777 4776 4776 4749 4749 4749 4749 4776 4776 4748 4748 4778 4778 4777 4777 4750 4750 4750 4750 4777 4777 4749 4749 4779 4779 4778 4778 4751 4751 4751 4751 4778 4778 4750 4750 4780 4780 4779 4779 4752 4752 4752 4752 4779 4779 4751 4751 4781 4781 4780 4780 4753 4753 4753 4753 4780 4780 4752 4752 4782 4782 4781 4781 4754 4754 4754 4754 4781 4781 4753 4753 4756 4756 4783 4783 4728 4728 4728 4728 4783 4783 4755 4755 4783 4783 4782 4782 4755 4755 4755 4755 4782 4782 4754 4754 4790 4790 4791 4791 4784 4784 4788 4788 4789 4789 4790 4790 4786 4786 4787 4787 4788 4788 4790 4790 4784 4784 4785 4785 4786 4786 4788 4788 4790 4790 4790 4790 4785 4785 4786 4786 4792 4792 4799 4799 4798 4798 4798 4798 4797 4797 4796 4796 4796 4796 4795 4795 4794 4794 4793 4793 4792 4792 4798 4798 4798 4798 4796 4796 4794 4794 4794 4794 4793 4793 4798 4798 4792 4792 4793 4793 4784 4784 4784 4784 4793 4793 4785 4785 4793 4793 4794 4794 4785 4785 4785 4785 4794 4794 4786 4786 4794 4794 4795 4795 4786 4786 4786 4786 4795 4795 4787 4787 4795 4795 4796 4796 4787 4787 4787 4787 4796 4796 4788 4788 4796 4796 4797 4797 4788 4788 4788 4788 4797 4797 4789 4789 4797 4797 4798 4798 4789 4789 4789 4789 4798 4798 4790 4790 4799 4799 4792 4792 4791 4791 4791 4791 4792 4792 4784 4784 4798 4798 4799 4799 4790 4790 4790 4790 4799 4799 4791 4791</p>
        </triangles>
      </mesh>
    </geometry>
  </library_geometries>
  <library_materials>
    <material id="b78119d2df9944ec9da3ce84a466cdee" name="defaultmaterial">
      <instance_effect url="#e4e279a19b6a4f0c80c07a4a230a39ac"/>
    </material>
  </library_materials>
  <library_visual_scenes>
    <visual_scene id="scene">
      <node id="node0" name="node0">
        <instance_geometry url="#a19b45b78fdc41f492a0242ca4d1a5f9">
          <bind_material>
            <technique_common>
              <instance_material symbol="material0" target="#b78119d2df9944ec9da3ce84a466cdee"/>
            </technique_common>
          </bind_material>
        </instance_geometry>
      </node>
    </visual_scene>
  </library_visual_scenes>
  <scene>
    <instance_visual_scene url="#scene"/>
  </scene>
</COLLADA>
