{
  "type": "FeatureCollection",
  "features": [
    {
      "type": "Feature",
      "id": 229498778,
      "geometry": {
        "type": "Polygon",
        "coordinates": [
          [
            [
              24.662970900535583,
              59.399162176314405
            ],
            [
              24.6629735827446,
              59.39909663454943
            ],
            [
              24.6629735827446,
              59.399092538189116
            ],
            [
              24.662828743457794,
              59.39909117273568
            ],
            [
              24.66282606124878,
              59.39916081086097
            ],
            [
              24.662970900535583,
              59.399162176314405
            ]
          ]
        ]
      },
      "properties": {
        "extrude": "true",
        "height": 4.0,
        "min_height": 0.0,
        "iso_3166_1": "EE",
        "type": "service",
        "underground": "false"
      }
    },
    {
      "type": "Feature",
      "id": 246465176,
      "geometry": {
        "type": "Polygon",
        "coordinates": [
          [
            [
              24.664003551006317,
              59.398738885748905
            ],
            [
              24.664003551006317,
              59.39859687859144
            ],
            [
              24.663858711719513,
              59.39859687859144
            ],
            [
              24.663858711719513,
              59.398738885748905
            ],
            [
              24.664003551006317,
              59.398738885748905
            ]
          ]
        ]
      },
      "properties": {
        "extrude": "true",
        "height": 3.1,
        "min_height": 0.0,
        "iso_3166_1": "EE",
        "type": "garage",
        "underground": "false"
      }
    },
    {
      "type": "Feature",
      "id": 246465175,
      "geometry": {
        "type": "Polygon",
        "coordinates": [
          [
            [
              24.663915038108826,
              59.39881535114138
            ],
            [
              24.663915038108826,
              59.39874844392296
            ],
            [
              24.66370850801468,
              59.39874844392296
            ],
            [
              24.66370850801468,
              59.398813985687944
            ],
            [
              24.663915038108826,
              59.39881535114138
            ]
          ]
        ]
      },
      "properties": {
        "extrude": "true",
        "height": 3.1,
        "min_height": 0.0,
        "iso_3166_1": "EE",
        "type": "garage",
        "underground": "false"
      }
    },
    {
      "type": "Feature",
      "id": 26871301,
      "geometry": {
        "type": "Polygon",
        "coordinates": [
          [
            [
              24.663743376731873,
              59.39874025120234
            ],
            [
              24.663743376731873,
              59.398592782231134
            ],
            [
              24.66359853744507,
              59.398592782231134
            ],
            [
              24.66359853744507,
              59.39874025120234
            ],
            [
              24.663743376731873,
              59.39874025120234
            ]
          ]
        ]
      },
      "properties": {
        "extrude": "true",
        "height": 3.1,
        "min_height": 0.0,
        "iso_3166_1": "EE",
        "type": "garage",
        "underground": "false"
      }
    },
    {
      "type": "Feature",
      "id": 26871606,
      "geometry": {
        "type": "Polygon",
        "coordinates": [
          [
            [
              24.663496613502502,
              59.399167638128155
            ],
            [
              24.663496613502502,
              59.3990993654563
            ],
            [
              24.6629735827446,
              59.39909663454943
            ],
            [
              24.662970900535583,
              59.399162176314405
            ],
            [
              24.662970900535583,
              59.399164907221284
            ],
            [
              24.663496613502502,
              59.399167638128155
            ]
          ]
        ]
      },
      "properties": {
        "extrude": "true",
        "height": 3.0,
        "min_height": 0.0,
        "iso_3166_1": "EE",
        "type": "garages",
        "underground": "false"
      }
    },
    {
      "type": "Feature",
      "id": 26876247,
      "geometry": {
        "type": "Polygon",
        "coordinates": [
          [
            [
              24.664639234542847,
              59.39637118948894
            ],
            [
              24.664556086063385,
              59.396259222307094
            ],
            [
              24.66439515352249,
              59.396291082887295
            ],
            [
              24.66439515352249,
              59.39629062773615
            ],
            [
              24.66371387243271,
              59.396424442172986
            ],
            [
              24.66379702091217,
              59.39653640935483
            ],
            [
              24.66439515352249,
              59.39641898035924
            ],
            [
              24.66439515352249,
              59.39641867595879
            ],
            [
              24.664639234542847,
              59.39637118948894
            ]
          ]
        ]
      },
      "properties": {
        "extrude": "true",
        "height": 11.0,
        "min_height": 0.0,
        "iso_3166_1": "EE",
        "type": "industrial",
        "underground": "false"
      }
    },
    {
      "type": "Feature",
      "id": 68997002,
      "geometry": {
        "type": "Polygon",
        "coordinates": [
          [
            [
              24.664561450481415,
              59.39593424438906
            ],
            [
              24.664510488510132,
              59.39586460626377
            ],
            [
              24.66439515352249,
              59.39588669153358
            ],
            [
              24.66439515352249,
              59.39588645351876
            ],
            [
              24.664243635715984,
              59.395915705380176
            ],
            [
              24.66421812772751,
              59.39592058985469
            ],
            [
              24.66421812772751,
              59.39592062992443
            ],
            [
              24.663206934928894,
              59.3961158496962
            ],
            [
              24.663231074810028,
              59.39614725512525
            ],
            [
              24.663257896900177,
              59.39618548782149
            ],
            [
              24.664252996445118,
              59.39599312956846
            ],
            [
              24.664561450481415,
              59.39593424438906
            ]
          ]
        ]
      },
      "properties": {
        "extrude": "true",
        "height": 16.0,
        "min_height": 0.0,
        "iso_3166_1": "EE",
        "type": "dormitory",
        "underground": "false"
      }
    },
    {
      "type": "Feature",
      "id": 26856737,
      "geometry": {
        "type": "Polygon",
        "coordinates": [
          [
            [
              24.662954807281494,
              59.399003783715706
            ],
            [
              24.66295748949051,
              59.39888908562698
            ],
            [
              24.66295748949051,
              59.39885904565137
            ],
            [
              24.66278314590454,
              59.398857680197935
            ],
            [
              24.66267853975296,
              59.398857680197935
            ],
            [
              24.662675857543945,
              59.39900241826226
            ],
            [
              24.662954807281494,
              59.399003783715706
            ]
          ]
        ]
      },
      "properties": {
        "extrude": "true",
        "height": 5.0,
        "min_height": 0.0,
        "iso_3166_1": "EE",
        "type": "retail",
        "underground": "false"
      }
    },
    {
      "type": "Feature",
      "id": 14594008,
      "geometry": {
        "type": "Polygon",
        "coordinates": [
          [
            [
              24.664006233215332,
              59.398424831458364
            ],
            [
              24.664008915424347,
              59.39829784428871
            ],
            [
              24.664008915424347,
              59.39828555520778
            ],
            [
              24.663743376731873,
              59.39828418975434
            ],
            [
              24.663558304309845,
              59.39828282430091
            ],
            [
              24.663558304309845,
              59.39842210055149
            ],
            [
              24.664006233215332,
              59.398424831458364
            ]
          ]
        ]
      },
      "properties": {
        "extrude": "true",
        "height": 3.1,
        "min_height": 0.0,
        "iso_3166_1": "EE",
        "type": "commercial",
        "underground": "false"
      }
    },
    {
      "type": "Feature",
      "id": 26871619,
      "geometry": {
        "type": "Polygon",
        "coordinates": [
          [
            [
              24.662472009658813,
              59.39952265602181
            ],
            [
              24.66247469186783,
              59.399278239856564
            ],
            [
              24.662396907806396,
              59.399278239856564
            ],
            [
              24.662396907806396,
              59.39922908353283
            ],
            [
              24.662402272224426,
              59.398884989266676
            ],
            [
              24.66215819120407,
              59.398884989266676
            ],
            [
              24.662155508995056,
              59.39889181653386
            ],
            [
              24.66215282678604,
              59.39926321986876
            ],
            [
              24.662233293056488,
              59.39926321986876
            ],
            [
              24.662230610847473,
              59.399468037884326
            ],
            [
              24.662230610847473,
              59.39952129056837
            ],
            [
              24.662472009658813,
              59.39952265602181
            ]
          ]
        ]
      },
      "properties": {
        "extrude": "true",
        "height": 15.0,
        "min_height": 0.0,
        "iso_3166_1": "EE",
        "type": "apartments",
        "underground": "false"
      }
    },
    {
      "type": "Feature",
      "id": 26866484,
      "geometry": {
        "type": "Polygon",
        "coordinates": [
          [
            [
              24.66319888830185,
              59.39888908562698
            ],
            [
              24.663201570510864,
              59.39864876582205
            ],
            [
              24.663123786449432,
              59.39864876582205
            ],
            [
              24.663123786449432,
              59.398600974951755
            ],
            [
              24.663129150867462,
              59.39824868796498
            ],
            [
              24.662885069847107,
              59.39824732251154
            ],
            [
              24.662885069847107,
              59.39829920974215
            ],
            [
              24.662882387638092,
              59.39862964947393
            ],
            [
              24.662960171699524,
              59.39862964947393
            ],
            [
              24.66295748949051,
              59.3988344674895
            ],
            [
              24.66295748949051,
              59.39888908562698
            ],
            [
              24.66319888830185,
              59.39888908562698
            ]
          ]
        ]
      },
      "properties": {
        "extrude": "true",
        "height": 15.0,
        "min_height": 0.0,
        "iso_3166_1": "EE",
        "type": "apartments",
        "underground": "false"
      }
    },
    {
      "type": "Feature",
      "id": 229498777,
      "geometry": {
        "type": "Polygon",
        "coordinates": [
          [
            [
              24.664261043071747,
              59.39805342812347
            ],
            [
              24.66426372528076,
              59.39802611905473
            ],
            [
              24.66426372528076,
              59.39799744453255
            ],
            [
              24.66421812772751,
              59.39799744453255
            ],
            [
              24.664188623428345,
              59.39799744453255
            ],
            [
              24.66419130563736,
              59.3976574466267
            ],
            [
              24.66394990682602,
              59.3976574466267
            ],
            [
              24.66394990682602,
              59.39772162293825
            ],
            [
              24.663947224617004,
              59.39803431177535
            ],
            [
              24.66402769088745,
              59.39803431177535
            ],
            [
              24.66402769088745,
              59.39829101702153
            ],
            [
              24.664126932621002,
              59.39829101702153
            ],
            [
              24.66421812772751,
              59.39829194552986
            ],
            [
              24.66421812772751,
              59.39829238247496
            ],
            [
              24.664261043071747,
              59.39829238247496
            ],
            [
              24.664261043071747,
              59.39805342812347
            ]
          ]
        ]
      },
      "properties": {
        "extrude": "false",
        "height": 16.0,
        "min_height": 0.0,
        "iso_3166_1": "EE",
        "type": "apartments",
        "underground": "false"
      }
    },
    {
      "type": "Feature",
      "id": 872216175,
      "geometry": {
        "type": "Polygon",
        "coordinates": [
          [
            [
              24.664309322834015,
              59.399302818018434
            ],
            [
              24.66431200504303,
              59.398965551019465
            ],
            [
              24.66431200504303,
              59.398949165578216
            ],
            [
              24.66421812772751,
              59.398949165578216
            ],
            [
              24.66415911912918,
              59.398949165578216
            ],
            [
              24.66415911912918,
              59.39896828192634
            ],
            [
              24.66403305530548,
              59.39896828192634
            ],
            [
              24.66403305530548,
              59.399189485383154
            ],
            [
              24.66363877058029,
              59.399189485383154
            ],
            [
              24.66363877058029,
              59.39925093078782
            ],
            [
              24.66359853744507,
              59.39925093078782
            ],
            [
              24.66359853744507,
              59.39933422344748
            ],
            [
              24.66421812772751,
              59.39933552683486
            ],
            [
              24.66421812772751,
              59.399335588900925
            ],
            [
              24.664247632026672,
              59.399335588900925
            ],
            [
              24.664309322834015,
              59.399335588900925
            ],
            [
              24.664309322834015,
              59.399302818018434
            ]
          ]
        ]
      },
      "properties": {
        "extrude": "true",
        "height": 20.0,
        "min_height": 0.0,
        "iso_3166_1": "EE",
        "type": "apartments",
        "underground": "false"
      }
    },
    {
      "type": "Feature",
      "id": 26875982,
      "geometry": {
        "type": "Polygon",
        "coordinates": [
          [
            [
              24.66439515352249,
              59.39697198900127
            ],
            [
              24.66439515352249,
              59.396971810343814
            ],
            [
              24.66454267501831,
              59.39692829449128
            ],
            [
              24.66451585292816,
              59.396905081782855
            ],
            [
              24.664499759674072,
              59.39689006179505
            ],
            [
              24.66444343328476,
              59.39684227092474
            ],
            [
              24.66439515352249,
              59.396799259141474
            ],
            [
              24.66439515352249,
              59.39679857641476
            ],
            [
              24.664325416088104,
              59.39673713101009
            ],
            [
              24.664261043071747,
              59.396756247358205
            ],
            [
              24.664242267608643,
              59.3967412273704
            ],
            [
              24.664306640625,
              59.396723476475714
            ],
            [
              24.66421812772751,
              59.3966456456298
            ],
            [
              24.66421812772751,
              59.39664602966358
            ],
            [
              24.664134979248047,
              59.396573276597636
            ],
            [
              24.663856029510498,
              59.39665520380386
            ],
            [
              24.664030373096466,
              59.39680950004225
            ],
            [
              24.66409206390381,
              59.39679038369414
            ],
            [
              24.664108157157898,
              59.39680676913538
            ],
            [
              24.66404914855957,
              59.396824520030066
            ],
            [
              24.664051830768585,
              59.39682861639037
            ],
            [
              24.66419667005539,
              59.3969583344669
            ],
            [
              24.66421812772751,
              59.39697819560781
            ],
            [
              24.66421812772751,
              59.39697881626846
            ],
            [
              24.664255678653717,
              59.397012952604385
            ],
            [
              24.66439515352249,
              59.39697198900127
            ]
          ]
        ]
      },
      "properties": {
        "extrude": "false",
        "height": 15.0,
        "min_height": 3.0,
        "iso_3166_1": "EE",
        "type": "dormitory",
        "underground": "false"
      }
    },
    {
      "type": "Feature",
      "id": 114790596,
      "geometry": {
        "type": "Polygon",
        "coordinates": [
          [
            [
              24.66120332479477,
              59.39684090547131
            ],
            [
              24.661358892917633,
              59.396692071046665
            ],
            [
              24.66169685125351,
              59.39668934013979
            ],
            [
              24.66169685125351,
              59.39671938011541
            ],
            [
              24.661745131015778,
              59.39671938011541
            ],
            [
              24.661747813224792,
              59.39668797468635
            ],
            [
              24.662353992462158,
              59.39669070559323
            ],
            [
              24.662681221961975,
              59.39672757283603
            ],
            [
              24.662764370441437,
              59.39672620738259
            ],
            [
              24.662367403507233,
              59.396672954698545
            ],
            [
              24.661342799663544,
              59.396672954698545
            ],
            [
              24.66119796037674,
              59.39681769276288
            ],
            [
              24.66117113828659,
              59.39681632730944
            ],
            [
              24.66117113828659,
              59.39684090547131
            ],
            [
              24.66120332479477,
              59.39684090547131
            ]
          ]
        ]
      },
      "properties": {
        "extrude": "true",
        "height": 8.0,
        "min_height": 5.0,
        "iso_3166_1": "EE",
        "type": "bridge",
        "underground": "false"
      }
    },
    {
      "type": "Feature",
      "id": 80997761,
      "geometry": {
        "type": "Polygon",
        "coordinates": [
          [
            [
              24.662691950798035,
              59.397148132494664
            ],
            [
              24.662759006023407,
              59.3971276506931
            ],
            [
              24.662801921367645,
              59.39709487981061
            ],
            [
              24.662933349609375,
              59.3969952017097
            ],
            [
              24.66293603181839,
              59.39680267277507
            ],
            [
              24.662890434265137,
              59.39677672915976
            ],
            [
              24.662764370441437,
              59.39672620738259
            ],
            [
              24.662681221961975,
              59.39672757283603
            ],
            [
              24.66233253479004,
              59.39673440010321
            ],
            [
              24.66226816177368,
              59.39673576555665
            ],
            [
              24.662270843982697,
              59.396916005410354
            ],
            [
              24.66227352619171,
              59.396999298070014
            ],
            [
              24.662276208400726,
              59.397145401587785
            ],
            [
              24.66242104768753,
              59.39714676704122
            ],
            [
              24.66265171766281,
              59.39714676704122
            ],
            [
              24.662691950798035,
              59.397148132494664
            ]
          ]
        ]
      },
      "properties": {
        "extrude": "true",
        "height": 32.0,
        "min_height": 0.0,
        "iso_3166_1": "EE",
        "type": "university",
        "underground": "false"
      }
    },
    {
      "type": "Feature",
      "id": 26875935,
      "geometry": {
        "type": "Polygon",
        "coordinates": [
          [
            [
              24.662198424339294,
              59.39751953582956
            ],
            [
              24.662198424339294,
              59.39731335236055
            ],
            [
              24.661898016929626,
              59.39731335236055
            ],
            [
              24.66189533472061,
              59.39671938011541
            ],
            [
              24.661605656147003,
              59.39671938011541
            ],
            [
              24.661605656147003,
              59.39742258863552
            ],
            [
              24.661463499069214,
              59.39742258863552
            ],
            [
              24.661463499069214,
              59.39732154508118
            ],
            [
              24.661305248737335,
              59.39732154508118
            ],
            [
              24.661305248737335,
              59.39742805044927
            ],
            [
              24.661404490470886,
              59.39742805044927
            ],
            [
              24.661404490470886,
              59.39748949585394
            ],
            [
              24.661884605884552,
              59.39748949585394
            ],
            [
              24.661884605884552,
              59.39751953582956
            ],
            [
              24.662198424339294,
              59.39751953582956
            ]
          ]
        ]
      },
      "properties": {
        "extrude": "false",
        "height": 24.0,
        "min_height": 0.0,
        "iso_3166_1": "EE",
        "type": "university",
        "underground": "false"
      }
    },
    {
      "type": "Feature",
      "id": 26876137,
      "geometry": {
        "type": "Polygon",
        "coordinates": [
          [
            [
              24.664314687252045,
              59.39573761909412
            ],
            [
              24.66434955596924,
              59.395730791826935
            ],
            [
              24.664354920387268,
              59.395738984547556
            ],
            [
              24.664376378059387,
              59.39573488818724
            ],
            [
              24.66439515352249,
              59.39573761909412
            ],
            [
              24.66439515352249,
              59.39573713716938
            ],
            [
              24.66442197561264,
              59.39574035000099
            ],
            [
              24.664440751075745,
              59.395695290037565
            ],
            [
              24.66439515352249,
              59.39569119367726
            ],
            [
              24.66440588235855,
              59.39566934642226
            ],
            [
              24.664413928985596,
              59.39564749916727
            ],
            [
              24.66445952653885,
              59.39565296098102
            ],
            [
              24.664467573165894,
              59.3956338446329
            ],
            [
              24.664478302001953,
              59.39560517011072
            ],
            [
              24.664491713047028,
              59.39557786104198
            ],
            [
              24.664494395256042,
              59.395573764681664
            ],
            [
              24.664451479911804,
              59.39555328288011
            ],
            [
              24.664462208747864,
              59.39554782106636
            ],
            [
              24.664467573165894,
              59.395543724706044
            ],
            [
              24.66447025537491,
              59.39554235925261
            ],
            [
              24.66447561979294,
              59.3955382628923
            ],
            [
              24.664486348628998,
              59.3955273392648
            ],
            [
              24.664489030838013,
              59.39552187745105
            ],
            [
              24.664491713047028,
              59.39551505018387
            ],
            [
              24.664494395256042,
              59.39550549200981
            ],
            [
              24.664494395256042,
              59.395498664742625
            ],
            [
              24.664491713047028,
              59.39549183747544
            ],
            [
              24.664489030838013,
              59.39548637566169
            ],
            [
              24.664483666419983,
              59.39548091384794
            ],
            [
              24.66451585292816,
              59.395474086580755
            ],
            [
              24.664539992809296,
              59.395468624767005
            ],
            [
              24.664550721645355,
              59.3954426811517
            ],
            [
              24.664556086063385,
              59.39543448843108
            ],
            [
              24.6645587682724,
              59.39542766116389
            ],
            [
              24.664572179317474,
              59.3953948902814
            ],
            [
              24.66458022594452,
              59.39537167757297
            ],
            [
              24.66455340385437,
              59.395368946666096
            ],
            [
              24.664561450481415,
              59.395341637597355
            ],
            [
              24.66451585292816,
              59.395336175783605
            ],
            [
              24.664480984210968,
              59.39528838491331
            ],
            [
              24.664462208747864,
              59.39526380675144
            ],
            [
              24.66444343328476,
              59.39523786313613
            ],
            [
              24.66439515352249,
              59.39524750163098
            ],
            [
              24.66439515352249,
              59.395247421310195
            ],
            [
              24.664306640625,
              59.39526517220487
            ],
            [
              24.66421812772751,
              59.39528292309956
            ],
            [
              24.66421812772751,
              59.39528298660902
            ],
            [
              24.66419130563736,
              59.39528838491331
            ],
            [
              24.664210081100464,
              59.3953102321683
            ],
            [
              24.66420739889145,
              59.395311597621735
            ],
            [
              24.66414839029312,
              59.39532388670267
            ],
            [
              24.664126932621002,
              59.395327983062984
            ],
            [
              24.664110839366913,
              59.395330713969855
            ],
            [
              24.663990139961243,
              59.395355292131725
            ],
            [
              24.663963317871094,
              59.39535938849204
            ],
            [
              24.663957953453064,
              59.395360753945475
            ],
            [
              24.66401696205139,
              59.39543858479139
            ],
            [
              24.664011597633362,
              59.39543995024483
            ],
            [
              24.663995504379272,
              59.3954426811517
            ],
            [
              24.663893580436707,
              59.395463162953256
            ],
            [
              24.663920402526855,
              59.39549456838231
            ],
            [
              24.664019644260406,
              59.395474086580755
            ],
            [
              24.664019644260406,
              59.39547135567388
            ],
            [
              24.66403841972351,
              59.395468624767005
            ],
            [
              24.664089381694794,
              59.3955382628923
            ],
            [
              24.664094746112823,
              59.39554645561292
            ],
            [
              24.664116203784943,
              59.39556966832135
            ],
            [
              24.66417521238327,
              59.3956447682604
            ],
            [
              24.66419667005539,
              59.39563930644665
            ],
            [
              24.664220809936523,
              59.3956707118757
            ],
            [
              24.664226174354553,
              59.395676173689445
            ],
            [
              24.664244949817657,
              59.39570211730475
            ],
            [
              24.664277136325836,
              59.395744446361306
            ],
            [
              24.664314687252045,
              59.39573761909412
            ]
          ]
        ]
      },
      "properties": {
        "extrude": "false",
        "height": 22.0,
        "min_height": 0.0,
        "iso_3166_1": "EE",
        "type": "university",
        "underground": "false"
      }
    },
    {
      "type": "Feature",
      "id": 1203963338,
      "geometry": {
        "type": "Polygon",
        "coordinates": [
          [
            [
              24.664360284805298,
              59.39698291262877
            ],
            [
              24.66430127620697,
              59.396929659944725
            ],
            [
              24.66419667005539,
              59.3969583344669
            ],
            [
              24.66421812772751,
              59.39697819560781
            ],
            [
              24.66421812772751,
              59.39697881626846
            ],
            [
              24.664255678653717,
              59.397012952604385
            ],
            [
              24.664360284805298,
              59.39698291262877
            ]
          ]
        ]
      },
      "properties": {
        "type": "building:part",
        "extrude": "true",
        "height": 18.0,
        "min_height": 15.0,
        "iso_3166_1": "EE",
        "underground": "false",
        "building_id": 26875982
      }
    },
    {
      "type": "Feature",
      "id": 921837587,
      "geometry": {
        "type": "Polygon",
        "coordinates": [
          [
            [
              24.664320051670074,
              59.395543724706044
            ],
            [
              24.66429591178894,
              59.39550958837012
            ],
            [
              24.664252996444702,
              59.395517781090746
            ],
            [
              24.66427981853485,
              59.39555191742667
            ],
            [
              24.664320051670074,
              59.395543724706044
            ]
          ]
        ]
      },
      "properties": {
        "type": "building:part",
        "extrude": "true",
        "height": 20.0,
        "min_height": 18.0,
        "iso_3166_1": "EE",
        "underground": "false",
        "building_id": 26876137
      }
    },
    {
      "type": "Feature",
      "id": 1213036347,
      "geometry": {
        "type": "Polygon",
        "coordinates": [
          [
            [
              24.66363877058029,
              59.39925093078782
            ],
            [
              24.66363877058029,
              59.39920723627783
            ],
            [
              24.66359853744507,
              59.39920723627783
            ],
            [
              24.66359853744507,
              59.39925093078782
            ],
            [
              24.66363877058029,
              59.39925093078782
            ]
          ]
        ]
      },
      "properties": {
        "type": "building:part",
        "height": 3.0,
        "extrude": "true",
        "min_height": 0.0,
        "iso_3166_1": "EE",
        "underground": "false"
      }
    },
    {
      "type": "Feature",
      "id": 1237588991,
      "geometry": {
        "type": "Polygon",
        "coordinates": [
          [
            [
              24.66426372528076,
              59.39802611905473
            ],
            [
              24.66426372528076,
              59.39799744453255
            ],
            [
              24.66421812772751,
              59.39799744453255
            ],
            [
              24.664188623428345,
              59.39799744453255
            ],
            [
              24.664188623428345,
              59.39805342812347
            ],
            [
              24.66421812772751,
              59.39805342812347
            ],
            [
              24.664261043071747,
              59.39805342812347
            ],
            [
              24.66426372528076,
              59.39802611905473
            ]
          ]
        ]
      },
      "properties": {
        "type": "building:part",
        "extrude": "true",
        "height": 3.1,
        "min_height": 0.0,
        "iso_3166_1": "EE",
        "underground": "false",
        "building_id": 229498777
      }
    },
    {
      "type": "Feature",
      "id": 1203951825,
      "geometry": {
        "type": "Polygon",
        "coordinates": [
          [
            [
              24.66189533472061,
              59.39742258863552
            ],
            [
              24.66189533472061,
              59.39671938011541
            ],
            [
              24.661605656147003,
              59.39671938011541
            ],
            [
              24.661605656147003,
              59.39742258863552
            ],
            [
              24.66189533472061,
              59.39742258863552
            ]
          ]
        ]
      },
      "properties": {
        "type": "building:part",
        "extrude": "true",
        "height": 18.6,
        "min_height": 0.0,
        "iso_3166_1": "EE",
        "underground": "false",
        "building_id": 26875935
      }
    },
    {
      "type": "Feature",
      "id": 769754292,
      "geometry": {
        "type": "Polygon",
        "coordinates": [
          [
            [
              24.66439515352249,
              59.3955067209179
            ],
            [
              24.664419293403625,
              59.39553416653199
            ],
            [
              24.664451479911804,
              59.39555328288011
            ],
            [
              24.664462208747864,
              59.39554782106636
            ],
            [
              24.664467573165894,
              59.395543724706044
            ],
            [
              24.66447025537491,
              59.39554235925261
            ],
            [
              24.66447561979294,
              59.3955382628923
            ],
            [
              24.664486348628998,
              59.3955273392648
            ],
            [
              24.664489030838013,
              59.39552187745105
            ],
            [
              24.664491713047028,
              59.39551505018387
            ],
            [
              24.664494395256042,
              59.39550549200981
            ],
            [
              24.664494395256042,
              59.395498664742625
            ],
            [
              24.664491713047028,
              59.39549183747544
            ],
            [
              24.664489030838013,
              59.39548637566169
            ],
            [
              24.664483666419983,
              59.39548091384794
            ],
            [
              24.664478302001953,
              59.395474086580755
            ],
            [
              24.66447025537491,
              59.395468624767005
            ],
            [
              24.664462208747864,
              59.39546179749982
            ],
            [
              24.664451479911804,
              59.39545633568607
            ],
            [
              24.6644327044487,
              59.395449508418885
            ],
            [
              24.66441661119461,
              59.39544541205858
            ],
            [
              24.66439515352249,
              59.3954429845858
            ],
            [
              24.66439515352249,
              59.3954426811517
            ],
            [
              24.664392471313477,
              59.3954426811517
            ],
            [
              24.664365649223328,
              59.395441315698264
            ],
            [
              24.66434419155121,
              59.3954426811517
            ],
            [
              24.66433882713318,
              59.3954426811517
            ],
            [
              24.66439515352249,
              59.395506857463246
            ],
            [
              24.66439515352249,
              59.3955067209179
            ]
          ]
        ]
      },
      "properties": {
        "type": "building:part",
        "extrude": "true",
        "height": 18.0,
        "min_height": 0.0,
        "iso_3166_1": "EE",
        "underground": "false",
        "building_id": 26876137
      }
    },
    {
      "type": "Feature",
      "id": 769754284,
      "geometry": {
        "type": "Polygon",
        "coordinates": [
          [
            [
              24.664019644260406,
              59.39547135567388
            ],
            [
              24.664030373096466,
              59.39546999022044
            ],
            [
              24.66406524181366,
              59.395463162953256
            ],
            [
              24.664046466350555,
              59.39543721933795
            ],
            [
              24.664019644260406,
              59.3954426811517
            ],
            [
              24.663998186588287,
              59.395446777512014
            ],
            [
              24.664019644260406,
              59.39547135567388
            ]
          ]
        ]
      },
      "properties": {
        "type": "building:part",
        "extrude": "true",
        "height": 18.0,
        "min_height": 14.0,
        "iso_3166_1": "EE",
        "underground": "false",
        "building_id": 26876137
      }
    },
    {
      "type": "Feature",
      "id": 769754289,
      "geometry": {
        "type": "Polygon",
        "coordinates": [
          [
            [
              24.664376378059387,
              59.39573488818724
            ],
            [
              24.66439515352249,
              59.39573761909412
            ],
            [
              24.66439515352249,
              59.39573713716938
            ],
            [
              24.66442197561264,
              59.39574035000099
            ],
            [
              24.664440751075745,
              59.395695290037565
            ],
            [
              24.66439515352249,
              59.39569119367726
            ],
            [
              24.664368331432343,
              59.39568846277038
            ],
            [
              24.66434955596924,
              59.395730791826935
            ],
            [
              24.664354920387268,
              59.395738984547556
            ],
            [
              24.664376378059387,
              59.39573488818724
            ]
          ]
        ]
      },
      "properties": {
        "type": "building:part",
        "extrude": "true",
        "height": 18.0,
        "min_height": 0.0,
        "iso_3166_1": "EE",
        "underground": "false",
        "building_id": 26876137
      }
    },
    {
      "type": "Feature",
      "id": 769755916,
      "geometry": {
        "type": "Polygon",
        "coordinates": [
          [
            [
              24.664110839366913,
              59.395330713969855
            ],
            [
              24.664126932621002,
              59.395327983062984
            ],
            [
              24.66414839029312,
              59.39532388670267
            ],
            [
              24.66420739889145,
              59.395311597621735
            ],
            [
              24.66420203447342,
              59.39530613580799
            ],
            [
              24.664108157157898,
              59.395325252156105
            ],
            [
              24.664110839366913,
              59.395330713969855
            ]
          ]
        ]
      },
      "properties": {
        "extrude": "true",
        "height": 18.0,
        "min_height": 3.0,
        "iso_3166_1": "EE",
        "type": "building:part",
        "underground": "false"
      }
    },
    {
      "type": "Feature",
      "id": 769754290,
      "geometry": {
        "type": "Polygon",
        "coordinates": [
          [
            [
              24.664480984210968,
              59.39528838491331
            ],
            [
              24.664462208747864,
              59.39526380675144
            ],
            [
              24.66444343328476,
              59.39523786313613
            ],
            [
              24.66439515352249,
              59.39524750163098
            ],
            [
              24.66439515352249,
              59.395247421310195
            ],
            [
              24.664306640625,
              59.39526517220487
            ],
            [
              24.66421812772751,
              59.39528292309956
            ],
            [
              24.66421812772751,
              59.39528298660902
            ],
            [
              24.66419130563736,
              59.39528838491331
            ],
            [
              24.664210081100464,
              59.3953102321683
            ],
            [
              24.664236903190613,
              59.39530613580799
            ],
            [
              24.664258360862732,
              59.395333444876734
            ],
            [
              24.66439515352249,
              59.39530613580799
            ],
            [
              24.66439515352249,
              59.39530575742933
            ],
            [
              24.664480984210968,
              59.39528838491331
            ]
          ]
        ]
      },
      "properties": {
        "type": "building:part",
        "extrude": "true",
        "height": 11.0,
        "min_height": 3.0,
        "iso_3166_1": "EE",
        "underground": "false",
        "building_id": 26876137
      }
    },
    {
      "type": "Feature",
      "id": 1203951823,
      "geometry": {
        "type": "Polygon",
        "coordinates": [
          [
            [
              24.661404490470886,
              59.39742805044927
            ],
            [
              24.661404490470886,
              59.39742258863552
            ],
            [
              24.661463499069214,
              59.39742258863552
            ],
            [
              24.661463499069214,
              59.39732154508118
            ],
            [
              24.661305248737335,
              59.39732154508118
            ],
            [
              24.661305248737335,
              59.39742805044927
            ],
            [
              24.661404490470886,
              59.39742805044927
            ]
          ]
        ]
      },
      "properties": {
        "type": "building:part",
        "extrude": "true",
        "height": 4.0,
        "min_height": 0.0,
        "iso_3166_1": "EE",
        "underground": "false",
        "building_id": 26875935
      }
    },
    {
      "type": "Feature",
      "id": 1237588988,
      "geometry": {
        "type": "Polygon",
        "coordinates": [
          [
            [
              24.664261043071747,
              59.39805342812347
            ],
            [
              24.66421812772751,
              59.39805342812347
            ],
            [
              24.664188623428345,
              59.39805342812347
            ],
            [
              24.664188623428345,
              59.39803431177535
            ],
            [
              24.66402769088745,
              59.39803431177535
            ],
            [
              24.66402769088745,
              59.39829101702153
            ],
            [
              24.664126932621002,
              59.39829101702153
            ],
            [
              24.66421812772751,
              59.39829194552986
            ],
            [
              24.66421812772751,
              59.39829238247496
            ],
            [
              24.664261043071747,
              59.39829238247496
            ],
            [
              24.664261043071747,
              59.39805342812347
            ]
          ]
        ]
      },
      "properties": {
        "type": "building:part",
        "extrude": "true",
        "height": 12.4,
        "min_height": 0.0,
        "iso_3166_1": "EE",
        "underground": "false",
        "building_id": 229498777
      }
    },
    {
      "type": "Feature",
      "id": 1237588989,
      "geometry": {
        "type": "Polygon",
        "coordinates": [
          [
            [
              24.664188623428345,
              59.39803431177535
            ],
            [
              24.664188623428345,
              59.39799744453255
            ],
            [
              24.66419130563736,
              59.3976574466267
            ],
            [
              24.66394990682602,
              59.3976574466267
            ],
            [
              24.66394990682602,
              59.39772162293825
            ],
            [
              24.663947224617004,
              59.39803431177535
            ],
            [
              24.664188623428345,
              59.39803431177535
            ]
          ]
        ]
      },
      "properties": {
        "type": "building:part",
        "extrude": "true",
        "height": 15.5,
        "min_height": 0.0,
        "iso_3166_1": "EE",
        "underground": "false",
        "building_id": 229498777
      }
    },
    {
      "type": "Feature",
      "id": 769754293,
      "geometry": {
        "type": "Polygon",
        "coordinates": [
          [
            [
              24.664341509342194,
              59.39540717936234
            ],
            [
              24.664357602596283,
              59.39540308300202
            ],
            [
              24.664376378059387,
              59.39540035209515
            ],
            [
              24.66441661119461,
              59.39539215937453
            ],
            [
              24.664539992809296,
              59.39536758121266
            ],
            [
              24.66451585292816,
              59.395336175783605
            ],
            [
              24.664480984210968,
              59.39528838491331
            ],
            [
              24.664258360862732,
              59.395333444876734
            ],
            [
              24.664298593997955,
              59.39538669756078
            ],
            [
              24.66431736946106,
              59.395411275722644
            ],
            [
              24.664341509342194,
              59.39540717936234
            ]
          ]
        ]
      },
      "properties": {
        "type": "building:part",
        "extrude": "true",
        "height": 11.0,
        "min_height": 0.0,
        "iso_3166_1": "EE",
        "underground": "false",
        "building_id": 26876137
      }
    },
    {
      "type": "Feature",
      "id": 769640883,
      "geometry": {
        "type": "Polygon",
        "coordinates": [
          [
            [
              24.663920402526855,
              59.39549456838231
            ],
            [
              24.663941860198975,
              59.395490472022
            ],
            [
              24.664019644260406,
              59.395474086580755
            ],
            [
              24.664019644260406,
              59.39547135567388
            ],
            [
              24.663998186588287,
              59.395446777512014
            ],
            [
              24.663995504379272,
              59.3954426811517
            ],
            [
              24.663952589035034,
              59.39545223932576
            ],
            [
              24.66393381357193,
              59.39545633568607
            ],
            [
              24.663893580436707,
              59.395463162953256
            ],
            [
              24.663920402526855,
              59.39549456838231
            ]
          ]
        ]
      },
      "properties": {
        "type": "building:part",
        "extrude": "true",
        "height": 22.0,
        "min_height": 0.0,
        "iso_3166_1": "EE",
        "underground": "false",
        "building_id": 26876137
      }
    },
    {
      "type": "Feature",
      "id": 921844167,
      "geometry": {
        "type": "Polygon",
        "coordinates": [
          [
            [
              24.664258360862732,
              59.395333444876734
            ],
            [
              24.664236903190613,
              59.39530613580799
            ],
            [
              24.66421812772751,
              59.39530886671486
            ],
            [
              24.66421812772751,
              59.39530900326021
            ],
            [
              24.664210081100464,
              59.3953102321683
            ],
            [
              24.66420739889145,
              59.395311597621735
            ],
            [
              24.66414839029312,
              59.39532388670267
            ],
            [
              24.664126932621002,
              59.395327983062984
            ],
            [
              24.664110839366913,
              59.395330713969855
            ],
            [
              24.663990139961243,
              59.395355292131725
            ],
            [
              24.664008915424347,
              59.39538260120047
            ],
            [
              24.66421812772751,
              59.39534137331604
            ],
            [
              24.66421812772751,
              59.395341637597355
            ],
            [
              24.664258360862732,
              59.395333444876734
            ]
          ]
        ]
      },
      "properties": {
        "type": "building:part",
        "extrude": "true",
        "height": 18.0,
        "min_height": 15.0,
        "iso_3166_1": "EE",
        "underground": "false",
        "building_id": 26876137
      }
    },
    {
      "type": "Feature",
      "id": 769754285,
      "geometry": {
        "type": "Polygon",
        "coordinates": [
          [
            [
              24.66439515352249,
              59.39539625573484
            ],
            [
              24.664376378059387,
              59.39540035209515
            ],
            [
              24.664357602596283,
              59.39540308300202
            ],
            [
              24.664341509342194,
              59.39540717936234
            ],
            [
              24.66431736946106,
              59.395411275722644
            ],
            [
              24.664320051670074,
              59.39541537208296
            ],
            [
              24.66433882713318,
              59.3954426811517
            ],
            [
              24.66434419155121,
              59.3954426811517
            ],
            [
              24.664365649223328,
              59.395441315698264
            ],
            [
              24.664392471313477,
              59.3954426811517
            ],
            [
              24.66441661119461,
              59.39544541205858
            ],
            [
              24.6644327044487,
              59.395449508418885
            ],
            [
              24.664451479911804,
              59.39545633568607
            ],
            [
              24.664462208747864,
              59.39546179749982
            ],
            [
              24.66447025537491,
              59.395468624767005
            ],
            [
              24.664478302001953,
              59.395474086580755
            ],
            [
              24.664483666419983,
              59.39548091384794
            ],
            [
              24.66451585292816,
              59.395474086580755
            ],
            [
              24.664539992809296,
              59.395468624767005
            ],
            [
              24.664550721645355,
              59.3954426811517
            ],
            [
              24.664556086063385,
              59.39543448843108
            ],
            [
              24.6645587682724,
              59.39542766116389
            ],
            [
              24.664572179317474,
              59.3953948902814
            ],
            [
              24.66458022594452,
              59.39537167757297
            ],
            [
              24.664539992809296,
              59.39536758121266
            ],
            [
              24.66441661119461,
              59.39539215937453
            ],
            [
              24.66439515352249,
              59.39539652882553
            ],
            [
              24.66439515352249,
              59.39539625573484
            ]
          ]
        ]
      },
      "properties": {
        "type": "building:part",
        "extrude": "true",
        "height": 15.0,
        "min_height": 0.0,
        "iso_3166_1": "EE",
        "underground": "false",
        "building_id": 26876137
      }
    },
    {
      "type": "Feature",
      "id": 1203951824,
      "geometry": {
        "type": "Polygon",
        "coordinates": [
          [
            [
              24.662198424339294,
              59.39751953582956
            ],
            [
              24.662198424339294,
              59.39731335236055
            ],
            [
              24.661898016929626,
              59.39731335236055
            ],
            [
              24.66189533472061,
              59.39742258863552
            ],
            [
              24.661404490470886,
              59.39742258863552
            ],
            [
              24.661404490470886,
              59.39748949585394
            ],
            [
              24.661884605884552,
              59.39748949585394
            ],
            [
              24.661884605884552,
              59.39751953582956
            ],
            [
              24.662198424339294,
              59.39751953582956
            ]
          ]
        ]
      },
      "properties": {
        "type": "building:part",
        "extrude": "true",
        "height": 9.3,
        "min_height": 0.0,
        "iso_3166_1": "EE",
        "underground": "false",
        "building_id": 26875935
      }
    },
    {
      "type": "Feature",
      "id": 1203963336,
      "geometry": {
        "type": "Polygon",
        "coordinates": [
          [
            [
              24.66439515352249,
              59.39694058357222
            ],
            [
              24.66439515352249,
              59.396939976704026
            ],
            [
              24.66451585292816,
              59.396905081782855
            ],
            [
              24.66430127620697,
              59.39672484192916
            ],
            [
              24.66413766145706,
              59.39658146931826
            ],
            [
              24.6639284491539,
              59.39664428017637
            ],
            [
              24.66409206390381,
              59.396786287333825
            ],
            [
              24.66402769088745,
              59.396805403681945
            ],
            [
              24.664051830768585,
              59.39682861639037
            ],
            [
              24.664116203784943,
              59.39680950004225
            ],
            [
              24.66421812772751,
              59.3968980135533
            ],
            [
              24.66421812772751,
              59.39689825451567
            ],
            [
              24.664298593997955,
              59.39696789264096
            ],
            [
              24.66439515352249,
              59.39694058357222
            ]
          ]
        ]
      },
      "properties": {
        "type": "building:part",
        "extrude": "true",
        "height": 3.0,
        "min_height": 0.0,
        "iso_3166_1": "EE",
        "underground": "false",
        "building_id": 26875982
      }
    },
    {
      "type": "Feature",
      "id": 1203963337,
      "geometry": {
        "type": "Polygon",
        "coordinates": [
          [
            [
              24.66439515352249,
              59.39697198900127
            ],
            [
              24.66439515352249,
              59.396971810343814
            ],
            [
              24.66454267501831,
              59.39692829449128
            ],
            [
              24.66451585292816,
              59.396905081782855
            ],
            [
              24.66439515352249,
              59.39679863410998
            ],
            [
              24.66439515352249,
              59.39679857641476
            ],
            [
              24.664325416088104,
              59.39673713101009
            ],
            [
              24.664261043071747,
              59.396756247358205
            ],
            [
              24.664242267608643,
              59.3967412273704
            ],
            [
              24.66430127620697,
              59.39672484192916
            ],
            [
              24.66421812772751,
              59.39664701108324
            ],
            [
              24.66421812772751,
              59.3966470745927
            ],
            [
              24.66418594121933,
              59.39661697110762
            ],
            [
              24.663904309272766,
              59.396697532860415
            ],
            [
              24.66402769088745,
              59.396805403681945
            ],
            [
              24.664030373096466,
              59.39680950004225
            ],
            [
              24.664089381694794,
              59.39679038369414
            ],
            [
              24.664108157157898,
              59.39680676913538
            ],
            [
              24.66404914855957,
              59.396824520030066
            ],
            [
              24.664051830768585,
              59.39682861639037
            ],
            [
              24.664255678653717,
              59.397012952604385
            ],
            [
              24.66439515352249,
              59.39697198900127
            ]
          ]
        ]
      },
      "properties": {
        "type": "building:part",
        "extrude": "true",
        "height": 15.0,
        "min_height": 12.0,
        "iso_3166_1": "EE",
        "underground": "false",
        "building_id": 26875982
      }
    },
    {
      "type": "Feature",
      "id": 921844166,
      "geometry": {
        "type": "Polygon",
        "coordinates": [
          [
            [
              24.664258360862732,
              59.395333444876734
            ],
            [
              24.664236903190613,
              59.39530613580799
            ],
            [
              24.66421812772751,
              59.39530886671486
            ],
            [
              24.66421812772751,
              59.39530900326021
            ],
            [
              24.664210081100464,
              59.3953102321683
            ],
            [
              24.66420739889145,
              59.395311597621735
            ],
            [
              24.66414839029312,
              59.39532388670267
            ],
            [
              24.664126932621002,
              59.395327983062984
            ],
            [
              24.664110839366913,
              59.395330713969855
            ],
            [
              24.663990139961243,
              59.395355292131725
            ],
            [
              24.663963317871094,
              59.39535938849204
            ],
            [
              24.663957953453064,
              59.395360753945475
            ],
            [
              24.66401696205139,
              59.39543858479139
            ],
            [
              24.664019644260406,
              59.3954426811517
            ],
            [
              24.66403841972351,
              59.395468624767005
            ],
            [
              24.664067924022675,
              59.39550822291668
            ],
            [
              24.664094746112823,
              59.39554645561292
            ],
            [
              24.664116203784943,
              59.39556966832135
            ],
            [
              24.66417521238327,
              59.3956447682604
            ],
            [
              24.66419667005539,
              59.39563930644665
            ],
            [
              24.66414302587509,
              59.39556420650761
            ],
            [
              24.664124250411987,
              59.39554099379917
            ],
            [
              24.66406524181366,
              59.395465893860134
            ],
            [
              24.664008915424347,
              59.39538260120047
            ],
            [
              24.66421812772751,
              59.39534137331604
            ],
            [
              24.66421812772751,
              59.395341637597355
            ],
            [
              24.664258360862732,
              59.395333444876734
            ]
          ]
        ]
      },
      "properties": {
        "type": "building:part",
        "extrude": "true",
        "height": 15.0,
        "min_height": 3.0,
        "iso_3166_1": "EE",
        "underground": "false",
        "building_id": 26876137
      }
    },
    {
      "type": "Feature",
      "id": 769754291,
      "geometry": {
        "type": "Polygon",
        "coordinates": [
          [
            [
              24.664314687252045,
              59.39573761909412
            ],
            [
              24.66434955596924,
              59.395730791826935
            ],
            [
              24.664368331432343,
              59.39568846277038
            ],
            [
              24.66439515352249,
              59.39569119367726
            ],
            [
              24.66440588235855,
              59.39566934642226
            ],
            [
              24.664413928985596,
              59.39564749916727
            ],
            [
              24.66445952653885,
              59.39565296098102
            ],
            [
              24.664467573165894,
              59.3956338446329
            ],
            [
              24.664478302001953,
              59.39560517011072
            ],
            [
              24.664491713047028,
              59.39557786104198
            ],
            [
              24.664494395256042,
              59.395573764681664
            ],
            [
              24.664451479911804,
              59.39555328288011
            ],
            [
              24.664419293403625,
              59.39553416653199
            ],
            [
              24.66433882713318,
              59.3954426811517
            ],
            [
              24.664320051670074,
              59.39541537208296
            ],
            [
              24.66431736946106,
              59.395411275722644
            ],
            [
              24.664298593997955,
              59.39538669756078
            ],
            [
              24.664258360862732,
              59.395333444876734
            ],
            [
              24.664008915424347,
              59.39538260120047
            ],
            [
              24.66404378414154,
              59.39543312297764
            ],
            [
              24.664046466350555,
              59.39543721933795
            ],
            [
              24.66406524181366,
              59.395463162953256
            ],
            [
              24.664067924022675,
              59.39546452840669
            ],
            [
              24.664084017276764,
              59.39548910656856
            ],
            [
              24.664124250411987,
              59.39554099379917
            ],
            [
              24.66414302587509,
              59.39556420650761
            ],
            [
              24.66419667005539,
              59.39563930644665
            ],
            [
              24.664220809936523,
              59.3956707118757
            ],
            [
              24.664226174354553,
              59.395676173689445
            ],
            [
              24.664244949817657,
              59.39570211730475
            ],
            [
              24.664277136325836,
              59.395744446361306
            ],
            [
              24.664314687252045,
              59.39573761909412
            ]
          ]
        ]
      },
      "properties": {
        "type": "building:part",
        "extrude": "true",
        "height": 18.0,
        "min_height": 0.0,
        "iso_3166_1": "EE",
        "underground": "false",
        "building_id": 26876137
      }
    },
    {
      "type": "Feature",
      "id": 1376510281,
      "geometry": {
        "type": "Polygon",
        "coordinates": [
          [
            [
              24.66421276330948,
              59.393189421778956
            ],
            [
              24.66421812772751,
              59.39320135138499
            ],
            [
              24.66421812772751,
              59.3932017128882
            ],
            [
              24.66470092535019,
              59.394275136429016
            ],
            [
              24.665993750095367,
              59.39412354608165
            ],
            [
              24.665505588054657,
              59.393037831431585
            ],
            [
              24.665033519268036,
              59.3930938242626
            ],
            [
              24.66502010822296,
              59.39306104797127
            ],
            [
              24.664982557296753,
              59.39306514500769
            ],
            [
              24.664998650550842,
              59.39309792129901
            ],
            [
              24.664971828460693,
              59.39310065265662
            ],
            [
              24.66495841741562,
              59.39307060772291
            ],
            [
              24.664730429649353,
              59.39309792129901
            ],
            [
              24.664743840694427,
              59.393127966232726
            ],
            [
              24.66471701860428,
              59.39313069759034
            ],
            [
              24.66470628976822,
              59.393111578087066
            ],
            [
              24.6646848320961,
              59.39311430944468
            ],
            [
              24.664692878723145,
              59.39313342894795
            ],
            [
              24.66454267501831,
              59.393151182772414
            ],
            [
              24.664510488510132,
              59.393080167474544
            ],
            [
              24.66444343328476,
              59.39308836154738
            ],
            [
              24.66447561979294,
              59.39315937684524
            ],
            [
              24.66435606990501,
              59.3931733262788
            ],
            [
              24.66421276330948,
              59.393189421778956
            ]
          ]
        ]
      },
      "properties": {
        "type": "building",
        "height": 3.0,
        "extrude": "true",
        "min_height": 0.0,
        "iso_3166_1": "EE",
        "underground": "false"
      }
    },
    {
      "type": "Feature",
      "id": 1376510272,
      "geometry": {
        "type": "Polygon",
        "coordinates": [
          [
            [
              24.663799703121185,
              59.39353903555306
            ],
            [
              24.66394990682602,
              59.393521281728596
            ],
            [
              24.663869440555573,
              59.39333828076871
            ],
            [
              24.66371923685074,
              59.393356034593175
            ],
            [
              24.663799703121185,
              59.39353903555306
            ]
          ]
        ]
      },
      "properties": {
        "type": "building",
        "height": 3.0,
        "extrude": "true",
        "min_height": 0.0,
        "iso_3166_1": "EE",
        "underground": "false"
      }
    },
    {
      "type": "Feature",
      "id": 80589193,
      "geometry": {
        "type": "Polygon",
        "coordinates": [
          [
            [
              24.668737649917603,
              59.39462201884552
            ],
            [
              24.66908633708954,
              59.39466025785206
            ],
            [
              24.669094383716583,
              59.394642504027594
            ],
            [
              24.66913729906082,
              59.394646601064004
            ],
            [
              24.669188261032104,
              59.394529152686765
            ],
            [
              24.668793976306915,
              59.394486816643806
            ],
            [
              24.66882348060608,
              59.39441580134594
            ],
            [
              24.668777883052826,
              59.39441033863072
            ],
            [
              24.6686652302742,
              59.39439804752148
            ],
            [
              24.66868668794632,
              59.39434615172688
            ],
            [
              24.6687912940979,
              59.39435707715732
            ],
            [
              24.668871760368347,
              59.394164516445805
            ],
            [
              24.668887853622437,
              59.39412627743926
            ],
            [
              24.668952226638794,
              59.39397195573428
            ],
            [
              24.668968319892883,
              59.39393235104893
            ],
            [
              24.66901123523712,
              59.39383265649616
            ],
            [
              24.669051468372345,
              59.39373979033741
            ],
            [
              24.669099748134613,
              59.393622341960175
            ],
            [
              24.669005870819092,
              59.39361141652974
            ],
            [
              24.66893881559372,
              59.39360458813571
            ],
            [
              24.668925404548645,
              59.39363326739061
            ],
            [
              24.668882489204407,
              59.3936291703542
            ],
            [
              24.66889590024948,
              59.39359229702646
            ],
            [
              24.668694734573364,
              59.39356908048678
            ],
            [
              24.668603539466858,
              59.39378349205918
            ],
            [
              24.668378233909607,
              59.394317472471975
            ],
            [
              24.668415784835815,
              59.39432156950839
            ],
            [
              24.668399691581726,
              59.394359808514935
            ],
            [
              24.66818779706955,
              59.39433659197525
            ],
            [
              24.668142199516296,
              59.39444311492205
            ],
            [
              24.668112695217133,
              59.3945113988623
            ],
            [
              24.668327271938324,
              59.39453598108079
            ],
            [
              24.66831922531128,
              59.39455373490526
            ],
            [
              24.66830849647522,
              59.39457968280256
            ],
            [
              24.668399691581726,
              59.39458924255419
            ],
            [
              24.668410420417786,
              59.394590608232996
            ],
            [
              24.668364822864532,
              59.3946971311798
            ],
            [
              24.668641777903193,
              59.39472718355065
            ],
            [
              24.668641090393066,
              59.39472718355065
            ],
            [
              24.66869205236435,
              59.3947326453644
            ],
            [
              24.668694734573364,
              59.39472718355065
            ],
            [
              24.668694301029785,
              59.39472718355065
            ],
            [
              24.668737649917603,
              59.39462201884552
            ]
          ]
        ]
      },
      "properties": {
        "extrude": "true",
        "height": 19.0,
        "min_height": 0.0,
        "iso_3166_1": "EE",
        "type": "university",
        "underground": "false"
      }
    },
    {
      "type": "Feature",
      "id": 229498775,
      "geometry": {
        "type": "Polygon",
        "coordinates": [
          [
            [
              24.666616022586823,
              59.39839479148275
            ],
            [
              24.66671794652939,
              59.39836611696057
            ],
            [
              24.66666430234909,
              59.3983155951834
            ],
            [
              24.66655969619751,
              59.398344269705575
            ],
            [
              24.666616022586823,
              59.39839479148275
            ]
          ]
        ]
      },
      "properties": {
        "extrude": "true",
        "height": 3.1,
        "min_height": 0.0,
        "iso_3166_1": "EE",
        "type": "garages",
        "underground": "false"
      }
    },
    {
      "type": "Feature",
      "id": 227495683,
      "geometry": {
        "type": "Polygon",
        "coordinates": [
          [
            [
              24.667471647262573,
              59.398482180502725
            ],
            [
              24.667471647262573,
              59.39841800419118
            ],
            [
              24.667308032512665,
              59.398419369644614
            ],
            [
              24.66731071472168,
              59.398482180502725
            ],
            [
              24.667471647262573,
              59.398482180502725
            ]
          ]
        ]
      },
      "properties": {
        "extrude": "true",
        "height": 7.0,
        "min_height": 0.0,
        "iso_3166_1": "EE",
        "type": "service",
        "underground": "false"
      }
    },
    {
      "type": "Feature",
      "id": 879933044,
      "geometry": {
        "type": "Polygon",
        "coordinates": [
          [
            [
              24.666519463062286,
              59.39842073509806
            ],
            [
              24.666616022586823,
              59.39839479148275
            ],
            [
              24.66655969619751,
              59.398344269705575
            ],
            [
              24.66646581888199,
              59.39837157877432
            ],
            [
              24.666519463062286,
              59.39842073509806
            ]
          ]
        ]
      },
      "properties": {
        "extrude": "true",
        "height": 3.1,
        "min_height": 0.0,
        "iso_3166_1": "EE",
        "type": "garages",
        "underground": "false"
      }
    },
    {
      "type": "Feature",
      "id": 80595584,
      "geometry": {
        "type": "Polygon",
        "coordinates": [
          [
            [
              24.668490886688232,
              59.39697198900127
            ],
            [
              24.66851234436035,
              59.396932390851596
            ],
            [
              24.66839700937271,
              59.396916005410354
            ],
            [
              24.668375551700592,
              59.396956969013466
            ],
            [
              24.668490886688232,
              59.39697198900127
            ]
          ]
        ]
      },
      "properties": {
        "extrude": "true",
        "height": 4.0,
        "min_height": 0.0,
        "iso_3166_1": "EE",
        "type": "retail",
        "underground": "false"
      }
    },
    {
      "type": "Feature",
      "id": 1242245907,
      "geometry": {
        "type": "Polygon",
        "coordinates": [
          [
            [
              24.673635363578796,
              59.39910892363036
            ],
            [
              24.673739969730377,
              59.399070690934124
            ],
            [
              24.67367559671402,
              59.39902426551726
            ],
            [
              24.67357099056244,
              59.39906386366694
            ],
            [
              24.673635363578796,
              59.39910892363036
            ]
          ]
        ]
      },
      "properties": {
        "type": "building",
        "height": 3.0,
        "extrude": "true",
        "min_height": 0.0,
        "iso_3166_1": "EE",
        "underground": "false"
      }
    },
    {
      "type": "Feature",
      "id": 1203954993,
      "geometry": {
        "type": "Polygon",
        "coordinates": [
          [
            [
              24.664499759674072,
              59.39689006179505
            ],
            [
              24.664599001407623,
              59.396861387272864
            ],
            [
              24.664556086063385,
              59.39682315457662
            ],
            [
              24.664545357227325,
              59.39681223094913
            ],
            [
              24.66444343328476,
              59.39684227092474
            ],
            [
              24.664499759674072,
              59.39689006179505
            ]
          ]
        ]
      },
      "properties": {
        "extrude": "false",
        "height": 5.0,
        "min_height": 0.0,
        "iso_3166_1": "EE",
        "type": "roof",
        "underground": "false"
      }
    },
    {
      "type": "Feature",
      "id": 80589197,
      "geometry": {
        "type": "Polygon",
        "coordinates": [
          [
            [
              24.671183824539185,
              59.396529582087645
            ],
            [
              24.671299159526825,
              59.3963438804202
            ],
            [
              24.671221375465393,
              59.39633432224614
            ],
            [
              24.67104971408844,
              59.39651183119297
            ],
            [
              24.671183824539185,
              59.396529582087645
            ]
          ]
        ]
      },
      "properties": {
        "extrude": "true",
        "height": 9.0,
        "min_height": 4.0,
        "iso_3166_1": "EE",
        "type": "bridge",
        "underground": "false"
      }
    },
    {
      "type": "Feature",
      "id": 1338316060,
      "geometry": {
        "type": "Polygon",
        "coordinates": [
          [
            [
              24.668667912483215,
              59.3969952017097
            ],
            [
              24.668689370155334,
              59.39695560356002
            ],
            [
              24.66851234436035,
              59.396932390851596
            ],
            [
              24.668490886688232,
              59.39697198900127
            ],
            [
              24.668667912483215,
              59.3969952017097
            ]
          ]
        ]
      },
      "properties": {
        "extrude": "false",
        "height": 3.1,
        "min_height": 0.0,
        "iso_3166_1": "EE",
        "type": "shelter",
        "underground": "false"
      }
    },
    {
      "type": "Feature",
      "id": 26871335,
      "geometry": {
        "type": "Polygon",
        "coordinates": [
          [
            [
              24.665245413780212,
              59.398990129181335
            ],
            [
              24.665248095989227,
              59.39892458741635
            ],
            [
              24.665175676345825,
              59.39892322196291
            ],
            [
              24.665103256702423,
              59.39892322196291
            ],
            [
              24.665100574493408,
              59.398990129181335
            ],
            [
              24.665245413780212,
              59.398990129181335
            ]
          ]
        ]
      },
      "properties": {
        "extrude": "true",
        "height": 4.0,
        "min_height": 0.0,
        "iso_3166_1": "EE",
        "type": "building",
        "underground": "false"
      }
    },
    {
      "type": "Feature",
      "id": 80589566,
      "geometry": {
        "type": "Polygon",
        "coordinates": [
          [
            [
              24.670738577842712,
              59.39661287474731
            ],
            [
              24.670762717723846,
              59.396565083877015
            ],
            [
              24.67051863670349,
              59.396562352970136
            ],
            [
              24.67050790786743,
              59.396586931132006
            ],
            [
              24.67057764530182,
              59.39659512385263
            ],
            [
              24.670738577842712,
              59.39661287474731
            ]
          ]
        ]
      },
      "properties": {
        "extrude": "true",
        "height": 8.0,
        "min_height": 4.0,
        "iso_3166_1": "EE",
        "type": "bridge",
        "underground": "false"
      }
    },
    {
      "type": "Feature",
      "id": 26871405,
      "geometry": {
        "type": "Polygon",
        "coordinates": [
          [
            [
              24.666870832443237,
              59.39832651881089
            ],
            [
              24.666972756385803,
              59.39829784428871
            ],
            [
              24.666508734226227,
              59.397885477350705
            ],
            [
              24.666409492492676,
              59.39791415187288
            ],
            [
              24.666870832443237,
              59.39832651881089
            ]
          ]
        ]
      },
      "properties": {
        "extrude": "true",
        "height": 3.1,
        "min_height": 0.0,
        "iso_3166_1": "EE",
        "type": "garages",
        "underground": "false"
      }
    },
    {
      "type": "Feature",
      "id": 108693186,
      "geometry": {
        "type": "Polygon",
        "coordinates": [
          [
            [
              24.67165857553482,
              59.400410200755935
            ],
            [
              24.67165857553482,
              59.400391084407815
            ],
            [
              24.671655893325806,
              59.40033236991002
            ],
            [
              24.67142790555954,
              59.40033510081689
            ],
            [
              24.671430587768555,
              59.400410200755935
            ],
            [
              24.67165857553482,
              59.400410200755935
            ]
          ]
        ]
      },
      "properties": {
        "extrude": "true",
        "height": 17.0,
        "min_height": 0.0,
        "iso_3166_1": "EE",
        "type": "apartments",
        "underground": "false"
      }
    },
    {
      "type": "Feature",
      "id": 26856124,
      "geometry": {
        "type": "Polygon",
        "coordinates": [
          [
            [
              24.66800808906555,
              59.39646813668298
            ],
            [
              24.668032228946686,
              59.39641898035924
            ],
            [
              24.667884707450867,
              59.39640122946456
            ],
            [
              24.667860567569733,
              59.39645038578829
            ],
            [
              24.667873978614807,
              59.39645175124173
            ],
            [
              24.66793566942215,
              59.396459943962356
            ],
            [
              24.66800808906555,
              59.39646813668298
            ]
          ]
        ]
      },
      "properties": {
        "extrude": "true",
        "height": 4.0,
        "min_height": 0.0,
        "iso_3166_1": "EE",
        "type": "service",
        "underground": "false"
      }
    },
    {
      "type": "Feature",
      "id": 879933045,
      "geometry": {
        "type": "Polygon",
        "coordinates": [
          [
            [
              24.666184186935425,
              59.39841663873774
            ],
            [
              24.666278064250946,
              59.39839069512244
            ],
            [
              24.665910601615906,
              59.39805206267003
            ],
            [
              24.665816724300385,
              59.39807800628534
            ],
            [
              24.666184186935425,
              59.39841663873774
            ]
          ]
        ]
      },
      "properties": {
        "extrude": "true",
        "height": 3.1,
        "min_height": 0.0,
        "iso_3166_1": "EE",
        "type": "garages",
        "underground": "false"
      }
    },
    {
      "type": "Feature",
      "id": 26876132,
      "geometry": {
        "type": "Polygon",
        "coordinates": [
          [
            [
              24.665033519268036,
              59.39540444845546
            ],
            [
              24.665049612522125,
              59.39536211939891
            ],
            [
              24.665060341358185,
              59.395336175783605
            ],
            [
              24.664829671382904,
              59.39530886671486
            ],
            [
              24.664802849292755,
              59.39537850484015
            ],
            [
              24.664912819862366,
              59.39539079392109
            ],
            [
              24.665033519268036,
              59.39540444845546
            ]
          ]
        ]
      },
      "properties": {
        "extrude": "true",
        "height": 5.0,
        "min_height": 0.0,
        "iso_3166_1": "EE",
        "type": "service",
        "underground": "false"
      }
    },
    {
      "type": "Feature",
      "id": 26899732,
      "geometry": {
        "type": "Polygon",
        "coordinates": [
          [
            [
              24.66646581888199,
              59.39837157877432
            ],
            [
              24.66655969619751,
              59.398344269705575
            ],
            [
              24.66666430234909,
              59.3983155951834
            ],
            [
              24.666267335414886,
              59.39795101911569
            ],
            [
              24.6660715341568,
              59.398007002706606
            ],
            [
              24.66646581888199,
              59.39837157877432
            ]
          ]
        ]
      },
      "properties": {
        "extrude": "true",
        "height": 3.1,
        "min_height": 0.0,
        "iso_3166_1": "EE",
        "type": "garages",
        "underground": "false"
      }
    },
    {
      "type": "Feature",
      "id": 26871293,
      "geometry": {
        "type": "Polygon",
        "coordinates": [
          [
            [
              24.666666984558105,
              59.39870748031985
            ],
            [
              24.666766226291656,
              59.398681536704544
            ],
            [
              24.666546285152435,
              59.39847808414241
            ],
            [
              24.66645509004593,
              59.39850539321115
            ],
            [
              24.66665357351303,
              59.398695191238915
            ],
            [
              24.666666984558105,
              59.39870748031985
            ]
          ]
        ]
      },
      "properties": {
        "extrude": "true",
        "height": 4.0,
        "min_height": 0.0,
        "iso_3166_1": "EE",
        "type": "garage",
        "underground": "false"
      }
    },
    {
      "type": "Feature",
      "id": 80589195,
      "geometry": {
        "type": "Polygon",
        "coordinates": [
          [
            [
              24.671425223350525,
              59.39597384253874
            ],
            [
              24.67166930437088,
              59.39540308300202
            ],
            [
              24.671623706817627,
              59.395398986641716
            ],
            [
              24.671393036842346,
              59.395932878935625
            ],
            [
              24.671376943588257,
              59.395971111631866
            ],
            [
              24.671409130096436,
              59.39597384253874
            ],
            [
              24.671425223350525,
              59.39597384253874
            ]
          ]
        ]
      },
      "properties": {
        "extrude": "true",
        "height": 7.0,
        "min_height": 3.0,
        "iso_3166_1": "EE",
        "type": "bridge",
        "underground": "false"
      }
    },
    {
      "type": "Feature",
      "id": 1150644673,
      "geometry": {
        "type": "Polygon",
        "coordinates": [
          [
            [
              24.669665694236755,
              59.39471488500426
            ],
            [
              24.669779220329247,
              59.39472718355065
            ],
            [
              24.66977834701538,
              59.39472718355065
            ],
            [
              24.669917821884155,
              59.394742203538456
            ],
            [
              24.669917832850317,
              59.39474217283399
            ],
            [
              24.669966101646423,
              59.39462884723954
            ],
            [
              24.669499397277832,
              59.39457831712375
            ],
            [
              24.669488668441772,
              59.394604265021044
            ],
            [
              24.66944307088852,
              59.39459880230583
            ],
            [
              24.66951012611389,
              59.394437652206825
            ],
            [
              24.669622778892517,
              59.39417271051863
            ],
            [
              24.66963082551956,
              59.39415768805178
            ],
            [
              24.66971129179001,
              59.39396512734026
            ],
            [
              24.669472575187683,
              59.39393917944296
            ],
            [
              24.66943234205246,
              59.39393508240654
            ],
            [
              24.66941624879837,
              59.393970590055474
            ],
            [
              24.66945916414261,
              59.3939760527707
            ],
            [
              24.669223129749298,
              59.39453324972318
            ],
            [
              24.669188261032104,
              59.394529152686765
            ],
            [
              24.66913729906082,
              59.394646601064004
            ],
            [
              24.66913193464279,
              59.39466435488847
            ],
            [
              24.669402837753296,
              59.39469303414338
            ],
            [
              24.669408202171326,
              59.39468620574935
            ],
            [
              24.669451117515564,
              59.39469030278577
            ],
            [
              24.669435915265556,
              59.39472718355065
            ],
            [
              24.669435024261475,
              59.39472718355065
            ],
            [
              24.66940551996231,
              59.39480091803625
            ],
            [
              24.669405521829866,
              59.39480091823828
            ],
            [
              24.66940551996231,
              59.39480092276899
            ],
            [
              24.669555723667145,
              59.39481731091465
            ],
            [
              24.669557054631625,
              59.39481731091465
            ],
            [
              24.669620096683502,
              59.39482413074469
            ],
            [
              24.669638328203344,
              59.39478019942584
            ],
            [
              24.669665694236755,
              59.39471488500426
            ]
          ]
        ]
      },
      "properties": {
        "extrude": "true",
        "height": 19.0,
        "min_height": 0.0,
        "iso_3166_1": "EE",
        "type": "university",
        "underground": "false"
      }
    },
    {
      "type": "Feature",
      "id": 26871365,
      "geometry": {
        "type": "Polygon",
        "coordinates": [
          [
            [
              24.67006266117096,
              59.3981353553297
            ],
            [
              24.67006266117096,
              59.39806162084409
            ],
            [
              24.670129716396332,
              59.39806162084409
            ],
            [
              24.670129716396332,
              59.397985155451615
            ],
            [
              24.670006334781647,
              59.39798652090505
            ],
            [
              24.670006334781647,
              59.39805888993722
            ],
            [
              24.66995269060135,
              59.39805888993722
            ],
            [
              24.669955372810364,
              59.3981353553297
            ],
            [
              24.67006266117096,
              59.3981353553297
            ]
          ]
        ]
      },
      "properties": {
        "extrude": "true",
        "height": 4.0,
        "min_height": 0.0,
        "iso_3166_1": "EE",
        "type": "service",
        "underground": "false"
      }
    },
    {
      "type": "Feature",
      "id": 26871382,
      "geometry": {
        "type": "Polygon",
        "coordinates": [
          [
            [
              24.667139053344727,
              59.39817631893281
            ],
            [
              24.66744750738144,
              59.39817495347937
            ],
            [
              24.66744214296341,
              59.3979919827188
            ],
            [
              24.6673321723938,
              59.3979919827188
            ],
            [
              24.667165875434875,
              59.397990617265364
            ],
            [
              24.666996896266937,
              59.397990617265364
            ],
            [
              24.66697007417679,
              59.398009733613485
            ],
            [
              24.667139053344727,
              59.39817631893281
            ]
          ]
        ]
      },
      "properties": {
        "extrude": "true",
        "height": 11.0,
        "min_height": 0.0,
        "iso_3166_1": "EE",
        "type": "commercial",
        "underground": "false"
      }
    },
    {
      "type": "Feature",
      "id": 230141408,
      "geometry": {
        "type": "Polygon",
        "coordinates": [
          [
            [
              24.670143127441406,
              59.39860234040519
            ],
            [
              24.670143127441406,
              59.39852450955927
            ],
            [
              24.67014044523239,
              59.39837157877432
            ],
            [
              24.67014044523239,
              59.39834836606589
            ],
            [
              24.670137763023376,
              59.39829238247496
            ],
            [
              24.669928550720215,
              59.39829238247496
            ],
            [
              24.66993123292923,
              59.39860234040519
            ],
            [
              24.670143127441406,
              59.39860234040519
            ]
          ]
        ]
      },
      "properties": {
        "extrude": "true",
        "height": 15.0,
        "min_height": 0.0,
        "iso_3166_1": "EE",
        "type": "apartments",
        "underground": "false"
      }
    },
    {
      "type": "Feature",
      "id": 26871378,
      "geometry": {
        "type": "Polygon",
        "coordinates": [
          [
            [
              24.670489132404327,
              59.398168126212184
            ],
            [
              24.670489132404327,
              59.39808073719221
            ],
            [
              24.670491814613342,
              59.397935999127874
            ],
            [
              24.670491814613342,
              59.39751680492268
            ],
            [
              24.67027723789215,
              59.39751680492268
            ],
            [
              24.670274555683136,
              59.398168126212184
            ],
            [
              24.670489132404327,
              59.398168126212184
            ]
          ]
        ]
      },
      "properties": {
        "extrude": "true",
        "height": 16.0,
        "min_height": 0.0,
        "iso_3166_1": "EE",
        "type": "apartments",
        "underground": "false"
      }
    },
    {
      "type": "Feature",
      "id": 230141407,
      "geometry": {
        "type": "Polygon",
        "coordinates": [
          [
            [
              24.669625461101532,
              59.39920723627783
            ],
            [
              24.66979444026947,
              59.399205870824396
            ],
            [
              24.66979444026947,
              59.39915534904722
            ],
            [
              24.669791758060455,
              59.39914032905941
            ],
            [
              24.669791758060455,
              59.398957358298844
            ],
            [
              24.66978907585144,
              59.39890547106823
            ],
            [
              24.669587910175323,
              59.39890547106823
            ],
            [
              24.66959059238434,
              59.39920723627783
            ],
            [
              24.669625461101532,
              59.39920723627783
            ]
          ]
        ]
      },
      "properties": {
        "extrude": "true",
        "height": 15.0,
        "min_height": 0.0,
        "iso_3166_1": "EE",
        "type": "apartments",
        "underground": "false"
      }
    },
    {
      "type": "Feature",
      "id": 26876250,
      "geometry": {
        "type": "Polygon",
        "coordinates": [
          [
            [
              24.666975438594818,
              59.39664154926949
            ],
            [
              24.66702103614807,
              59.39652821663421
            ],
            [
              24.666221737861633,
              59.396443558521106
            ],
            [
              24.66617614030838,
              59.396556891156386
            ],
            [
              24.666310250759125,
              59.39657054569076
            ],
            [
              24.66656506061554,
              59.3965978547595
            ],
            [
              24.66684401035309,
              59.39662652928168
            ],
            [
              24.666975438594818,
              59.39664154926949
            ]
          ]
        ]
      },
      "properties": {
        "extrude": "true",
        "height": 16.0,
        "min_height": 0.0,
        "iso_3166_1": "EE",
        "type": "dormitory",
        "underground": "false"
      }
    },
    {
      "type": "Feature",
      "id": 26875938,
      "geometry": {
        "type": "Polygon",
        "coordinates": [
          [
            [
              24.666481912136078,
              59.397499054027996
            ],
            [
              24.666962027549744,
              59.397369335951474
            ],
            [
              24.666868150234222,
              59.397280581478064
            ],
            [
              24.666849374771118,
              59.397261465129944
            ],
            [
              24.666827917099,
              59.39724098332839
            ],
            [
              24.666798412799835,
              59.39724917604901
            ],
            [
              24.666347801685333,
              59.39737070140491
            ],
            [
              24.666393399238586,
              59.397413030461465
            ],
            [
              24.666481912136078,
              59.397499054027996
            ]
          ]
        ]
      },
      "properties": {
        "extrude": "true",
        "height": 8.0,
        "min_height": 0.0,
        "iso_3166_1": "EE",
        "type": "commercial",
        "underground": "false"
      }
    },
    {
      "type": "Feature",
      "id": 26871663,
      "geometry": {
        "type": "Polygon",
        "coordinates": [
          [
            [
              24.666771590709686,
              59.399586832333355
            ],
            [
              24.6667742729187,
              59.39907751820131
            ],
            [
              24.666557013988495,
              59.39907751820131
            ],
            [
              24.666557013988495,
              59.399235910800016
            ],
            [
              24.66655433177948,
              59.399253661694694
            ],
            [
              24.66655433177948,
              59.39953357964931
            ],
            [
              24.666551649570465,
              59.39955815781117
            ],
            [
              24.666551649570465,
              59.399586832333355
            ],
            [
              24.666771590709686,
              59.399586832333355
            ]
          ]
        ]
      },
      "properties": {
        "extrude": "true",
        "height": 16.0,
        "min_height": 0.0,
        "iso_3166_1": "EE",
        "type": "apartments",
        "underground": "false"
      }
    },
    {
      "type": "Feature",
      "id": 26871430,
      "geometry": {
        "type": "Polygon",
        "coordinates": [
          [
            [
              24.669625461101532,
              59.398471256875226
            ],
            [
              24.669625461101532,
              59.39842073509806
            ],
            [
              24.669660329818726,
              59.39842073509806
            ],
            [
              24.66966301202774,
              59.3982937479284
            ],
            [
              24.669239223003387,
              59.39829238247496
            ],
            [
              24.669209718704224,
              59.39829238247496
            ],
            [
              24.66920703649521,
              59.39844258235305
            ],
            [
              24.66932237148285,
              59.39844258235305
            ],
            [
              24.66932237148285,
              59.39846989142179
            ],
            [
              24.669625461101532,
              59.398471256875226
            ]
          ]
        ]
      },
      "properties": {
        "extrude": "true",
        "height": 5.0,
        "min_height": 0.0,
        "iso_3166_1": "EE",
        "type": "retail",
        "underground": "false"
      }
    },
    {
      "type": "Feature",
      "id": 230141409,
      "geometry": {
        "type": "Polygon",
        "coordinates": [
          [
            [
              24.6694216132164,
              59.399507636034
            ],
            [
              24.669614732265472,
              59.39950627058056
            ],
            [
              24.669617414474487,
              59.39946121061714
            ],
            [
              24.669617414474487,
              59.399432536094956
            ],
            [
              24.669622778892517,
              59.39928779803062
            ],
            [
              24.669622778892517,
              59.39926321986876
            ],
            [
              24.669625461101532,
              59.39920723627783
            ],
            [
              24.66959059238434,
              59.39920723627783
            ],
            [
              24.66941624879837,
              59.399205870824396
            ],
            [
              24.6694216132164,
              59.399507636034
            ]
          ]
        ]
      },
      "properties": {
        "extrude": "true",
        "height": 15.0,
        "min_height": 0.0,
        "iso_3166_1": "EE",
        "type": "apartments",
        "underground": "false"
      }
    },
    {
      "type": "Feature",
      "id": 26876046,
      "geometry": {
        "type": "Polygon",
        "coordinates": [
          [
            [
              24.669485986232758,
              59.39804113904253
            ],
            [
              24.669485986232758,
              59.39781447377197
            ],
            [
              24.669488668441772,
              59.39779945378417
            ],
            [
              24.669488668441772,
              59.397615117570155
            ],
            [
              24.669491350650787,
              59.39746628314551
            ],
            [
              24.669491350650787,
              59.397388452299595
            ],
            [
              24.66927945613861,
              59.397388452299595
            ],
            [
              24.66927409172058,
              59.3980397735891
            ],
            [
              24.669485986232758,
              59.39804113904253
            ]
          ]
        ]
      },
      "properties": {
        "extrude": "true",
        "height": 16.0,
        "min_height": 0.0,
        "iso_3166_1": "EE",
        "type": "apartments",
        "underground": "false"
      }
    },
    {
      "type": "Feature",
      "id": 26871252,
      "geometry": {
        "type": "Polygon",
        "coordinates": [
          [
            [
              24.667847156524658,
              59.398676074890794
            ],
            [
              24.667852520942688,
              59.39802202269441
            ],
            [
              24.667648673057556,
              59.39802202269441
            ],
            [
              24.667648673057556,
              59.398098488086895
            ],
            [
              24.66764599084854,
              59.39824322615123
            ],
            [
              24.66764599084854,
              59.39844531325992
            ],
            [
              24.667643308639526,
              59.398592782231134
            ],
            [
              24.667643308639526,
              59.39867470943736
            ],
            [
              24.667847156524658,
              59.398676074890794
            ]
          ]
        ]
      },
      "properties": {
        "extrude": "true",
        "height": 15.0,
        "min_height": 0.0,
        "iso_3166_1": "EE",
        "type": "apartments",
        "underground": "false"
      }
    },
    {
      "type": "Feature",
      "id": 26876021,
      "geometry": {
        "type": "Polygon",
        "coordinates": [
          [
            [
              24.668488204479218,
              59.39791688277976
            ],
            [
              24.668488204479218,
              59.39783495557353
            ],
            [
              24.668490886688232,
              59.39768748660232
            ],
            [
              24.668490886688232,
              59.39748676494707
            ],
            [
              24.668493568897247,
              59.39733793052242
            ],
            [
              24.668493568897247,
              59.3972600996765
            ],
            [
              24.6682870388031,
              59.3972600996765
            ],
            [
              24.66828167438507,
              59.39791551732632
            ],
            [
              24.668305814266205,
              59.39791551732632
            ],
            [
              24.668488204479218,
              59.39791688277976
            ]
          ]
        ]
      },
      "properties": {
        "extrude": "true",
        "height": 16.0,
        "min_height": 0.0,
        "iso_3166_1": "EE",
        "type": "apartments",
        "underground": "false"
      }
    },
    {
      "type": "Feature",
      "id": 26875966,
      "geometry": {
        "type": "Polygon",
        "coordinates": [
          [
            [
              24.66477334499359,
              59.39687094544693
            ],
            [
              24.664781391620636,
              59.39684500183162
            ],
            [
              24.664877951145172,
              59.39685456000568
            ],
            [
              24.664998650550842,
              59.39653640935483
            ],
            [
              24.664676785469055,
              59.396505003925775
            ],
            [
              24.664633870124817,
              59.39661697110762
            ],
            [
              24.664556086063385,
              59.39682315457662
            ],
            [
              24.664625823497772,
              59.396829981843815
            ],
            [
              24.664615094661713,
              59.396855925459114
            ],
            [
              24.66472238302231,
              59.396866849086614
            ],
            [
              24.66477334499359,
              59.39687094544693
            ]
          ]
        ]
      },
      "properties": {
        "extrude": "true",
        "height": 16.0,
        "min_height": 0.0,
        "iso_3166_1": "EE",
        "type": "hostel",
        "underground": "false"
      }
    },
    {
      "type": "Feature",
      "id": 1150644680,
      "geometry": {
        "type": "Polygon",
        "coordinates": [
          [
            [
              24.670743942260742,
              59.395667980968824
            ],
            [
              24.670749306678772,
              59.39565432643445
            ],
            [
              24.670867323875427,
              59.395374408479846
            ],
            [
              24.671272337436676,
              59.39541946844327
            ],
            [
              24.67129111289978,
              59.395379870293596
            ],
            [
              24.670963883399963,
              59.39534300305079
            ],
            [
              24.670883417129517,
              59.39533481033017
            ],
            [
              24.67054545879364,
              59.395297943087364
            ],
            [
              24.670405983924866,
              59.395631113726026
            ],
            [
              24.670743942260742,
              59.395667980968824
            ]
          ]
        ]
      },
      "properties": {
        "extrude": "false",
        "height": 19.0,
        "min_height": 0.0,
        "iso_3166_1": "EE",
        "type": "university",
        "underground": "false"
      }
    },
    {
      "type": "Feature",
      "id": 214430051,
      "geometry": {
        "type": "Polygon",
        "coordinates": [
          [
            [
              24.66978907585144,
              59.39890547106823
            ],
            [
              24.66996878385544,
              59.3989041056148
            ],
            [
              24.66996878385544,
              59.398827640222315
            ],
            [
              24.669971466064453,
              59.39867744034423
            ],
            [
              24.66996878385544,
              59.39866242035642
            ],
            [
              24.66996878385544,
              59.39865559308924
            ],
            [
              24.669966101646423,
              59.39860234040519
            ],
            [
              24.66993123292923,
              59.39860234040519
            ],
            [
              24.66975688934326,
              59.398603705858626
            ],
            [
              24.669759571552277,
              59.39890547106823
            ],
            [
              24.66978907585144,
              59.39890547106823
            ]
          ]
        ]
      },
      "properties": {
        "extrude": "true",
        "height": 15.0,
        "min_height": 0.0,
        "iso_3166_1": "EE",
        "type": "apartments",
        "underground": "false"
      }
    },
    {
      "type": "Feature",
      "id": 26871460,
      "geometry": {
        "type": "Polygon",
        "coordinates": [
          [
            [
              24.667450189590454,
              59.39862282220675
            ],
            [
              24.66744750738144,
              59.398514951385216
            ],
            [
              24.66744750738144,
              59.398482180502725
            ],
            [
              24.66731071472168,
              59.398482180502725
            ],
            [
              24.667251706123352,
              59.39848354595616
            ],
            [
              24.66694861650467,
              59.39848354595616
            ],
            [
              24.666951298713684,
              59.398603705858626
            ],
            [
              24.6670800447464,
              59.398603705858626
            ],
            [
              24.667114913463593,
              59.39860234040519
            ],
            [
              24.667324125766754,
              59.39860234040519
            ],
            [
              24.667324125766754,
              59.39862282220675
            ],
            [
              24.667450189590454,
              59.39862282220675
            ]
          ]
        ]
      },
      "properties": {
        "extrude": "true",
        "height": 8.0,
        "min_height": 0.0,
        "iso_3166_1": "EE",
        "type": "commercial",
        "underground": "false"
      }
    },
    {
      "type": "Feature",
      "id": 1134366248,
      "geometry": {
        "type": "Polygon",
        "coordinates": [
          [
            [
              24.67312842607498,
              59.399330127087175
            ],
            [
              24.673219621181488,
              59.39929872165812
            ],
            [
              24.673120379447937,
              59.39922635262595
            ],
            [
              24.673101603984833,
              59.39923454534657
            ],
            [
              24.6730774641037,
              59.399216794451895
            ],
            [
              24.67300236225128,
              59.3992427380672
            ],
            [
              24.672970175743103,
              59.39921815990533
            ],
            [
              24.672895073890686,
              59.39924410352064
            ],
            [
              24.67295140028,
              59.39928370167031
            ],
            [
              24.672980904579163,
              59.399305548925305
            ],
            [
              24.673015773296356,
              59.39929325984437
            ],
            [
              24.67306673526764,
              59.39932876163374
            ],
            [
              24.673106968402863,
              59.39931510709937
            ],
            [
              24.67312842607498,
              59.399330127087175
            ]
          ]
        ]
      },
      "properties": {
        "extrude": "true",
        "height": 6.2,
        "min_height": 0.0,
        "iso_3166_1": "EE",
        "type": "commercial",
        "underground": "false"
      }
    },
    {
      "type": "Feature",
      "id": 26871314,
      "geometry": {
        "type": "Polygon",
        "coordinates": [
          [
            [
              24.66894418001175,
              59.39880442751388
            ],
            [
              24.66895490884781,
              59.39814764441063
            ],
            [
              24.668745696544647,
              59.39814764441063
            ],
            [
              24.668745696544647,
              59.398225475256545
            ],
            [
              24.668743014335632,
              59.39837157877432
            ],
            [
              24.668743014335632,
              59.398400253296494
            ],
            [
              24.668740332126617,
              59.39854772226771
            ],
            [
              24.668740332126617,
              59.39857366588301
            ],
            [
              24.668737649917603,
              59.39872113485422
            ],
            [
              24.668737649917603,
              59.39874844392296
            ],
            [
              24.668734967708588,
              59.398803062060445
            ],
            [
              24.66894418001175,
              59.39880442751388
            ]
          ]
        ]
      },
      "properties": {
        "extrude": "true",
        "height": 16.0,
        "min_height": 0.0,
        "iso_3166_1": "EE",
        "type": "apartments",
        "underground": "false"
      }
    },
    {
      "type": "Feature",
      "id": 26875996,
      "geometry": {
        "type": "Polygon",
        "coordinates": [
          [
            [
              24.667490422725677,
              59.3977898956101
            ],
            [
              24.667490422725677,
              59.39773527747262
            ],
            [
              24.667493104934692,
              59.39772025748481
            ],
            [
              24.667490422725677,
              59.39770796840388
            ],
            [
              24.667493104934692,
              59.39756323033954
            ],
            [
              24.667493104934692,
              59.397534555817366
            ],
            [
              24.667495787143707,
              59.39738708684616
            ],
            [
              24.667495787143707,
              59.39736250868429
            ],
            [
              24.667498469352722,
              59.39721367425964
            ],
            [
              24.667498469352722,
              59.397137208867164
            ],
            [
              24.667286574840546,
              59.397137208867164
            ],
            [
              24.6672785282135,
              59.39778853015667
            ],
            [
              24.667490422725677,
              59.3977898956101
            ]
          ]
        ]
      },
      "properties": {
        "extrude": "true",
        "height": 16.0,
        "min_height": 0.0,
        "iso_3166_1": "EE",
        "type": "apartments",
        "underground": "false"
      }
    },
    {
      "type": "Feature",
      "id": 1150644678,
      "geometry": {
        "type": "Polygon",
        "coordinates": [
          [
            [
              24.6719149004951,
              59.39481473384369
            ],
            [
              24.671913387794678,
              59.394814572826455
            ],
            [
              24.671918749809265,
              59.39479955709018
            ],
            [
              24.67191874825734,
              59.39479955692809
            ],
            [
              24.671918749809265,
              59.39479955258282
            ],
            [
              24.67181414467813,
              59.39478862906188
            ],
            [
              24.671820580962702,
              59.394772243505464
            ],
            [
              24.671822193903,
              59.39476813794385
            ],
            [
              24.672055542469025,
              59.3942177779192
            ],
            [
              24.672044813632965,
              59.3942177779192
            ],
            [
              24.67215210199356,
              59.39396376166145
            ],
            [
              24.67191070318222,
              59.393937813764154
            ],
            [
              24.671803414821625,
              59.3941904643431
            ],
            [
              24.671776592731476,
              59.394187732985486
            ],
            [
              24.67175781726837,
              59.394230069028445
            ],
            [
              24.67180073261261,
              59.39423553174367
            ],
            [
              24.671592142134873,
              59.39472718355065
            ],
            [
              24.67159152030945,
              59.39472718355065
            ],
            [
              24.671562016010284,
              59.39479818712938
            ],
            [
              24.67156189481948,
              59.39479847937154
            ],
            [
              24.67155396938324,
              59.39481731091465
            ],
            [
              24.671554085508397,
              59.39481731091465
            ],
            [
              24.671511054039,
              59.39492107793872
            ],
            [
              24.67187851667404,
              59.39496204154184
            ],
            [
              24.671891927719116,
              59.39492653975247
            ],
            [
              24.67216283082962,
              59.39495657972809
            ],
            [
              24.672208428382874,
              59.39484597799968
            ],
            [
              24.67193911117295,
              59.39481731091465
            ],
            [
              24.671940207481384,
              59.39481731091465
            ],
            [
              24.6719149004951,
              59.39481473384369
            ]
          ]
        ]
      },
      "properties": {
        "extrude": "true",
        "height": 19.0,
        "min_height": 0.0,
        "iso_3166_1": "EE",
        "type": "university",
        "underground": "false"
      }
    },
    {
      "type": "Feature",
      "id": 80539704,
      "geometry": {
        "type": "Polygon",
        "coordinates": [
          [
            [
              24.670346975326538,
              59.39698154717533
            ],
            [
              24.67050790786743,
              59.396586931132006
            ],
            [
              24.67051863670349,
              59.396562352970136
            ],
            [
              24.67056155204773,
              59.39645311669517
            ],
            [
              24.66958522796631,
              59.396346611327075
            ],
            [
              24.669512808322906,
              59.39670299467416
            ],
            [
              24.669485986232758,
              59.39670162922072
            ],
            [
              24.669392108917236,
              59.39669616740697
            ],
            [
              24.66932773590088,
              59.39682861639037
            ],
            [
              24.66932237148285,
              59.39683954001787
            ],
            [
              24.6695476770401,
              59.39687094544693
            ],
            [
              24.670346975326538,
              59.39698154717533
            ]
          ]
        ]
      },
      "properties": {
        "extrude": "true",
        "height": 20.0,
        "min_height": 0.0,
        "iso_3166_1": "EE",
        "type": "university",
        "underground": "false"
      }
    },
    {
      "type": "Feature",
      "id": 26857262,
      "geometry": {
        "type": "Polygon",
        "coordinates": [
          [
            [
              24.668783247470856,
              59.396753516451334
            ],
            [
              24.66892272233963,
              59.39641215309205
            ],
            [
              24.669013917446136,
              59.396421711266115
            ],
            [
              24.66903805732727,
              59.39636572767519
            ],
            [
              24.668946862220764,
              59.39635616950113
            ],
            [
              24.668804705142975,
              59.396341149513326
            ],
            [
              24.669005870819092,
              59.39585504808971
            ],
            [
              24.668740332126617,
              59.39582637356753
            ],
            [
              24.66852843761444,
              59.39633978405989
            ],
            [
              24.66868668794632,
              59.39635616950113
            ],
            [
              24.66853380203247,
              59.39672757283603
            ],
            [
              24.668630361557007,
              59.39673713101009
            ],
            [
              24.66867595911026,
              59.396742592823834
            ],
            [
              24.668783247470856,
              59.396753516451334
            ]
          ]
        ]
      },
      "properties": {
        "extrude": "true",
        "height": 16.0,
        "min_height": 0.0,
        "iso_3166_1": "EE",
        "type": "dormitory",
        "underground": "false"
      }
    },
    {
      "type": "Feature",
      "id": 1150644675,
      "geometry": {
        "type": "Polygon",
        "coordinates": [
          [
            [
              24.670743942260742,
              59.39471215364665
            ],
            [
              24.670591056346893,
              59.394694399822185
            ],
            [
              24.670599102973938,
              59.394675280318914
            ],
            [
              24.670502543449402,
              59.39466435488847
            ],
            [
              24.670499861240387,
              59.3946725489613
            ],
            [
              24.67051327228546,
              59.39467391464011
            ],
            [
              24.67050790786743,
              59.39468620574935
            ],
            [
              24.67028796672821,
              59.39466298920967
            ],
            [
              24.67027723789215,
              59.394691668464574
            ],
            [
              24.67021554708481,
              59.39468620574935
            ],
            [
              24.670486450195312,
              59.394048433747365
            ],
            [
              24.67041403055191,
              59.394041605353344
            ],
            [
              24.67029869556427,
              59.394027948565295
            ],
            [
              24.67021018266678,
              59.394018388813656
            ],
            [
              24.67019408941269,
              59.394057993499004
            ],
            [
              24.670239686965942,
              59.39406345621423
            ],
            [
              24.67002511024475,
              59.394571488729724
            ],
            [
              24.669998288154602,
              59.394632944275955
            ],
            [
              24.669966101646423,
              59.39462884723954
            ],
            [
              24.669924217239164,
              59.39472718355065
            ],
            [
              24.669923186302185,
              59.39472718355065
            ],
            [
              24.669917832850317,
              59.39474217283399
            ],
            [
              24.669917821884155,
              59.39474219858037
            ],
            [
              24.66991513967514,
              59.39474902697439
            ],
            [
              24.669915141117837,
              59.394749027133415
            ],
            [
              24.66991513967514,
              59.39474903080564
            ],
            [
              24.670125756889128,
              59.39477224350793
            ],
            [
              24.670175313949585,
              59.3947777062293
            ],
            [
              24.670186042785645,
              59.394779071908104
            ],
            [
              24.670191407203674,
              59.394772243514076
            ],
            [
              24.670231640064898,
              59.39477634052259
            ],
            [
              24.670186042785645,
              59.39488421069592
            ],
            [
              24.67040330171585,
              59.39490742340435
            ],
            [
              24.670448883446994,
              59.39480095499305
            ],
            [
              24.670448899269104,
              59.39480092276899
            ],
            [
              24.670465800844017,
              59.39480273448247
            ],
            [
              24.670690298080444,
              59.39482686165156
            ],
            [
              24.670694667046455,
              59.39481731091465
            ],
            [
              24.670695662498474,
              59.39481731091465
            ],
            [
              24.670743942260742,
              59.39471215364665
            ]
          ]
        ]
      },
      "properties": {
        "extrude": "true",
        "height": 20.0,
        "min_height": 0.0,
        "iso_3166_1": "EE",
        "type": "university",
        "underground": "false"
      }
    },
    {
      "type": "Feature",
      "id": 26876048,
      "geometry": {
        "type": "Polygon",
        "coordinates": [
          [
            [
              24.664912819862366,
              59.39752772855018
            ],
            [
              24.665004014968872,
              59.39750315038831
            ],
            [
              24.66503083705902,
              59.39749495766769
            ],
            [
              24.665054976940155,
              59.397488130400504
            ],
            [
              24.665218591690063,
              59.39744170498364
            ],
            [
              24.665274918079376,
              59.397426684995835
            ],
            [
              24.66546803712845,
              59.397372066858345
            ],
            [
              24.665494859218597,
              59.39736523959116
            ],
            [
              24.66566115617752,
              59.39731744872086
            ],
            [
              24.66568261384964,
              59.39731198690711
            ],
            [
              24.665706753730774,
              59.39730379418649
            ],
            [
              24.66579258441925,
              59.397280581478064
            ],
            [
              24.6656933426857,
              59.397189096097776
            ],
            [
              24.664813578128815,
              59.39743760862333
            ],
            [
              24.664912819862366,
              59.39752772855018
            ]
          ]
        ]
      },
      "properties": {
        "extrude": "true",
        "height": 16.0,
        "min_height": 0.0,
        "iso_3166_1": "EE",
        "type": "apartments",
        "underground": "false"
      }
    },
    {
      "type": "Feature",
      "id": 26871323,
      "geometry": {
        "type": "Polygon",
        "coordinates": [
          [
            [
              24.664971828460693,
              59.3988931819873
            ],
            [
              24.665065705776215,
              59.39889181653386
            ],
            [
              24.665060341358185,
              59.39850812411803
            ],
            [
              24.664990603923798,
              59.39850948957147
            ],
            [
              24.664987921714783,
              59.39839752238962
            ],
            [
              24.664987921714783,
              59.39825141887185
            ],
            [
              24.664749205112457,
              59.39825278432529
            ],
            [
              24.664751887321472,
              59.39847808414241
            ],
            [
              24.664751887321472,
              59.398490373223346
            ],
            [
              24.664738476276398,
              59.398490373223346
            ],
            [
              24.664738476276398,
              59.398551818628015
            ],
            [
              24.664824306964874,
              59.398551818628015
            ],
            [
              24.664829671382904,
              59.3988931819873
            ],
            [
              24.664971828460693,
              59.3988931819873
            ]
          ]
        ]
      },
      "properties": {
        "extrude": "true",
        "height": 15.0,
        "min_height": 0.0,
        "iso_3166_1": "EE",
        "type": "apartments",
        "underground": "false"
      }
    },
    {
      "type": "Feature",
      "id": 215386943,
      "geometry": {
        "type": "Polygon",
        "coordinates": [
          [
            [
              24.67115968465805,
              59.397062108928125
            ],
            [
              24.6713125705719,
              59.39672074556884
            ],
            [
              24.671347439289093,
              59.39664428017637
            ],
            [
              24.671387672424316,
              59.39655552570295
            ],
            [
              24.671183824539185,
              59.396529582087645
            ],
            [
              24.67104971408844,
              59.39651183119297
            ],
            [
              24.67079758644104,
              59.39648042576391
            ],
            [
              24.670762717723846,
              59.396565083877015
            ],
            [
              24.670738577842712,
              59.39661287474731
            ],
            [
              24.670599102973938,
              59.3969952017097
            ],
            [
              24.670684933662415,
              59.3970061253372
            ],
            [
              24.670743942260742,
              59.397012952604385
            ],
            [
              24.6709343791008,
              59.39703479985938
            ],
            [
              24.670985341072083,
              59.39704162712656
            ],
            [
              24.67115968465805,
              59.397062108928125
            ]
          ]
        ]
      },
      "properties": {
        "extrude": "true",
        "height": 23.0,
        "min_height": 0.0,
        "iso_3166_1": "EE",
        "type": "building",
        "underground": "false"
      }
    },
    {
      "type": "Feature",
      "id": 26876030,
      "geometry": {
        "type": "Polygon",
        "coordinates": [
          [
            [
              24.665355384349823,
              59.39793463367444
            ],
            [
              24.665449261665344,
              59.397910055512575
            ],
            [
              24.665481448173523,
              59.39790049733851
            ],
            [
              24.665502905845642,
              59.39789503552476
            ],
            [
              24.66567188501358,
              59.39784587920103
            ],
            [
              24.665685296058655,
              59.397841782840715
            ],
            [
              24.66570943593979,
              59.39783495557353
            ],
            [
              24.665889143943787,
              59.39778306834292
            ],
            [
              24.66591328382492,
              59.39777624107573
            ],
            [
              24.66594010591507,
              59.39776941380855
            ],
            [
              24.666109085083008,
              59.39772025748481
            ],
            [
              24.666127860546112,
              59.3977161611245
            ],
            [
              24.66614931821823,
              59.397709333857314
            ],
            [
              24.666235148906708,
              59.39768475569545
            ],
            [
              24.666135907173157,
              59.3975946357686
            ],
            [
              24.665258824825287,
              59.39784451374759
            ],
            [
              24.665355384349823,
              59.39793463367444
            ]
          ]
        ]
      },
      "properties": {
        "extrude": "true",
        "height": 16.0,
        "min_height": 0.0,
        "iso_3166_1": "EE",
        "type": "apartments",
        "underground": "false"
      }
    },
    {
      "type": "Feature",
      "id": 26876226,
      "geometry": {
        "type": "Polygon",
        "coordinates": [
          [
            [
              24.66584086418152,
              59.39607761699996
            ],
            [
              24.665862321853638,
              59.39602299886248
            ],
            [
              24.665910601615906,
              59.39602846067623
            ],
            [
              24.665993750095367,
              59.39581818084691
            ],
            [
              24.665894508361816,
              59.39580725721941
            ],
            [
              24.665905237197876,
              59.39577994815067
            ],
            [
              24.66584622859955,
              59.39577448633692
            ],
            [
              24.665942788124084,
              59.39553143562512
            ],
            [
              24.6656933426857,
              59.39550412655637
            ],
            [
              24.66567188501358,
              59.39555601378698
            ],
            [
              24.665626287460327,
              59.39555191742667
            ],
            [
              24.66558873653412,
              59.39564067190008
            ],
            [
              24.665537774562836,
              59.39576492816286
            ],
            [
              24.665674567222595,
              59.39577858269723
            ],
            [
              24.665564596652985,
              59.39604894247778
            ],
            [
              24.66584086418152,
              59.39607761699996
            ]
          ]
        ]
      },
      "properties": {
        "extrude": "true",
        "height": 16.0,
        "min_height": 0.0,
        "iso_3166_1": "EE",
        "type": "dormitory",
        "underground": "false"
      }
    },
    {
      "type": "Feature",
      "id": 26876209,
      "geometry": {
        "type": "Polygon",
        "coordinates": [
          [
            [
              24.667238295078278,
              59.396216893250546
            ],
            [
              24.667249023914337,
              59.396189584181805
            ],
            [
              24.667259752750397,
              59.39616773692681
            ],
            [
              24.66731071472168,
              59.396173198740556
            ],
            [
              24.667396545410156,
              59.3959615534578
            ],
            [
              24.66729998588562,
              59.39595062983031
            ],
            [
              24.66731071472168,
              59.395924686215004
            ],
            [
              24.667275846004486,
              59.39592058985469
            ],
            [
              24.667291939258575,
              59.39588372261189
            ],
            [
              24.667377769947052,
              59.39567480823601
            ],
            [
              24.667101502418518,
              59.3956447682604
            ],
            [
              24.667077362537384,
              59.395700751851315
            ],
            [
              24.667029082775116,
              59.395695290037565
            ],
            [
              24.66694325208664,
              59.3959096662272
            ],
            [
              24.66709077358246,
              59.39592605166844
            ],
            [
              24.666983485221863,
              59.396189584181805
            ],
            [
              24.667238295078278,
              59.396216893250546
            ]
          ]
        ]
      },
      "properties": {
        "extrude": "true",
        "height": 16.0,
        "min_height": 0.0,
        "iso_3166_1": "EE",
        "type": "dormitory",
        "underground": "false"
      }
    },
    {
      "type": "Feature",
      "id": 26871318,
      "geometry": {
        "type": "Polygon",
        "coordinates": [
          [
            [
              24.6662700176239,
              59.398816716594816
            ],
            [
              24.666535556316376,
              59.39874571301609
            ],
            [
              24.666519463062286,
              59.39873205848172
            ],
            [
              24.666508734226227,
              59.39872113485422
            ],
            [
              24.666361212730408,
              59.39857776224332
            ],
            [
              24.666320979595184,
              59.39853952954709
            ],
            [
              24.66631293296814,
              59.39853133682646
            ],
            [
              24.666237831115723,
              59.39855045317458
            ],
            [
              24.66621369123459,
              59.39852724046615
            ],
            [
              24.666004478931427,
              59.39858322405707
            ],
            [
              24.66605007648468,
              59.39862964947393
            ],
            [
              24.66606080532074,
              59.398639207647996
            ],
            [
              24.666079580783844,
              59.398633745834246
            ],
            [
              24.66620296239853,
              59.398752540283276
            ],
            [
              24.666157364845276,
              59.39876482936421
            ],
            [
              24.666200280189514,
              59.39880988932763
            ],
            [
              24.666248559951782,
              59.39879623479326
            ],
            [
              24.6662700176239,
              59.398816716594816
            ]
          ]
        ]
      },
      "properties": {
        "extrude": "false",
        "height": 5.0,
        "min_height": 0.0,
        "iso_3166_1": "EE",
        "type": "commercial",
        "underground": "false"
      }
    },
    {
      "type": "Feature",
      "id": 26871649,
      "geometry": {
        "type": "Polygon",
        "coordinates": [
          [
            [
              24.670851230621338,
              59.39959365960054
            ],
            [
              24.670851230621338,
              59.39952811783556
            ],
            [
              24.67081904411316,
              59.39952811783556
            ],
            [
              24.670821726322174,
              59.399435267001834
            ],
            [
              24.670851230621338,
              59.39943663245527
            ],
            [
              24.670851230621338,
              59.399366994329974
            ],
            [
              24.670617878437042,
              59.3993642634231
            ],
            [
              24.670617878437042,
              59.3994120542934
            ],
            [
              24.670515954494476,
              59.3994120542934
            ],
            [
              24.67051863670349,
              59.399354705249046
            ],
            [
              24.670376479625702,
              59.3993533397956
            ],
            [
              24.670368432998657,
              59.39957727415929
            ],
            [
              24.670483767986298,
              59.39957863961273
            ],
            [
              24.670483767986298,
              59.39959092869366
            ],
            [
              24.670601785182953,
              59.39959092869366
            ],
            [
              24.670604467391968,
              59.399534945102744
            ],
            [
              24.670706391334534,
              59.39953631055618
            ],
            [
              24.670706391334534,
              59.3995922941471
            ],
            [
              24.670851230621338,
              59.39959365960054
            ]
          ]
        ]
      },
      "properties": {
        "extrude": "true",
        "height": 42.0,
        "min_height": 0.0,
        "iso_3166_1": "EE",
        "type": "apartments",
        "underground": "false"
      }
    },
    {
      "type": "Feature",
      "id": 26871344,
      "geometry": {
        "type": "Polygon",
        "coordinates": [
          [
            [
              24.671162366867065,
              59.39896282011259
            ],
            [
              24.67116504907608,
              59.39889864380105
            ],
            [
              24.671135544776917,
              59.39889864380105
            ],
            [
              24.67113822698593,
              59.39880715842076
            ],
            [
              24.671167731285095,
              59.39880715842076
            ],
            [
              24.67117041349411,
              59.39873752029546
            ],
            [
              24.670942425727844,
              59.39873478938859
            ],
            [
              24.670937061309814,
              59.39873478938859
            ],
            [
              24.6709343791008,
              59.39877984935202
            ],
            [
              24.67082977294922,
              59.39877984935202
            ],
            [
              24.670832455158234,
              59.398725231214534
            ],
            [
              24.67069298028946,
              59.39872386576109
            ],
            [
              24.6706822514534,
              59.39894780012478
            ],
            [
              24.67079222202301,
              59.39894780012478
            ],
            [
              24.67079222202301,
              59.398960089205715
            ],
            [
              24.67091828584671,
              59.39896145465915
            ],
            [
              24.670920968055725,
              59.39890956742854
            ],
            [
              24.67102289199829,
              59.39891093288198
            ],
            [
              24.671020209789276,
              59.39896282011259
            ],
            [
              24.671162366867065,
              59.39896282011259
            ]
          ]
        ]
      },
      "properties": {
        "extrude": "true",
        "height": 42.0,
        "min_height": 0.0,
        "iso_3166_1": "EE",
        "type": "apartments",
        "underground": "false"
      }
    },
    {
      "type": "Feature",
      "id": 1150644676,
      "geometry": {
        "type": "Polygon",
        "coordinates": [
          [
            [
              24.671562016010284,
              59.394798191411375
            ],
            [
              24.67156201431274,
              59.394798191222876
            ],
            [
              24.671562016010284,
              59.39479818712938
            ],
            [
              24.671328336509802,
              59.394772243489925
            ],
            [
              24.671057760715485,
              59.39474219858037
            ],
            [
              24.67104434967041,
              59.394772243514076
            ],
            [
              24.671009481207115,
              59.394768146507495
            ],
            [
              24.671009485836862,
              59.39476813472298
            ],
            [
              24.67103898525238,
              59.3946971311798
            ],
            [
              24.671052396297455,
              59.39466435488847
            ],
            [
              24.671253561973572,
              59.3941918300219
            ],
            [
              24.671277701854706,
              59.3941372028697
            ],
            [
              24.671350121498108,
              59.39414403126373
            ],
            [
              24.67146545648575,
              59.3938708955027
            ],
            [
              24.671409130096436,
              59.393865432787486
            ],
            [
              24.671355485916138,
              59.39385997007226
            ],
            [
              24.671221375465393,
              59.39384494760541
            ],
            [
              24.671210646629333,
              59.3938681641451
            ],
            [
              24.67117041349411,
              59.39386406710868
            ],
            [
              24.671178460121155,
              59.3938435819266
            ],
            [
              24.671089947223663,
              59.39383265649616
            ],
            [
              24.670979976654053,
              59.39409486682674
            ],
            [
              24.671041667461395,
              59.39410169522077
            ],
            [
              24.67103898525238,
              59.39410852361479
            ],
            [
              24.670996069908142,
              59.39410442657838
            ],
            [
              24.670977294445038,
              59.394149493978944
            ],
            [
              24.67101752758026,
              59.39415359101536
            ],
            [
              24.67078149318695,
              59.39471625068307
            ],
            [
              24.670743942260742,
              59.39471215364665
            ],
            [
              24.670737041737308,
              59.39472718355065
            ],
            [
              24.670735895633698,
              59.39472718355065
            ],
            [
              24.670690298080444,
              59.39482686165156
            ],
            [
              24.67068761587143,
              59.39483505437218
            ],
            [
              24.67095583677292,
              59.394863728894364
            ],
            [
              24.670974612236023,
              59.394866459801236
            ],
            [
              24.670977294445038,
              59.39485690162718
            ],
            [
              24.671001434326172,
              59.39485963253405
            ],
            [
              24.670953154563904,
              59.39497296516933
            ],
            [
              24.67119723558426,
              59.39500027423807
            ],
            [
              24.671242833137512,
              59.39489240341654
            ],
            [
              24.671398401260376,
              59.39490878885779
            ],
            [
              24.671511054039,
              59.39492107793872
            ],
            [
              24.67156189481948,
              59.39479847937154
            ],
            [
              24.671562016010284,
              59.394798191411375
            ]
          ]
        ]
      },
      "properties": {
        "extrude": "true",
        "height": 18.0,
        "min_height": 0.0,
        "iso_3166_1": "EE",
        "type": "university",
        "underground": "false"
      }
    },
    {
      "type": "Feature",
      "id": 1117531999,
      "geometry": {
        "type": "Polygon",
        "coordinates": [
          [
            [
              24.67438906431198,
              59.40004699014166
            ],
            [
              24.67439979314804,
              59.400040162874475
            ],
            [
              24.674418568611145,
              59.40004289378135
            ],
            [
              24.67444270849228,
              59.40004425923479
            ],
            [
              24.674469530582428,
              59.40004152832791
            ],
            [
              24.6745365858078,
              59.400012853805734
            ],
            [
              24.6745365858078,
              59.39999919927136
            ],
            [
              24.674528539180756,
              59.39998417928356
            ],
            [
              24.674517810344696,
              59.39997462110949
            ],
            [
              24.674490988254547,
              59.39995687021481
            ],
            [
              24.674461483955383,
              59.39994867749419
            ],
            [
              24.67443734407425,
              59.39994458113388
            ],
            [
              24.67440515756607,
              59.399941850227
            ],
            [
              24.67437833547592,
              59.39994458113388
            ],
            [
              24.674346148967743,
              59.399951408401066
            ],
            [
              24.674324691295624,
              59.39996233202856
            ],
            [
              24.674343466758728,
              59.39997052474918
            ],
            [
              24.674335420131683,
              59.39997462110949
            ],
            [
              24.674335420131683,
              59.39999100655074
            ],
            [
              24.6743381023407,
              59.40000329563167
            ],
            [
              24.67432200908661,
              59.4000114883523
            ],
            [
              24.67438906431198,
              59.40004699014166
            ]
          ]
        ]
      },
      "properties": {
        "extrude": "true",
        "height": 3.1,
        "min_height": 0.0,
        "iso_3166_1": "EE",
        "type": "building",
        "underground": "false"
      }
    },
    {
      "type": "Feature",
      "id": 26871398,
      "geometry": {
        "type": "Polygon",
        "coordinates": [
          [
            [
              24.671476185321808,
              59.39827872794059
            ],
            [
              24.671478867530823,
              59.398120335341886
            ],
            [
              24.671500325202942,
              59.398120335341886
            ],
            [
              24.671500325202942,
              59.39805888993722
            ],
            [
              24.671398401260376,
              59.39805888993722
            ],
            [
              24.671398401260376,
              59.39804660085628
            ],
            [
              24.671272337436676,
              59.39804523540285
            ],
            [
              24.671272337436676,
              59.39809575718002
            ],
            [
              24.67117041349411,
              59.39809575718002
            ],
            [
              24.67117041349411,
              59.39804386994941
            ],
            [
              24.67102825641632,
              59.39804386994941
            ],
            [
              24.671025574207306,
              59.398109411714394
            ],
            [
              24.67105507850647,
              59.398109411714394
            ],
            [
              24.67105507850647,
              59.398200897094675
            ],
            [
              24.671025574207306,
              59.398200897094675
            ],
            [
              24.671025574207306,
              59.39826507340622
            ],
            [
              24.671256244182587,
              59.39826507340622
            ],
            [
              24.671256244182587,
              59.39822410980311
            ],
            [
              24.671360850334167,
              59.398225475256545
            ],
            [
              24.671360850334167,
              59.39827872794059
            ],
            [
              24.671476185321808,
              59.39827872794059
            ]
          ]
        ]
      },
      "properties": {
        "extrude": "true",
        "height": 42.0,
        "min_height": 0.0,
        "iso_3166_1": "EE",
        "type": "apartments",
        "underground": "false"
      }
    },
    {
      "type": "Feature",
      "id": 1150644679,
      "geometry": {
        "type": "Polygon",
        "coordinates": [
          [
            [
              24.67150568962097,
              59.39579087177817
            ],
            [
              24.67166930437088,
              59.39540308300202
            ],
            [
              24.671765863895416,
              59.39541400662952
            ],
            [
              24.671873152256012,
              59.39542629571046
            ],
            [
              24.671725630760193,
              59.39577858269723
            ],
            [
              24.67179000377655,
              59.39578540996442
            ],
            [
              24.671940207481384,
              59.39543312297764
            ],
            [
              24.672087728977203,
              59.395449508418885
            ],
            [
              24.672181606292725,
              59.395228304962075
            ],
            [
              24.672160148620605,
              59.395225574055196
            ],
            [
              24.67178463935852,
              59.395184610452084
            ],
            [
              24.671787321567535,
              59.3951777831849
            ],
            [
              24.671870470046997,
              59.394979792436516
            ],
            [
              24.67187851667404,
              59.39496204154184
            ],
            [
              24.671511054039,
              59.39492107793872
            ],
            [
              24.671468138694763,
              59.395023486946506
            ],
            [
              24.671315252780914,
              59.39538260120047
            ],
            [
              24.67129111289978,
              59.395379870293596
            ],
            [
              24.671272337436676,
              59.39541946844327
            ],
            [
              24.671178460121155,
              59.39564613371383
            ],
            [
              24.67115432024002,
              59.39569938639788
            ],
            [
              24.671266973018646,
              59.395711675478815
            ],
            [
              24.671245515346527,
              59.39576219725598
            ],
            [
              24.67144936323166,
              59.39578540996442
            ],
            [
              24.671497642993927,
              59.39579087177817
            ],
            [
              24.67150568962097,
              59.39579087177817
            ]
          ]
        ]
      },
      "properties": {
        "extrude": "true",
        "height": 19.0,
        "min_height": 0.0,
        "iso_3166_1": "EE",
        "type": "university",
        "underground": "false"
      }
    },
    {
      "type": "Feature",
      "id": 26856768,
      "geometry": {
        "type": "Polygon",
        "coordinates": [
          [
            [
              24.671484231948853,
              59.39636572767519
            ],
            [
              24.67153251171112,
              59.39624556777272
            ],
            [
              24.67155933380127,
              59.396178660554305
            ],
            [
              24.671671986579895,
              59.396068058825904
            ],
            [
              24.671604931354523,
              59.39605030793122
            ],
            [
              24.671607613563538,
              59.39603665339685
            ],
            [
              24.67146009206772,
              59.39601480614186
            ],
            [
              24.671470820903778,
              59.395976573445616
            ],
            [
              24.671425223350525,
              59.39597384253874
            ],
            [
              24.671409130096436,
              59.39597384253874
            ],
            [
              24.671376943588257,
              59.395971111631866
            ],
            [
              24.671393036842346,
              59.395932878935625
            ],
            [
              24.671205282211304,
              59.39591649349438
            ],
            [
              24.67117577791214,
              59.39598749707311
            ],
            [
              24.671047031879425,
              59.3959724770853
            ],
            [
              24.67101752758026,
              59.39605030793122
            ],
            [
              24.670990705490112,
              59.39611311878932
            ],
            [
              24.670953154563904,
              59.39621006598336
            ],
            [
              24.67093974351883,
              59.39624420231929
            ],
            [
              24.670910239219666,
              59.39624010595898
            ],
            [
              24.670899510383606,
              59.396264684120844
            ],
            [
              24.670888781547546,
              59.39629062773615
            ],
            [
              24.670875370502472,
              59.396327494978955
            ],
            [
              24.671014845371246,
              59.39634251496676
            ],
            [
              24.671020209789276,
              59.39634251496676
            ],
            [
              24.67102825641632,
              59.39631247499114
            ],
            [
              24.67106580734253,
              59.396316571351456
            ],
            [
              24.671221375465393,
              59.39633432224614
            ],
            [
              24.671299159526825,
              59.3963438804202
            ],
            [
              24.671484231948853,
              59.39636572767519
            ]
          ]
        ]
      },
      "properties": {
        "extrude": "true",
        "height": 27.0,
        "min_height": 0.0,
        "iso_3166_1": "EE",
        "type": "university",
        "underground": "false"
      }
    },
    {
      "type": "Feature",
      "id": 26876239,
      "geometry": {
        "type": "Polygon",
        "coordinates": [
          [
            [
              24.66827094554901,
              59.39671255284822
            ],
            [
              24.66832458972931,
              59.39658420022513
            ],
            [
              24.667348265647888,
              59.3964763294036
            ],
            [
              24.66729462146759,
              59.39660604748013
            ],
            [
              24.667356312274933,
              59.39661287474731
            ],
            [
              24.667358994483948,
              59.39660604748013
            ],
            [
              24.667455554008484,
              59.39661560565418
            ],
            [
              24.66745287179947,
              59.396623798374804
            ],
            [
              24.667503833770752,
              59.396629260188554
            ],
            [
              24.667506515979767,
              59.39662652928168
            ],
            [
              24.6675306558609,
              59.396629260188554
            ],
            [
              24.66753602027893,
              59.396629260188554
            ],
            [
              24.66756284236908,
              59.39663335654887
            ],
            [
              24.667560160160065,
              59.396634722002304
            ],
            [
              24.667621850967407,
              59.39664154926949
            ],
            [
              24.667624533176422,
              59.396634722002304
            ],
            [
              24.66771572828293,
              59.39664428017637
            ],
            [
              24.667713046073914,
              59.39665110744355
            ],
            [
              24.667844474315643,
              59.39666612743136
            ],
            [
              24.667847156524658,
              59.396659300164174
            ],
            [
              24.667938351631165,
              59.39666885833823
            ],
            [
              24.667932987213135,
              59.396675685605416
            ],
            [
              24.667991995811462,
              59.3966825128726
            ],
            [
              24.667991995811462,
              59.39667978196573
            ],
            [
              24.66802418231964,
              59.3966825128726
            ],
            [
              24.668042957782745,
              59.39668524377948
            ],
            [
              24.668042957782745,
              59.39668797468635
            ],
            [
              24.668107330799103,
              59.39669480195354
            ],
            [
              24.668112695217133,
              59.39668797468635
            ],
            [
              24.66819852590561,
              59.396697532860415
            ],
            [
              24.668195843696594,
              59.3967043601276
            ],
            [
              24.66827094554901,
              59.39671255284822
            ]
          ]
        ]
      },
      "properties": {
        "extrude": "true",
        "height": 20.0,
        "min_height": 0.0,
        "iso_3166_1": "EE",
        "type": "dormitory",
        "underground": "false"
      }
    },
    {
      "type": "Feature",
      "id": 26871643,
      "geometry": {
        "type": "Polygon",
        "coordinates": [
          [
            [
              24.6684667468071,
              59.3995922941471
            ],
            [
              24.6684667468071,
              59.399462576070576
            ],
            [
              24.668332636356354,
              59.399462576070576
            ],
            [
              24.668332636356354,
              59.399468037884326
            ],
            [
              24.66796785593033,
              59.39946667243088
            ],
            [
              24.66796785593033,
              59.39943936336214
            ],
            [
              24.668110013008118,
              59.399440728815584
            ],
            [
              24.668110013008118,
              59.399366994329974
            ],
            [
              24.668099284172058,
              59.399366994329974
            ],
            [
              24.668099284172058,
              59.3993273961803
            ],
            [
              24.668016135692596,
              59.3993273961803
            ],
            [
              24.668016135692596,
              59.399311010739055
            ],
            [
              24.667989313602448,
              59.399311010739055
            ],
            [
              24.667989313602448,
              59.39928916348406
            ],
            [
              24.668169021606445,
              59.39928916348406
            ],
            [
              24.668169021606445,
              59.39917036903503
            ],
            [
              24.667629897594452,
              59.39916900358159
            ],
            [
              24.667629897594452,
              59.39916354176785
            ],
            [
              24.667498469352722,
              59.39916354176785
            ],
            [
              24.667498469352722,
              59.39928916348406
            ],
            [
              24.66794639825821,
              59.3992905289375
            ],
            [
              24.66794639825821,
              59.39933285799405
            ],
            [
              24.667911529541016,
              59.39933285799405
            ],
            [
              24.667911529541016,
              59.39946667243088
            ],
            [
              24.667790830135345,
              59.39946530697745
            ],
            [
              24.667790830135345,
              59.39958819778679
            ],
            [
              24.667986631393433,
              59.39958819778679
            ],
            [
              24.6682870388031,
              59.39958956324023
            ],
            [
              24.6682870388031,
              59.3995922941471
            ],
            [
              24.6684667468071,
              59.3995922941471
            ]
          ]
        ]
      },
      "properties": {
        "extrude": "true",
        "height": 7.0,
        "min_height": 0.0,
        "iso_3166_1": "EE",
        "type": "school",
        "underground": "false"
      }
    },
    {
      "type": "Feature",
      "id": 769754287,
      "geometry": {
        "type": "Polygon",
        "coordinates": [
          [
            [
              24.66455340385437,
              59.395368946666096
            ],
            [
              24.664561450481415,
              59.395341637597355
            ],
            [
              24.66451585292816,
              59.395336175783605
            ],
            [
              24.664539992809296,
              59.39536758121266
            ],
            [
              24.66455340385437,
              59.395368946666096
            ]
          ]
        ]
      },
      "properties": {
        "type": "building:part",
        "extrude": "true",
        "height": 7.0,
        "min_height": 3.0,
        "iso_3166_1": "EE",
        "underground": "false",
        "building_id": 26876137
      }
    },
    {
      "type": "Feature",
      "id": 1156975259,
      "geometry": {
        "type": "Polygon",
        "coordinates": [
          [
            [
              24.664880633354187,
              59.399526752382116
            ],
            [
              24.664934277534485,
              59.39952538692868
            ],
            [
              24.6649369597435,
              59.399485788779
            ],
            [
              24.664880633354187,
              59.399485788779
            ],
            [
              24.664880633354187,
              59.399526752382116
            ]
          ]
        ]
      },
      "properties": {
        "type": "building:part",
        "extrude": "true",
        "height": 20.0,
        "min_height": 0.0,
        "iso_3166_1": "EE",
        "underground": "false",
        "building_id": 704144493
      }
    },
    {
      "type": "Feature",
      "id": 229498780,
      "geometry": {
        "type": "Polygon",
        "coordinates": [
          [
            [
              24.664824306964874,
              59.398551818628015
            ],
            [
              24.66482162475586,
              59.398490373223346
            ],
            [
              24.664738476276398,
              59.398490373223346
            ],
            [
              24.664738476276398,
              59.398551818628015
            ],
            [
              24.664824306964874,
              59.398551818628015
            ]
          ]
        ]
      },
      "properties": {
        "type": "building:part",
        "extrude": "true",
        "height": 3.1,
        "min_height": 0.0,
        "iso_3166_1": "EE",
        "underground": "false",
        "building_id": 26871323
      }
    },
    {
      "type": "Feature",
      "id": 1165329377,
      "geometry": {
        "type": "Polygon",
        "coordinates": [
          [
            [
              24.666315615177155,
              59.39868290215798
            ],
            [
              24.666371941566467,
              59.39866924762361
            ],
            [
              24.66634511947632,
              59.39864057310143
            ],
            [
              24.666288793087006,
              59.39865559308924
            ],
            [
              24.666315615177155,
              59.39868290215798
            ]
          ]
        ]
      },
      "properties": {
        "type": "building:part",
        "extrude": "true",
        "height": 30.0,
        "min_height": 0.0,
        "iso_3166_1": "EE",
        "underground": "false",
        "building_id": 26871318
      }
    },
    {
      "type": "Feature",
      "id": 1156933084,
      "geometry": {
        "type": "Polygon",
        "coordinates": [
          [
            [
              24.66606080532074,
              59.398639207647996
            ],
            [
              24.666079580783844,
              59.398633745834246
            ],
            [
              24.666074216365814,
              59.39862964947393
            ],
            [
              24.666068851947784,
              59.39862418766018
            ],
            [
              24.66605007648468,
              59.39862964947393
            ],
            [
              24.66606080532074,
              59.398639207647996
            ]
          ]
        ]
      },
      "properties": {
        "type": "building:part",
        "extrude": "true",
        "height": 5.0,
        "min_height": 0.0,
        "iso_3166_1": "EE",
        "underground": "false",
        "building_id": 26871318
      }
    },
    {
      "type": "Feature",
      "id": 1158739295,
      "geometry": {
        "type": "Polygon",
        "coordinates": [
          [
            [
              24.668289721012115,
              59.39957863961273
            ],
            [
              24.668289721012115,
              59.39951582875462
            ],
            [
              24.668002724647522,
              59.39951446330119
            ],
            [
              24.668002724647522,
              59.39957727415929
            ],
            [
              24.668289721012115,
              59.39957863961273
            ]
          ]
        ]
      },
      "properties": {
        "type": "building:part",
        "extrude": "true",
        "height": 9.3,
        "min_height": 0.0,
        "iso_3166_1": "EE",
        "underground": "false",
        "building_id": 26871643
      }
    },
    {
      "type": "Feature",
      "id": 1156052948,
      "geometry": {
        "type": "Polygon",
        "coordinates": [
          [
            [
              24.666200280189514,
              59.39880988932763
            ],
            [
              24.666248559951782,
              59.39879623479326
            ],
            [
              24.666224420070648,
              59.39877302208483
            ],
            [
              24.66620296239853,
              59.398752540283276
            ],
            [
              24.666157364845276,
              59.39876482936421
            ],
            [
              24.666200280189514,
              59.39880988932763
            ]
          ]
        ]
      },
      "properties": {
        "type": "building:part",
        "extrude": "true",
        "height": 5.0,
        "min_height": 0.0,
        "iso_3166_1": "EE",
        "underground": "false",
        "building_id": 26871318
      }
    },
    {
      "type": "Feature",
      "id": 1436877743,
      "geometry": {
        "type": "Polygon",
        "coordinates": [
          [
            [
              24.669013917446136,
              59.396421711266115
            ],
            [
              24.66903805732727,
              59.39636572767519
            ],
            [
              24.668946862220764,
              59.39635616950113
            ],
            [
              24.668936133384705,
              59.39638484402331
            ],
            [
              24.66892272233963,
              59.39641215309205
            ],
            [
              24.669013917446136,
              59.396421711266115
            ]
          ]
        ]
      },
      "properties": {
        "type": "building:part",
        "extrude": "true",
        "height": 3.1,
        "min_height": 0.0,
        "iso_3166_1": "EE",
        "underground": "false",
        "building_id": 26857262
      }
    },
    {
      "type": "Feature",
      "id": 1159396256,
      "geometry": {
        "type": "Polygon",
        "coordinates": [
          [
            [
              24.671435952186584,
              59.39821591708249
            ],
            [
              24.671435952186584,
              59.398103949900644
            ],
            [
              24.671073853969574,
              59.398103949900644
            ],
            [
              24.671073853969574,
              59.39821591708249
            ],
            [
              24.671435952186584,
              59.39821591708249
            ]
          ]
        ]
      },
      "properties": {
        "type": "building:part",
        "extrude": "true",
        "height": 45.0,
        "min_height": 42.0,
        "iso_3166_1": "EE",
        "underground": "false",
        "building_id": 26871398
      }
    },
    {
      "type": "Feature",
      "id": 1159396253,
      "geometry": {
        "type": "Polygon",
        "coordinates": [
          [
            [
              24.671095311641693,
              59.3989041056148
            ],
            [
              24.671100676059723,
              59.39879350388639
            ],
            [
              24.670738577842712,
              59.398789407526074
            ],
            [
              24.670733213424683,
              59.39890000925448
            ],
            [
              24.671095311641693,
              59.3989041056148
            ]
          ]
        ]
      },
      "properties": {
        "type": "building:part",
        "extrude": "true",
        "height": 45.0,
        "min_height": 42.0,
        "iso_3166_1": "EE",
        "underground": "false",
        "building_id": 26871344
      }
    },
    {
      "type": "Feature",
      "id": 1157620367,
      "geometry": {
        "type": "Polygon",
        "coordinates": [
          [
            [
              24.67078149318695,
              59.39952811783556
            ],
            [
              24.67078149318695,
              59.39941751610715
            ],
            [
              24.67041939496994,
              59.399416150653714
            ],
            [
              24.67041939496994,
              59.39952811783556
            ],
            [
              24.67078149318695,
              59.39952811783556
            ]
          ]
        ]
      },
      "properties": {
        "type": "building:part",
        "extrude": "true",
        "height": 45.0,
        "min_height": 42.0,
        "iso_3166_1": "EE",
        "underground": "false",
        "building_id": 26871649
      }
    },
    {
      "type": "Feature",
      "id": 1143932721,
      "geometry": {
        "type": "Polygon",
        "coordinates": [
          [
            [
              24.669255316257477,
              59.400153495509755
            ],
            [
              24.669402837753296,
              59.40013028280133
            ],
            [
              24.669480621814728,
              59.40011662826695
            ],
            [
              24.66946452856064,
              59.40008658829134
            ],
            [
              24.669451117515564,
              59.40008795374477
            ],
            [
              24.669252634048462,
              59.40011799372039
            ],
            [
              24.669255316257477,
              59.400153495509755
            ]
          ]
        ]
      },
      "properties": {
        "extrude": "true",
        "height": 3.1,
        "min_height": 0.0,
        "iso_3166_1": "EE",
        "type": "building:part",
        "underground": "false"
      }
    },
    {
      "type": "Feature",
      "id": 1156933082,
      "geometry": {
        "type": "Polygon",
        "coordinates": [
          [
            [
              24.666361212730408,
              59.39875936755046
            ],
            [
              24.666508734226227,
              59.39872113485422
            ],
            [
              24.666361212730408,
              59.39857776224332
            ],
            [
              24.666211009025574,
              59.398620091299875
            ],
            [
              24.666248559951782,
              59.3986542276358
            ],
            [
              24.66630756855011,
              59.398708845773285
            ],
            [
              24.666361212730408,
              59.39875936755046
            ]
          ]
        ]
      },
      "properties": {
        "type": "building:part",
        "extrude": "true",
        "height": 15.0,
        "min_height": 10.0,
        "iso_3166_1": "EE",
        "underground": "false",
        "building_id": 26871318
      }
    },
    {
      "type": "Feature",
      "id": 1203944464,
      "geometry": {
        "type": "Polygon",
        "coordinates": [
          [
            [
              24.670743942260742,
              59.395667980968824
            ],
            [
              24.670867323875427,
              59.395374408479846
            ],
            [
              24.670883417129517,
              59.39533481033017
            ],
            [
              24.67054545879364,
              59.395297943087364
            ],
            [
              24.670405983924866,
              59.395631113726026
            ],
            [
              24.670743942260742,
              59.395667980968824
            ]
          ]
        ]
      },
      "properties": {
        "type": "building:part",
        "extrude": "true",
        "height": 9.3,
        "min_height": 0.0,
        "iso_3166_1": "EE",
        "underground": "false",
        "building_id": 1150644680
      }
    },
    {
      "type": "Feature",
      "id": 1156933083,
      "geometry": {
        "type": "Polygon",
        "coordinates": [
          [
            [
              24.66605007648468,
              59.39862964947393
            ],
            [
              24.666068851947784,
              59.39862418766018
            ],
            [
              24.666047394275665,
              59.39860234040519
            ],
            [
              24.666237831115723,
              59.39855045317458
            ],
            [
              24.66621369123459,
              59.39852724046615
            ],
            [
              24.666004478931427,
              59.39858322405707
            ],
            [
              24.66605007648468,
              59.39862964947393
            ]
          ]
        ]
      },
      "properties": {
        "type": "building:part",
        "extrude": "true",
        "height": 5.0,
        "min_height": 0.0,
        "iso_3166_1": "EE",
        "underground": "false",
        "building_id": 26871318
      }
    },
    {
      "type": "Feature",
      "id": 1156975257,
      "geometry": {
        "type": "Polygon",
        "coordinates": [
          [
            [
              24.6649369597435,
              59.39966329772583
            ],
            [
              24.66545730829239,
              59.39966056681896
            ],
            [
              24.665454626083374,
              59.39948305787213
            ],
            [
              24.6649369597435,
              59.399485788779
            ],
            [
              24.664934277534485,
              59.39952538692868
            ],
            [
              24.6649369597435,
              59.39966329772583
            ]
          ]
        ]
      },
      "properties": {
        "type": "building:part",
        "extrude": "true",
        "height": 6.2,
        "min_height": 0.0,
        "iso_3166_1": "EE",
        "underground": "false",
        "building_id": 704144493
      }
    },
    {
      "type": "Feature",
      "id": 1158736785,
      "geometry": {
        "type": "Polygon",
        "coordinates": [
          [
            [
              24.666366577148438,
              59.39741985772865
            ],
            [
              24.666393399238586,
              59.397413030461465
            ],
            [
              24.666347801685333,
              59.39737070140491
            ],
            [
              24.666798412799835,
              59.39724917604901
            ],
            [
              24.666827917099,
              59.39724098332839
            ],
            [
              24.666849374771118,
              59.397261465129944
            ],
            [
              24.666868150234222,
              59.397280581478064
            ],
            [
              24.66688960790634,
              59.397275119664315
            ],
            [
              24.666841328144073,
              59.39722869424745
            ],
            [
              24.666315615177155,
              59.39737070140491
            ],
            [
              24.666366577148438,
              59.39741985772865
            ]
          ]
        ]
      },
      "properties": {
        "extrude": "true",
        "height": 3.1,
        "min_height": 0.0,
        "iso_3166_1": "EE",
        "type": "building:part",
        "underground": "false"
      }
    },
    {
      "type": "Feature",
      "id": 1203944463,
      "geometry": {
        "type": "Polygon",
        "coordinates": [
          [
            [
              24.672087728977203,
              59.395449508418885
            ],
            [
              24.672181606292725,
              59.395228304962075
            ],
            [
              24.672160148620605,
              59.395225574055196
            ],
            [
              24.67178463935852,
              59.395184610452084
            ],
            [
              24.67164784669876,
              59.39516959046428
            ],
            [
              24.671551287174225,
              59.39539215937453
            ],
            [
              24.671623706817627,
              59.395398986641716
            ],
            [
              24.67166930437088,
              59.39540308300202
            ],
            [
              24.671873152256012,
              59.39542629571046
            ],
            [
              24.671940207481384,
              59.39543312297764
            ],
            [
              24.672087728977203,
              59.395449508418885
            ]
          ]
        ]
      },
      "properties": {
        "type": "building:part",
        "extrude": "true",
        "height": 15.5,
        "min_height": 0.0,
        "iso_3166_1": "EE",
        "underground": "false",
        "building_id": 1150644679
      }
    },
    {
      "type": "Feature",
      "id": 1156933085,
      "geometry": {
        "type": "Polygon",
        "coordinates": [
          [
            [
              24.6662700176239,
              59.398816716594816
            ],
            [
              24.666535556316376,
              59.39874571301609
            ],
            [
              24.666508734226227,
              59.39872113485422
            ],
            [
              24.666361212730408,
              59.39857776224332
            ],
            [
              24.66631293296814,
              59.39853133682646
            ],
            [
              24.666237831115723,
              59.39855045317458
            ],
            [
              24.666047394275665,
              59.39860234040519
            ],
            [
              24.666074216365814,
              59.39862964947393
            ],
            [
              24.666079580783844,
              59.398633745834246
            ],
            [
              24.66620296239853,
              59.398752540283276
            ],
            [
              24.666224420070648,
              59.39877302208483
            ],
            [
              24.666248559951782,
              59.39879623479326
            ],
            [
              24.6662700176239,
              59.398816716594816
            ]
          ]
        ]
      },
      "properties": {
        "type": "building:part",
        "extrude": "true",
        "height": 10.0,
        "min_height": 0.0,
        "iso_3166_1": "EE",
        "underground": "false",
        "building_id": 26871318
      }
    },
    {
      "type": "Feature",
      "id": 246465166,
      "geometry": {
        "type": "Polygon",
        "coordinates": [
          [
            [
              24.6658918261528,
              59.39854089500052
            ],
            [
              24.66617614030838,
              59.398463064154605
            ],
            [
              24.665870368480682,
              59.39817085711906
            ],
            [
              24.665717482566833,
              59.398211820722175
            ],
            [
              24.665586054325104,
              59.39824868796498
            ],
            [
              24.6658918261528,
              59.39854089500052
            ]
          ]
        ]
      },
      "properties": {
        "extrude": "false",
        "height": 3.0,
        "min_height": 0.0,
        "iso_3166_1": "EE",
        "type": "garages",
        "underground": "true"
      }
    },
    {
      "type": "Feature",
      "id": 715968953,
      "geometry": {
        "type": "Polygon",
        "coordinates": [
          [
            [
              24.66904878616333,
              59.39438848776984
            ],
            [
              24.66907560825348,
              59.394324300866
            ],
            [
              24.66896027326584,
              59.39431200975675
            ],
            [
              24.668930768966675,
              59.394376196660595
            ],
            [
              24.66904878616333,
              59.39438848776984
            ]
          ]
        ]
      },
      "properties": {
        "extrude": "true",
        "height": 3.0,
        "min_height": 0.0,
        "iso_3166_1": "EE",
        "type": "building",
        "underground": "false"
      }
    },
    {
      "type": "Feature",
      "id": 26875397,
      "geometry": {
        "type": "Polygon",
        "coordinates": [
          [
            [
              24.67393308877945,
              59.39259671717754
            ],
            [
              24.67400550842285,
              59.39251750780684
            ],
            [
              24.673986732959747,
              59.39251477644923
            ],
            [
              24.674029648303986,
              59.39245741793942
            ],
            [
              24.673876762390137,
              59.39243693275734
            ],
            [
              24.673847258090973,
              59.39248609719432
            ],
            [
              24.673710465431213,
              59.392468343369856
            ],
            [
              24.67366486787796,
              59.3925612095286
            ],
            [
              24.67393308877945,
              59.39259671717754
            ]
          ]
        ]
      },
      "properties": {
        "extrude": "true",
        "height": 7.0,
        "min_height": 0.0,
        "iso_3166_1": "EE",
        "type": "retail",
        "underground": "false"
      }
    },
    {
      "type": "Feature",
      "id": 76231993,
      "geometry": {
        "type": "Polygon",
        "coordinates": [
          [
            [
              24.670738577842712,
              59.39425328556813
            ],
            [
              24.670784175395966,
              59.39413993422731
            ],
            [
              24.670856595039368,
              59.39396376166145
            ],
            [
              24.670883417129517,
              59.393907768830445
            ],
            [
              24.67091828584671,
              59.393820365386915
            ],
            [
              24.67069298028946,
              59.39379578316842
            ],
            [
              24.67051327228546,
              59.39422870334964
            ],
            [
              24.670738577842712,
              59.39425328556813
            ]
          ]
        ]
      },
      "properties": {
        "extrude": "true",
        "height": 5.0,
        "min_height": 0.0,
        "iso_3166_1": "EE",
        "type": "university",
        "underground": "false"
      }
    },
    {
      "type": "Feature",
      "id": 1150644674,
      "geometry": {
        "type": "Polygon",
        "coordinates": [
          [
            [
              24.669858813285828,
              59.39398151548592
            ],
            [
              24.669974148273468,
              59.3937083797249
            ],
            [
              24.66959059238434,
              59.39366604368194
            ],
            [
              24.669577181339264,
              59.393700185652065
            ],
            [
              24.66952621936798,
              59.39369472293684
            ],
            [
              24.669518172740936,
              59.39371520811892
            ],
            [
              24.669483304023743,
              59.3937111110825
            ],
            [
              24.66941088438034,
              59.39388455229076
            ],
            [
              24.669445753097534,
              59.393888649327174
            ],
            [
              24.66943770647049,
              59.39391323154566
            ],
            [
              24.669480621814728,
              59.39391732858208
            ],
            [
              24.669472575187683,
              59.39393917944296
            ],
            [
              24.66971129179001,
              59.39396512734026
            ],
            [
              24.669858813285828,
              59.39398151548592
            ]
          ]
        ]
      },
      "properties": {
        "extrude": "true",
        "height": 16.0,
        "min_height": 0.0,
        "iso_3166_1": "EE",
        "type": "university",
        "underground": "false"
      }
    },
    {
      "type": "Feature",
      "id": 1150644677,
      "geometry": {
        "type": "Polygon",
        "coordinates": [
          [
            [
              24.67041403055191,
              59.394041605353344
            ],
            [
              24.670515954494476,
              59.393803977241255
            ],
            [
              24.67056691646576,
              59.39380943995648
            ],
            [
              24.670580327510834,
              59.39377666366515
            ],
            [
              24.670553505420685,
              59.39377393230754
            ],
            [
              24.670454263687134,
              59.3937630068771
            ],
            [
              24.670454263687134,
              59.393761641198296
            ],
            [
              24.67030942440033,
              59.39374661873144
            ],
            [
              24.67030942440033,
              59.39374798441025
            ],
            [
              24.670148491859436,
              59.39373023058578
            ],
            [
              24.6700519323349,
              59.393956933267425
            ],
            [
              24.67019408941269,
              59.39397195573428
            ],
            [
              24.670285284519196,
              59.393982881164725
            ],
            [
              24.67027723789215,
              59.394002000667996
            ],
            [
              24.670306742191315,
              59.39400609770441
            ],
            [
              24.67029869556427,
              59.394027948565295
            ],
            [
              24.67041403055191,
              59.394041605353344
            ]
          ]
        ]
      },
      "properties": {
        "extrude": "true",
        "height": 18.0,
        "min_height": 0.0,
        "iso_3166_1": "EE",
        "type": "university",
        "underground": "false"
      }
    },
    {
      "type": "Feature",
      "id": 26876115,
      "geometry": {
        "type": "Polygon",
        "coordinates": [
          [
            [
              24.678045558804797,
              59.394791152617856
            ],
            [
              24.67807173728943,
              59.39472718355065
            ],
            [
              24.678071681139357,
              59.39472718355065
            ],
            [
              24.678101241588593,
              59.39465479513684
            ],
            [
              24.67799663543701,
              59.394642504027594
            ],
            [
              24.677962394820575,
              59.39472718355065
            ],
            [
              24.677961766719818,
              59.39472718355065
            ],
            [
              24.6779403090477,
              59.39478180168813
            ],
            [
              24.677940309659757,
              59.394781801752046
            ],
            [
              24.6779403090477,
              59.394781803265715
            ],
            [
              24.67804491519928,
              59.39479272869615
            ],
            [
              24.678045558804797,
              59.394791152617856
            ]
          ]
        ]
      },
      "properties": {
        "extrude": "true",
        "height": 4.0,
        "min_height": 0.0,
        "iso_3166_1": "EE",
        "type": "building",
        "underground": "false"
      }
    },
    {
      "type": "Feature",
      "id": 851388905,
      "geometry": {
        "type": "Polygon",
        "coordinates": [
          [
            [
              24.678930044174194,
              59.3974731104127
            ],
            [
              24.678956866264343,
              59.39741985772865
            ],
            [
              24.678862988948822,
              59.397407568647715
            ],
            [
              24.678836166858673,
              59.39746082133176
            ],
            [
              24.678930044174194,
              59.3974731104127
            ]
          ]
        ]
      },
      "properties": {
        "extrude": "true",
        "height": 4.0,
        "min_height": 0.0,
        "iso_3166_1": "EE",
        "type": "building",
        "underground": "false"
      }
    },
    {
      "type": "Feature",
      "id": 26875249,
      "geometry": {
        "type": "Polygon",
        "coordinates": [
          [
            [
              24.678836166858673,
              59.39746082133176
            ],
            [
              24.678862988948822,
              59.397407568647715
            ],
            [
              24.6786430478096,
              59.397377528672095
            ],
            [
              24.678616225719452,
              59.39743214680958
            ],
            [
              24.678836166858673,
              59.39746082133176
            ]
          ]
        ]
      },
      "properties": {
        "extrude": "true",
        "height": 4.0,
        "min_height": 0.0,
        "iso_3166_1": "EE",
        "type": "service",
        "underground": "false"
      }
    },
    {
      "type": "Feature",
      "id": 26856762,
      "geometry": {
        "type": "Polygon",
        "coordinates": [
          [
            [
              24.678573310375214,
              59.39751407401581
            ],
            [
              24.678616225719452,
              59.39743214680958
            ],
            [
              24.67852771282196,
              59.397421223182086
            ],
            [
              24.67850625514984,
              59.39741849227521
            ],
            [
              24.678463339805603,
              59.397499054027996
            ],
            [
              24.678573310375214,
              59.39751407401581
            ]
          ]
        ]
      },
      "properties": {
        "extrude": "true",
        "height": 4.0,
        "min_height": 0.0,
        "iso_3166_1": "EE",
        "type": "service",
        "underground": "false"
      }
    },
    {
      "type": "Feature",
      "id": 26876112,
      "geometry": {
        "type": "Polygon",
        "coordinates": [
          [
            [
              24.677833092949253,
              59.39480757834675
            ],
            [
              24.677867889404297,
              59.39472718355065
            ],
            [
              24.677866709583444,
              59.39472718355065
            ],
            [
              24.677921533584595,
              59.39459607094822
            ],
            [
              24.6776881814003,
              59.39457012305092
            ],
            [
              24.6775996807369,
              59.394781774007654
            ],
            [
              24.677599668502808,
              59.39478180168813
            ],
            [
              24.67759966913401,
              59.39478180175618
            ],
            [
              24.677599668502808,
              59.394781803265715
            ],
            [
              24.677827656269073,
              59.3948063854842
            ],
            [
              24.677833020687103,
              59.39480775116301
            ],
            [
              24.677833092949253,
              59.39480757834675
            ]
          ]
        ]
      },
      "properties": {
        "extrude": "true",
        "height": 8.0,
        "min_height": 0.0,
        "iso_3166_1": "EE",
        "type": "building",
        "underground": "false"
      }
    },
    {
      "type": "Feature",
      "id": 115023099,
      "geometry": {
        "type": "Polygon",
        "coordinates": [
          [
            [
              24.6810382604599,
              59.396664761977924
            ],
            [
              24.681078493595123,
              59.396586931132006
            ],
            [
              24.681091904640198,
              59.396556891156386
            ],
            [
              24.681099951267242,
              59.396537774808266
            ],
            [
              24.68118041753769,
              59.396372554942374
            ],
            [
              24.68119114637375,
              59.39635616950113
            ],
            [
              24.681199193000793,
              59.39633841860645
            ],
            [
              24.681239426136017,
              59.39625785685366
            ],
            [
              24.681014120578766,
              59.39622918233148
            ],
            [
              24.680815637111664,
              59.39663608745574
            ],
            [
              24.680947065353394,
              59.39665247289699
            ],
            [
              24.6810382604599,
              59.396664761977924
            ]
          ]
        ]
      },
      "properties": {
        "extrude": "true",
        "height": 30.0,
        "min_height": 0.0,
        "iso_3166_1": "EE",
        "type": "apartments",
        "underground": "false"
      }
    },
    {
      "type": "Feature",
      "id": 115023096,
      "geometry": {
        "type": "Polygon",
        "coordinates": [
          [
            [
              24.678610861301422,
              59.39634934223395
            ],
            [
              24.678651094436646,
              59.396264684120844
            ],
            [
              24.67866450548172,
              59.39623464414523
            ],
            [
              24.678677916526794,
              59.396200507809304
            ],
            [
              24.678728878498077,
              59.396062597012154
            ],
            [
              24.678736925125122,
              59.3960421152106
            ],
            [
              24.678755700588226,
              59.39600115160748
            ],
            [
              24.678787887096405,
              59.395932878935625
            ],
            [
              24.678562581539154,
              59.39590420441345
            ],
            [
              24.678358733654022,
              59.39631930225833
            ],
            [
              24.678490161895752,
              59.396335687699576
            ],
            [
              24.678610861301422,
              59.39634934223395
            ]
          ]
        ]
      },
      "properties": {
        "extrude": "true",
        "height": 30.0,
        "min_height": 0.0,
        "iso_3166_1": "EE",
        "type": "apartments",
        "underground": "false"
      }
    },
    {
      "type": "Feature",
      "id": 115023101,
      "geometry": {
        "type": "Polygon",
        "coordinates": [
          [
            [
              24.67980980873108,
              59.39650773483265
            ],
            [
              24.679855406284332,
              59.39642034581268
            ],
            [
              24.679868817329407,
              59.39639030583706
            ],
            [
              24.679884910583496,
              59.396358900408
            ],
            [
              24.67995196580887,
              59.39621825870398
            ],
            [
              24.679962694644928,
              59.39619641144899
            ],
            [
              24.679981470108032,
              59.396159544206185
            ],
            [
              24.680010974407196,
              59.39610082970839
            ],
            [
              24.67978298664093,
              59.39607215518621
            ],
            [
              24.679584503173828,
              59.396479060310476
            ],
            [
              24.679710566997528,
              59.39649544575172
            ],
            [
              24.67980980873108,
              59.39650773483265
            ]
          ]
        ]
      },
      "properties": {
        "extrude": "true",
        "height": 30.0,
        "min_height": 0.0,
        "iso_3166_1": "EE",
        "type": "apartments",
        "underground": "false"
      }
    },
    {
      "type": "Feature",
      "id": 115023098,
      "geometry": {
        "type": "Polygon",
        "coordinates": [
          [
            [
              24.677350223064423,
              59.396195045995555
            ],
            [
              24.67739313840866,
              59.39610219516183
            ],
            [
              24.677411913871765,
              59.396068058825904
            ],
            [
              24.677422642707825,
              59.39604484611747
            ],
            [
              24.677489697933197,
              59.39590556986688
            ],
            [
              24.6775084733963,
              59.39587279898439
            ],
            [
              24.677521884441376,
              59.395844124462215
            ],
            [
              24.677548706531525,
              59.39578814087129
            ],
            [
              24.67732608318329,
              59.39575946634911
            ],
            [
              24.677127599716187,
              59.39616637147337
            ],
            [
              24.677165150642395,
              59.396170467833684
            ],
            [
              24.6772563457489,
              59.39618275691462
            ],
            [
              24.677350223064423,
              59.396195045995555
            ]
          ]
        ]
      },
      "properties": {
        "extrude": "true",
        "height": 30.0,
        "min_height": 0.0,
        "iso_3166_1": "EE",
        "type": "apartments",
        "underground": "false"
      }
    },
    {
      "type": "Feature",
      "id": 115023095,
      "geometry": {
        "type": "Polygon",
        "coordinates": [
          [
            [
              24.67887908220291,
              59.39804660085628
            ],
            [
              24.67890053987503,
              59.398004271799735
            ],
            [
              24.678919315338135,
              59.39797013546381
            ],
            [
              24.678956866264343,
              59.397974231824115
            ],
            [
              24.678959548473358,
              59.397968770010365
            ],
            [
              24.678972959518433,
              59.39797013546381
            ],
            [
              24.678975641727448,
              59.397960577289744
            ],
            [
              24.679023921489716,
              59.39787318826977
            ],
            [
              24.678361415863037,
              59.3977898956101
            ],
            [
              24.67829167842865,
              59.39792644095382
            ],
            [
              24.67827022075653,
              59.397966039103494
            ],
            [
              24.678468704223633,
              59.3979919827188
            ],
            [
              24.67887908220291,
              59.39804660085628
            ]
          ]
        ]
      },
      "properties": {
        "extrude": "true",
        "height": 3.5,
        "min_height": 0.0,
        "iso_3166_1": "EE",
        "type": "commercial",
        "underground": "false"
      }
    },
    {
      "type": "Feature",
      "id": 26876036,
      "geometry": {
        "type": "Polygon",
        "coordinates": [
          [
            [
              24.676988124847412,
              59.397966039103494
            ],
            [
              24.677033722400665,
              59.3978704573629
            ],
            [
              24.677092730998993,
              59.397744835646684
            ],
            [
              24.67725098133087,
              59.39776531744824
            ],
            [
              24.677285850048065,
              59.39768885205576
            ],
            [
              24.6771302819252,
              59.39766973570764
            ],
            [
              24.677116870880127,
              59.39769567932294
            ],
            [
              24.676819145679474,
              59.397658812080145
            ],
            [
              24.676792323589325,
              59.39771206476419
            ],
            [
              24.676808416843414,
              59.397728450205435
            ],
            [
              24.676918387413025,
              59.39774073928637
            ],
            [
              24.676867425441742,
              59.3978486101079
            ],
            [
              24.67682182788849,
              59.39794555730194
            ],
            [
              24.676988124847412,
              59.397966039103494
            ]
          ]
        ]
      },
      "properties": {
        "extrude": "true",
        "height": 3.1,
        "min_height": 0.0,
        "iso_3166_1": "EE",
        "type": "commercial",
        "underground": "false"
      }
    },
    {
      "type": "Feature",
      "id": 115023097,
      "geometry": {
        "type": "Polygon",
        "coordinates": [
          [
            [
              24.68042403459549,
              59.398220013442796
            ],
            [
              24.680437445640564,
              59.39819406982749
            ],
            [
              24.680461585521698,
              59.398150375317506
            ],
            [
              24.680531322956085,
              59.39815856803813
            ],
            [
              24.68055009841919,
              59.3981244317022
            ],
            [
              24.680474996566772,
              59.3981135080747
            ],
            [
              24.68052327632904,
              59.39801109906692
            ],
            [
              24.680491089820862,
              59.398007002706606
            ],
            [
              24.680499136447906,
              59.397990617265364
            ],
            [
              24.680335521697998,
              59.39796740455693
            ],
            [
              24.68032479286194,
              59.39798652090505
            ],
            [
              24.680289924144745,
              59.397982424544736
            ],
            [
              24.68024432659149,
              59.3980766408319
            ],
            [
              24.680233597755432,
              59.39809575718002
            ],
            [
              24.68018800020218,
              59.39818860801375
            ],
            [
              24.68042403459549,
              59.398220013442796
            ]
          ]
        ]
      },
      "properties": {
        "extrude": "true",
        "height": 31.0,
        "min_height": 0.0,
        "iso_3166_1": "EE",
        "type": "apartments",
        "underground": "false"
      }
    },
    {
      "type": "Feature",
      "id": 26871514,
      "geometry": {
        "type": "Polygon",
        "coordinates": [
          [
            [
              24.679045379161835,
              59.399719281316756
            ],
            [
              24.679474532604218,
              59.39963871956396
            ],
            [
              24.679501354694366,
              59.39964418137771
            ],
            [
              24.679549634456635,
              59.399586832333355
            ],
            [
              24.679512083530426,
              59.39957863961273
            ],
            [
              24.67963546514511,
              59.399432536094956
            ],
            [
              24.679581820964813,
              59.39942024701402
            ],
            [
              24.67953622341156,
              59.39940932338653
            ],
            [
              24.679549634456635,
              59.39939293794528
            ],
            [
              24.679501354694366,
              59.39938201431779
            ],
            [
              24.679487943649292,
              59.39939839975903
            ],
            [
              24.679434299468994,
              59.399386110678094
            ],
            [
              24.679313600063324,
              59.39953084874243
            ],
            [
              24.679176807403564,
              59.39950080876682
            ],
            [
              24.679128527641296,
              59.39955952326461
            ],
            [
              24.679171442985535,
              59.39956908143867
            ],
            [
              24.679045379161835,
              59.399719281316756
            ]
          ]
        ]
      },
      "properties": {
        "extrude": "true",
        "height": 8.0,
        "min_height": 0.0,
        "iso_3166_1": "EE",
        "type": "retail",
        "underground": "false"
      }
    },
    {
      "type": "Feature",
      "id": 115023100,
      "geometry": {
        "type": "Polygon",
        "coordinates": [
          [
            [
              24.6782648563385,
              59.39797696273099
            ],
            [
              24.67827022075653,
              59.397966039103494
            ],
            [
              24.67829167842865,
              59.39792644095382
            ],
            [
              24.678361415863037,
              59.3977898956101
            ],
            [
              24.67838019132614,
              59.39774620110012
            ],
            [
              24.67829704284668,
              59.39773527747262
            ],
            [
              24.678256809711456,
              59.39770523749701
            ],
            [
              24.677857160568237,
              59.39765608117327
            ],
            [
              24.677739143371582,
              59.39764106118546
            ],
            [
              24.677664041519165,
              59.3978008192376
            ],
            [
              24.677476286888123,
              59.39777624107573
            ],
            [
              24.677487015724182,
              59.397833590120094
            ],
            [
              24.677516520023346,
              59.397860899188835
            ],
            [
              24.677575528621674,
              59.39788820825758
            ],
            [
              24.67815488576889,
              59.39796194274318
            ],
            [
              24.678235352039337,
              59.39797286637068
            ],
            [
              24.6782648563385,
              59.39797696273099
            ]
          ]
        ]
      },
      "properties": {
        "extrude": "true",
        "height": 7.0,
        "min_height": 0.0,
        "iso_3166_1": "EE",
        "type": "retail",
        "underground": "false"
      }
    },
    {
      "type": "Feature",
      "id": 229913638,
      "geometry": {
        "type": "Polygon",
        "coordinates": [
          [
            [
              24.68181073665619,
              59.39576083180255
            ],
            [
              24.682092368602753,
              59.395667980968824
            ],
            [
              24.681944847106934,
              59.39564749916727
            ],
            [
              24.681896567344666,
              59.39560243920384
            ],
            [
              24.681985080242157,
              59.39557786104198
            ],
            [
              24.682143330574036,
              59.39559970829697
            ],
            [
              24.68202531337738,
              59.395449508418885
            ],
            [
              24.679603278636932,
              59.39516549410396
            ],
            [
              24.679659605026245,
              59.39522420860176
            ],
            [
              24.679522812366486,
              59.395266537658316
            ],
            [
              24.67968374490738,
              59.39528701945987
            ],
            [
              24.679737389087677,
              59.395330713969855
            ],
            [
              24.67965692281723,
              59.39535665758516
            ],
            [
              24.67952013015747,
              59.395347099411104
            ],
            [
              24.679681062698364,
              59.395498664742625
            ],
            [
              24.679836630821228,
              59.395517781090746
            ],
            [
              24.68163639307022,
              59.395738984547556
            ],
            [
              24.68181073665619,
              59.39576083180255
            ]
          ]
        ]
      },
      "properties": {
        "type": "garages",
        "height": 3.0,
        "extrude": "true",
        "min_height": 0.0,
        "iso_3166_1": "EE",
        "underground": "false"
      }
    },
    {
      "type": "Feature",
      "id": 26876091,
      "geometry": {
        "type": "Polygon",
        "coordinates": [
          [
            [
              24.679361879825592,
              59.39768612114889
            ],
            [
              24.67940479516983,
              59.39760009758235
            ],
            [
              24.67941552400589,
              59.39757551942048
            ],
            [
              24.679428935050964,
              59.39754821035174
            ],
            [
              24.67949867248535,
              59.397407568647715
            ],
            [
              24.679512083530426,
              59.39738435593928
            ],
            [
              24.6795254945755,
              59.39735431596367
            ],
            [
              24.679592549800873,
              59.39721503971308
            ],
            [
              24.679605960845947,
              59.397189096097776
            ],
            [
              24.67961937189102,
              59.397159056122156
            ],
            [
              24.679691791534424,
              59.39701431805782
            ],
            [
              24.679697155952454,
              59.39700339443033
            ],
            [
              24.679713249206543,
              59.39697335445471
            ],
            [
              24.679785668849945,
              59.396824520030066
            ],
            [
              24.679791033267975,
              59.396813596402566
            ],
            [
              24.679807126522064,
              59.396778094613204
            ],
            [
              24.67987686395645,
              59.39663881836262
            ],
            [
              24.679890275001526,
              59.396610143840434
            ],
            [
              24.679933190345764,
              59.39652275482046
            ],
            [
              24.67980980873108,
              59.39650773483265
            ],
            [
              24.679710566997528,
              59.39649544575172
            ],
            [
              24.67914193868637,
              59.3976574466267
            ],
            [
              24.679361879825592,
              59.39768612114889
            ]
          ]
        ]
      },
      "properties": {
        "extrude": "true",
        "height": 30.0,
        "min_height": 0.0,
        "iso_3166_1": "EE",
        "type": "apartments",
        "underground": "false"
      }
    },
    {
      "type": "Feature",
      "id": 26876016,
      "geometry": {
        "type": "Polygon",
        "coordinates": [
          [
            [
              24.680595695972443,
              59.39784314829415
            ],
            [
              24.68063861131668,
              59.39775166291387
            ],
            [
              24.680646657943726,
              59.3977380083795
            ],
            [
              24.680657386779785,
              59.3977161611245
            ],
            [
              24.680732488632202,
              59.39756186488611
            ],
            [
              24.680745899677277,
              59.3975359212708
            ],
            [
              24.68082904815674,
              59.3973666050446
            ],
            [
              24.680834412574768,
              59.397352950510225
            ],
            [
              24.680842459201813,
              59.39733519961555
            ],
            [
              24.680920243263245,
              59.39718090337715
            ],
            [
              24.68092828989029,
              59.39716315248247
            ],
            [
              24.68093901872635,
              59.39714403613435
            ],
            [
              24.681014120578766,
              59.39698700898908
            ],
            [
              24.681024849414825,
              59.39696516173409
            ],
            [
              24.681035578250885,
              59.39694467993253
            ],
            [
              24.681107997894287,
              59.396797210961324
            ],
            [
              24.681116044521332,
              59.39677946006664
            ],
            [
              24.681124091148376,
              59.39676034371852
            ],
            [
              24.6811643242836,
              59.39667978196573
            ],
            [
              24.6810382604599,
              59.396664761977924
            ],
            [
              24.680947065353394,
              59.39665247289699
            ],
            [
              24.680378437042236,
              59.39781447377197
            ],
            [
              24.680595695972443,
              59.39784314829415
            ]
          ]
        ]
      },
      "properties": {
        "extrude": "true",
        "height": 30.0,
        "min_height": 0.0,
        "iso_3166_1": "EE",
        "type": "apartments",
        "underground": "false"
      }
    },
    {
      "type": "Feature",
      "id": 229913649,
      "geometry": {
        "type": "Polygon",
        "coordinates": [
          [
            [
              24.679050743579865,
              59.394766780798854
            ],
            [
              24.679042569219376,
              59.39477224352022
            ],
            [
              24.679007828235626,
              59.39479545622251
            ],
            [
              24.67891663312912,
              59.39478999440876
            ],
            [
              24.67888981103897,
              59.394852805266865
            ],
            [
              24.67929482460022,
              59.39490605795091
            ],
            [
              24.679335057735443,
              59.3949497524609
            ],
            [
              24.67926263809204,
              59.394974330622766
            ],
            [
              24.679117798805237,
              59.394960676088395
            ],
            [
              24.6792733669281,
              59.39512726140773
            ],
            [
              24.679603278636932,
              59.39516549410396
            ],
            [
              24.679718613624573,
              59.395179148638334
            ],
            [
              24.68202531337738,
              59.395449508418885
            ],
            [
              24.682186245918274,
              59.39546999022044
            ],
            [
              24.682500064373016,
              59.39538806301422
            ],
            [
              24.682355225086212,
              59.39536758121266
            ],
            [
              24.682301580905914,
              59.39531979034236
            ],
            [
              24.68239814043045,
              59.39529657763393
            ],
            [
              24.68252956867218,
              59.39531296307518
            ],
            [
              24.682352542877197,
              59.39516276319709
            ],
            [
              24.679418206214905,
              59.39481184166375
            ],
            [
              24.67909528453724,
              59.39477224351799
            ],
            [
              24.679050743579865,
              59.394766780798854
            ]
          ]
        ]
      },
      "properties": {
        "type": "garages",
        "height": 3.0,
        "extrude": "true",
        "min_height": 0.0,
        "iso_3166_1": "EE",
        "underground": "false"
      }
    },
    {
      "type": "Feature",
      "id": 26876062,
      "geometry": {
        "type": "Polygon",
        "coordinates": [
          [
            [
              24.678146839141846,
              59.39752772855018
            ],
            [
              24.678184390068054,
              59.39744580134395
            ],
            [
              24.678195118904114,
              59.39742531954239
            ],
            [
              24.678211212158203,
              59.397388452299595
            ],
            [
              24.67827558517456,
              59.39725190695588
            ],
            [
              24.678288996219635,
              59.3972232324337
            ],
            [
              24.67830240726471,
              59.39719592336496
            ],
            [
              24.678369462490082,
              59.39706074347468
            ],
            [
              24.67838019132614,
              59.39703616531282
            ],
            [
              24.678393602371216,
              59.3970061253372
            ],
            [
              24.678457975387573,
              59.39686821454005
            ],
            [
              24.678471386432648,
              59.39683954001787
            ],
            [
              24.678484797477722,
              59.396813596402566
            ],
            [
              24.67854917049408,
              59.39667705105885
            ],
            [
              24.67856526374817,
              59.39665110744355
            ],
            [
              24.678578674793243,
              59.3966197020145
            ],
            [
              24.6786430478096,
              59.39648452212422
            ],
            [
              24.67865377664566,
              59.39646130941579
            ],
            [
              24.67866986989975,
              59.39642307671955
            ],
            [
              24.678699374198914,
              59.396360265861446
            ],
            [
              24.678610861301422,
              59.39634934223395
            ],
            [
              24.678490161895752,
              59.396335687699576
            ],
            [
              24.67791348695755,
              59.397499054027996
            ],
            [
              24.678146839141846,
              59.39752772855018
            ]
          ]
        ]
      },
      "properties": {
        "extrude": "true",
        "height": 31.0,
        "min_height": 0.0,
        "iso_3166_1": "EE",
        "type": "apartments",
        "underground": "false"
      }
    },
    {
      "type": "Feature",
      "id": 26875903,
      "geometry": {
        "type": "Polygon",
        "coordinates": [
          [
            [
              24.67690497636795,
              59.397372066858345
            ],
            [
              24.676945209503174,
              59.397288774198685
            ],
            [
              24.676955938339233,
              59.397266926943686
            ],
            [
              24.676974713802338,
              59.397231425154324
            ],
            [
              24.677039086818695,
              59.39709624526405
            ],
            [
              24.67705249786377,
              59.39706893619531
            ],
            [
              24.67706859111786,
              59.39703889621969
            ],
            [
              24.677132964134216,
              59.39690371632942
            ],
            [
              24.67715173959732,
              59.396866849086614
            ],
            [
              24.67716246843338,
              59.39684636728506
            ],
            [
              24.677226841449738,
              59.39671255284822
            ],
            [
              24.677240252494812,
              59.396686609232916
            ],
            [
              24.6772563457489,
              59.396653838350424
            ],
            [
              24.67732071876526,
              59.396521389367024
            ],
            [
              24.677336812019348,
              59.39648998393797
            ],
            [
              24.677350223064423,
              59.396459943962356
            ],
            [
              24.67741459608078,
              59.39632886043239
            ],
            [
              24.67742532491684,
              59.39630974408427
            ],
            [
              24.67744678258896,
              59.39626604957428
            ],
            [
              24.677473604679108,
              59.39621006598336
            ],
            [
              24.677350223064423,
              59.396195045995555
            ],
            [
              24.6772563457489,
              59.39618275691462
            ],
            [
              24.677012264728546,
              59.396678416512295
            ],
            [
              24.67700958251953,
              59.39668524377948
            ],
            [
              24.676687717437744,
              59.397344757789604
            ],
            [
              24.67690497636795,
              59.397372066858345
            ]
          ]
        ]
      },
      "properties": {
        "extrude": "true",
        "height": 31.0,
        "min_height": 0.0,
        "iso_3166_1": "EE",
        "type": "apartments",
        "underground": "false"
      }
    },
    {
      "type": "Feature",
      "id": 26871401,
      "geometry": {
        "type": "Polygon",
        "coordinates": [
          [
            [
              24.679957330226898,
              59.39820226254812
            ],
            [
              24.679973423480988,
              59.3981722225725
            ],
            [
              24.679984152317047,
              59.39814900986407
            ],
            [
              24.679986834526062,
              59.398142182596885
            ],
            [
              24.680000245571136,
              59.39811487352814
            ],
            [
              24.68006193637848,
              59.39812170079532
            ],
            [
              24.680075347423553,
              59.398093026273145
            ],
            [
              24.680086076259613,
              59.39807527537846
            ],
            [
              24.680094122886658,
              59.39805752448378
            ],
            [
              24.680107533931732,
              59.39802748450816
            ],
            [
              24.680043160915375,
              59.398017926334106
            ],
            [
              24.680053889751434,
              59.39799607907911
            ],
            [
              24.679707884788513,
              59.39795101911569
            ],
            [
              24.67969983816147,
              59.39797013546381
            ],
            [
              24.6796515583992,
              59.39796467365006
            ],
            [
              24.67966228723526,
              59.39794555730194
            ],
            [
              24.679329693317413,
              59.39790322824538
            ],
            [
              24.679222404956818,
              59.39788684280414
            ],
            [
              24.67925190925598,
              59.39782676285291
            ],
            [
              24.679227769374847,
              59.39782403194604
            ],
            [
              24.679061472415924,
              59.39780218469104
            ],
            [
              24.679029285907745,
              59.39786226464227
            ],
            [
              24.679023921489716,
              59.39787318826977
            ],
            [
              24.678975641727448,
              59.397960577289744
            ],
            [
              24.678972959518433,
              59.39797013546381
            ],
            [
              24.67892199754715,
              59.398068448111275
            ],
            [
              24.67900514602661,
              59.39809575718002
            ],
            [
              24.679109752178192,
              59.39809439172658
            ],
            [
              24.679957330226898,
              59.39820226254812
            ]
          ]
        ]
      },
      "properties": {
        "extrude": "true",
        "height": 4.0,
        "min_height": 0.0,
        "iso_3166_1": "EE",
        "type": "apartments",
        "underground": "false"
      }
    },
    {
      "type": "Feature",
      "id": 1217088425,
      "geometry": {
        "type": "Polygon",
        "coordinates": [
          [
            [
              24.680233597755432,
              59.39809575718002
            ],
            [
              24.68024432659149,
              59.3980766408319
            ],
            [
              24.680094122886658,
              59.39805752448378
            ],
            [
              24.680086076259613,
              59.39807527537846
            ],
            [
              24.680233597755432,
              59.39809575718002
            ]
          ]
        ]
      },
      "properties": {
        "extrude": "true",
        "height": 13.5,
        "min_height": 7.0,
        "iso_3166_1": "EE",
        "type": "building:part",
        "underground": "false"
      }
    },
    {
      "type": "Feature",
      "id": 1217091928,
      "geometry": {
        "type": "Polygon",
        "coordinates": [
          [
            [
              24.678200483322144,
              59.397904593698826
            ],
            [
              24.678227305412292,
              59.3978486101079
            ],
            [
              24.677959084510803,
              59.39781310831854
            ],
            [
              24.677932262420654,
              59.397869091909456
            ],
            [
              24.678200483322144,
              59.397904593698826
            ]
          ]
        ]
      },
      "properties": {
        "type": "building:part",
        "extrude": "true",
        "height": 10.0,
        "min_height": 7.0,
        "iso_3166_1": "EE",
        "underground": "false",
        "building_id": 115023100
      }
    },
    {
      "type": "Feature",
      "id": 1217080636,
      "geometry": {
        "type": "Polygon",
        "coordinates": [
          [
            [
              24.67890053987503,
              59.398004271799735
            ],
            [
              24.678919315338135,
              59.39797013546381
            ],
            [
              24.678956866264343,
              59.397974231824115
            ],
            [
              24.678959548473358,
              59.397968770010365
            ],
            [
              24.678972959518433,
              59.39797013546381
            ],
            [
              24.678975641727448,
              59.397960577289744
            ],
            [
              24.679023921489716,
              59.39787318826977
            ],
            [
              24.678361415863037,
              59.3977898956101
            ],
            [
              24.67829167842865,
              59.39792644095382
            ],
            [
              24.67890053987503,
              59.398004271799735
            ]
          ]
        ]
      },
      "properties": {
        "type": "building:part",
        "extrude": "true",
        "height": 23.8,
        "min_height": 3.5,
        "iso_3166_1": "EE",
        "underground": "false",
        "building_id": 115023095
      }
    },
    {
      "type": "Feature",
      "id": 1217088423,
      "geometry": {
        "type": "Polygon",
        "coordinates": [
          [
            [
              24.67905879020691,
              59.398060255390654
            ],
            [
              24.679099023342133,
              59.39797832818443
            ],
            [
              24.6791473031044,
              59.397985155451615
            ],
            [
              24.679281413555145,
              59.3980029063463
            ],
            [
              24.679329693317413,
              59.39790322824538
            ],
            [
              24.679222404956818,
              59.39788684280414
            ],
            [
              24.679029285907745,
              59.39786226464227
            ],
            [
              24.679023921489716,
              59.39787318826977
            ],
            [
              24.678975641727448,
              59.397960577289744
            ],
            [
              24.679029285907745,
              59.39796740455693
            ],
            [
              24.678986370563507,
              59.39805206267003
            ],
            [
              24.67905879020691,
              59.398060255390654
            ]
          ]
        ]
      },
      "properties": {
        "type": "building:part",
        "extrude": "true",
        "height": 30.0,
        "min_height": 4.0,
        "iso_3166_1": "EE",
        "underground": "false",
        "building_id": 26871401
      }
    },
    {
      "type": "Feature",
      "id": 1217088424,
      "geometry": {
        "type": "Polygon",
        "coordinates": [
          [
            [
              24.679986834526062,
              59.398142182596885
            ],
            [
              24.680000245571136,
              59.39811487352814
            ],
            [
              24.68006193637848,
              59.39812170079532
            ],
            [
              24.680086076259613,
              59.39807527537846
            ],
            [
              24.680094122886658,
              59.39805752448378
            ],
            [
              24.680107533931732,
              59.39802748450816
            ],
            [
              24.680043160915375,
              59.398017926334106
            ],
            [
              24.680053889751434,
              59.39799607907911
            ],
            [
              24.679707884788513,
              59.39795101911569
            ],
            [
              24.67969983816147,
              59.39797013546381
            ],
            [
              24.6796515583992,
              59.39796467365006
            ],
            [
              24.67966228723526,
              59.39794555730194
            ],
            [
              24.679329693317413,
              59.39790322824538
            ],
            [
              24.679281413555145,
              59.3980029063463
            ],
            [
              24.6791473031044,
              59.397985155451615
            ],
            [
              24.67912584543228,
              59.39803158086848
            ],
            [
              24.679587185382843,
              59.39809029536627
            ],
            [
              24.679600596427917,
              59.39806708265784
            ],
            [
              24.679643511772156,
              59.39807254447159
            ],
            [
              24.679632782936096,
              59.39809575718002
            ],
            [
              24.679986834526062,
              59.398142182596885
            ]
          ]
        ]
      },
      "properties": {
        "type": "building:part",
        "extrude": "true",
        "height": 27.0,
        "min_height": 4.0,
        "iso_3166_1": "EE",
        "underground": "false",
        "building_id": 26871401
      }
    },
    {
      "type": "Feature",
      "id": 26876118,
      "geometry": {
        "type": "Polygon",
        "coordinates": [
          [
            [
              24.678972959518433,
              59.394710787967846
            ],
            [
              24.67900514602661,
              59.39463157859715
            ],
            [
              24.678903222084045,
              59.39462065316671
            ],
            [
              24.678871035575867,
              59.39470122821621
            ],
            [
              24.678972959518433,
              59.394710787967846
            ]
          ]
        ]
      },
      "properties": {
        "extrude": "true",
        "height": 4.0,
        "min_height": 0.0,
        "iso_3166_1": "EE",
        "type": "building",
        "underground": "false"
      }
    },
    {
      "type": "Feature",
      "id": 26875492,
      "geometry": {
        "type": "Polygon",
        "coordinates": [
          [
            [
              24.68115895986557,
              59.393697454294454
            ],
            [
              24.681167006492615,
              59.39361824492376
            ],
            [
              24.680992662906647,
              59.39361414788734
            ],
            [
              24.680987298488617,
              59.39365375257269
            ],
            [
              24.681073129177094,
              59.393655118251495
            ],
            [
              24.68107044696808,
              59.39369472293684
            ],
            [
              24.68115895986557,
              59.393697454294454
            ]
          ]
        ]
      },
      "properties": {
        "type": "ruins",
        "height": 3.0,
        "extrude": "true",
        "min_height": 0.0,
        "iso_3166_1": "EE",
        "underground": "false"
      }
    },
    {
      "type": "Feature",
      "id": 26875515,
      "geometry": {
        "type": "Polygon",
        "coordinates": [
          [
            [
              24.679023921489716,
              59.39385177599943
            ],
            [
              24.679208993911743,
              59.393414758781795
            ],
            [
              24.677478969097137,
              59.39322629510669
            ],
            [
              24.677422642707825,
              59.39335876595079
            ],
            [
              24.677347540855408,
              59.39353357283784
            ],
            [
              24.67729389667511,
              59.39366331232433
            ],
            [
              24.6779403090477,
              59.393732961943385
            ],
            [
              24.679023921489716,
              59.39385177599943
            ]
          ]
        ]
      },
      "properties": {
        "extrude": "true",
        "height": 10.0,
        "min_height": 0.0,
        "iso_3166_1": "EE",
        "type": "building",
        "underground": "false"
      }
    }
  ]
}